sample,shared_reads,total_reads_EBV,total_reads_HCMV,total_reads_HHV6B,total_reads_HHV7,total_reads_HSV1_KOS,total_reads_HSV2_StrainG,total_reads_KSHV,total_reads_VZV_Ellen,total_reads_combined_herpes_viruses,unique_to_EBV,unique_to_HCMV,unique_to_HHV6B,unique_to_HHV7,unique_to_HSV1_KOS,unique_to_HSV2_StrainG,unique_to_KSHV,unique_to_VZV_Ellen,unique_to_combined_herpes_viruses,virus_1,virus_2
SRR22753387,0,,0,,,,3,,,,,0,,,,3,,,,HSV2_StrainG,HCMV
SRR22753387,0,,,,,,3,,0,,,,,,,3,,0,,HSV2_StrainG,VZV_Ellen
SRR22753387,0,0,,,,,3,,,,0,,,,,3,,,,HSV2_StrainG,EBV
SRR22753387,0,,,,0,,3,,,,,,,0,,3,,,,HSV2_StrainG,HHV7
SRR22753387,0,,,,,,3,,,132,,,,,,3,,,132,HSV2_StrainG,combined_herpes_viruses
SRR22753387,1,,,2,,,3,,,,,,1,,,2,,,,HSV2_StrainG,HHV6B
SRR22753387,0,,,,,,3,3,,,,,,,,3,3,,,HSV2_StrainG,KSHV
SRR22753387,0,,,,,169,3,,,,,,,,169,3,,,,HSV2_StrainG,HSV1_KOS
SRR22753387,0,,0,,,,,,0,,,0,,,,,,0,,HCMV,VZV_Ellen
SRR22753387,0,0,0,,,,,,,,0,0,,,,,,,,HCMV,EBV
SRR22753387,0,,0,,0,,,,,,,0,,0,,,,,,HCMV,HHV7
SRR22753387,0,,0,,,,,,,132,,0,,,,,,,132,HCMV,combined_herpes_viruses
SRR22753387,0,,0,2,,,,,,,,0,2,,,,,,,HCMV,HHV6B
SRR22753387,0,,0,,,,,3,,,,0,,,,,3,,,HCMV,KSHV
SRR22753387,0,,0,,,169,,,,,,0,,,169,,,,,HCMV,HSV1_KOS
SRR22753387,0,0,,,,,,,0,,0,,,,,,,0,,VZV_Ellen,EBV
SRR22753387,0,,,,0,,,,0,,,,,0,,,,0,,VZV_Ellen,HHV7
SRR22753387,0,,,,,,,,0,132,,,,,,,,0,132,VZV_Ellen,combined_herpes_viruses
SRR22753387,0,,,2,,,,,0,,,,2,,,,,0,,VZV_Ellen,HHV6B
SRR22753387,0,,,,,,,3,0,,,,,,,,3,0,,VZV_Ellen,KSHV
SRR22753387,0,,,,,169,,,0,,,,,,169,,,0,,VZV_Ellen,HSV1_KOS
SRR22753387,0,0,,,0,,,,,,0,,,0,,,,,,EBV,HHV7
SRR22753387,0,0,,,,,,,,132,0,,,,,,,,132,EBV,combined_herpes_viruses
SRR22753387,0,0,,2,,,,,,,0,,2,,,,,,,EBV,HHV6B
SRR22753387,0,0,,,,,,3,,,0,,,,,,3,,,EBV,KSHV
SRR22753387,0,0,,,,169,,,,,0,,,,169,,,,,EBV,HSV1_KOS
SRR22753387,0,,,,0,,,,,132,,,,0,,,,,132,HHV7,combined_herpes_viruses
SRR22753387,0,,,2,0,,,,,,,,2,0,,,,,,HHV7,HHV6B
SRR22753387,0,,,,0,,,3,,,,,,0,,,3,,,HHV7,KSHV
SRR22753387,0,,,,0,169,,,,,,,,0,169,,,,,HHV7,HSV1_KOS
SRR22753387,0,,,2,,,,,,132,,,2,,,,,,132,combined_herpes_viruses,HHV6B
SRR22753387,0,,,,,,,3,,132,,,,,,,3,,132,combined_herpes_viruses,KSHV
SRR22753387,94,,,,,169,,,,132,,,,,75,,,,38,combined_herpes_viruses,HSV1_KOS
SRR22753387,0,,,2,,,,3,,,,,2,,,,3,,,HHV6B,KSHV
SRR22753387,0,,,2,,169,,,,,,,2,,169,,,,,HHV6B,HSV1_KOS
SRR22753387,0,,,,,169,,3,,,,,,,169,,3,,,KSHV,HSV1_KOS
SRR22753387,3,,,,,,3,,,,,,,,,0,,,,HSV2_StrainG,HSV2_StrainG
SRR22753387,0,,0,,,,,,,,,0,,,,,,,,HCMV,HCMV
SRR22753387,0,,,,,,,,0,,,,,,,,,0,,VZV_Ellen,VZV_Ellen
SRR22753387,0,0,,,,,,,,,0,,,,,,,,,EBV,EBV
SRR22753387,0,,,,0,,,,,,,,,0,,,,,,HHV7,HHV7
SRR22753387,132,,,,,,,,,132,,,,,,,,,0,combined_herpes_viruses,combined_herpes_viruses
SRR22753387,2,,,2,,,,,,,,,0,,,,,,,HHV6B,HHV6B
SRR22753387,3,,,,,,,3,,,,,,,,,0,,,KSHV,KSHV
SRR22753387,169,,,,,169,,,,,,,,,0,,,,,HSV1_KOS,HSV1_KOS
SRR22753413,0,0,,,,12,,,,,0,,,,12,,,,,HSV1_KOS,EBV
SRR22753413,0,,,,,12,,1,,,,,,,12,,1,,,HSV1_KOS,KSHV
SRR22753413,0,,,,0,12,,,,,,,,0,12,,,,,HSV1_KOS,HHV7
SRR22753413,0,,,,,12,3,,,,,,,,12,3,,,,HSV1_KOS,HSV2_StrainG
SRR22753413,0,,0,,,12,,,,,,0,,,12,,,,,HSV1_KOS,HCMV
SRR22753413,0,,,,,12,,,0,,,,,,12,,,0,,HSV1_KOS,VZV_Ellen
SRR22753413,0,,,0,,12,,,,,,,0,,12,,,,,HSV1_KOS,HHV6B
SRR22753413,9,,,,,12,,,,10,,,,,3,,,,1,HSV1_KOS,combined_herpes_viruses
SRR22753413,0,0,,,,,,1,,,0,,,,,,1,,,EBV,KSHV
SRR22753413,0,0,,,0,,,,,,0,,,0,,,,,,EBV,HHV7
SRR22753413,0,0,,,,,3,,,,0,,,,,3,,,,EBV,HSV2_StrainG
SRR22753413,0,0,0,,,,,,,,0,0,,,,,,,,EBV,HCMV
SRR22753413,0,0,,,,,,,0,,0,,,,,,,0,,EBV,VZV_Ellen
SRR22753413,0,0,,0,,,,,,,0,,0,,,,,,,EBV,HHV6B
SRR22753413,0,0,,,,,,,,10,0,,,,,,,,10,EBV,combined_herpes_viruses
SRR22753413,0,,,,0,,,1,,,,,,0,,,1,,,KSHV,HHV7
SRR22753413,0,,,,,,3,1,,,,,,,,3,1,,,KSHV,HSV2_StrainG
SRR22753413,0,,0,,,,,1,,,,0,,,,,1,,,KSHV,HCMV
SRR22753413,0,,,,,,,1,0,,,,,,,,1,0,,KSHV,VZV_Ellen
SRR22753413,0,,,0,,,,1,,,,,0,,,,1,,,KSHV,HHV6B
SRR22753413,0,,,,,,,1,,10,,,,,,,1,,10,KSHV,combined_herpes_viruses
SRR22753413,0,,,,0,,3,,,,,,,0,,3,,,,HHV7,HSV2_StrainG
SRR22753413,0,,0,,0,,,,,,,0,,0,,,,,,HHV7,HCMV
SRR22753413,0,,,,0,,,,0,,,,,0,,,,0,,HHV7,VZV_Ellen
SRR22753413,0,,,0,0,,,,,,,,0,0,,,,,,HHV7,HHV6B
SRR22753413,0,,,,0,,,,,10,,,,0,,,,,10,HHV7,combined_herpes_viruses
SRR22753413,0,,0,,,,3,,,,,0,,,,3,,,,HSV2_StrainG,HCMV
SRR22753413,0,,,,,,3,,0,,,,,,,3,,0,,HSV2_StrainG,VZV_Ellen
SRR22753413,0,,,0,,,3,,,,,,0,,,3,,,,HSV2_StrainG,HHV6B
SRR22753413,0,,,,,,3,,,10,,,,,,3,,,10,HSV2_StrainG,combined_herpes_viruses
SRR22753413,0,,0,,,,,,0,,,0,,,,,,0,,HCMV,VZV_Ellen
SRR22753413,0,,0,0,,,,,,,,0,0,,,,,,,HCMV,HHV6B
SRR22753413,0,,0,,,,,,,10,,0,,,,,,,10,HCMV,combined_herpes_viruses
SRR22753413,0,,,0,,,,,0,,,,0,,,,,0,,VZV_Ellen,HHV6B
SRR22753413,0,,,,,,,,0,10,,,,,,,,0,10,VZV_Ellen,combined_herpes_viruses
SRR22753413,0,,,0,,,,,,10,,,0,,,,,,10,HHV6B,combined_herpes_viruses
SRR22753413,12,,,,,12,,,,,,,,,0,,,,,HSV1_KOS,HSV1_KOS
SRR22753413,0,0,,,,,,,,,0,,,,,,,,,EBV,EBV
SRR22753413,1,,,,,,,1,,,,,,,,,0,,,KSHV,KSHV
SRR22753413,0,,,,0,,,,,,,,,0,,,,,,HHV7,HHV7
SRR22753413,3,,,,,,3,,,,,,,,,0,,,,HSV2_StrainG,HSV2_StrainG
SRR22753413,0,,0,,,,,,,,,0,,,,,,,,HCMV,HCMV
SRR22753413,0,,,,,,,,0,,,,,,,,,0,,VZV_Ellen,VZV_Ellen
SRR22753413,0,,,0,,,,,,,,,0,,,,,,,HHV6B,HHV6B
SRR22753413,10,,,,,,,,,10,,,,,,,,,0,combined_herpes_viruses,combined_herpes_viruses
SRR22753391,0,,,,,,,1,,104,,,,,,,1,,104,KSHV,combined_herpes_viruses
SRR22753391,0,,,,,,4,1,,,,,,,,4,1,,,KSHV,HSV2_StrainG
SRR22753391,0,,,,0,,,1,,,,,,0,,,1,,,KSHV,HHV7
SRR22753391,0,,,2,,,,1,,,,,2,,,,1,,,KSHV,HHV6B
SRR22753391,0,,,,,127,,1,,,,,,,127,,1,,,KSHV,HSV1_KOS
SRR22753391,0,,0,,,,,1,,,,0,,,,,1,,,KSHV,HCMV
SRR22753391,0,,,,,,,1,0,,,,,,,,1,0,,KSHV,VZV_Ellen
SRR22753391,0,0,,,,,,1,,,0,,,,,,1,,,KSHV,EBV
SRR22753391,0,,,,,,4,,,104,,,,,,4,,,104,combined_herpes_viruses,HSV2_StrainG
SRR22753391,0,,,,0,,,,,104,,,,0,,,,,104,combined_herpes_viruses,HHV7
SRR22753391,1,,,2,,,,,,104,,,1,,,,,,103,combined_herpes_viruses,HHV6B
SRR22753391,84,,,,,127,,,,104,,,,,43,,,,20,combined_herpes_viruses,HSV1_KOS
SRR22753391,0,,0,,,,,,,104,,0,,,,,,,104,combined_herpes_viruses,HCMV
SRR22753391,0,,,,,,,,0,104,,,,,,,,0,104,combined_herpes_viruses,VZV_Ellen
SRR22753391,0,0,,,,,,,,104,0,,,,,,,,104,combined_herpes_viruses,EBV
SRR22753391,0,,,,0,,4,,,,,,,0,,4,,,,HSV2_StrainG,HHV7
SRR22753391,0,,,2,,,4,,,,,,2,,,4,,,,HSV2_StrainG,HHV6B
SRR22753391,0,,,,,127,4,,,,,,,,127,4,,,,HSV2_StrainG,HSV1_KOS
SRR22753391,0,,0,,,,4,,,,,0,,,,4,,,,HSV2_StrainG,HCMV
SRR22753391,0,,,,,,4,,0,,,,,,,4,,0,,HSV2_StrainG,VZV_Ellen
SRR22753391,0,0,,,,,4,,,,0,,,,,4,,,,HSV2_StrainG,EBV
SRR22753391,0,,,2,0,,,,,,,,2,0,,,,,,HHV7,HHV6B
SRR22753391,0,,,,0,127,,,,,,,,0,127,,,,,HHV7,HSV1_KOS
SRR22753391,0,,0,,0,,,,,,,0,,0,,,,,,HHV7,HCMV
SRR22753391,0,,,,0,,,,0,,,,,0,,,,0,,HHV7,VZV_Ellen
SRR22753391,0,0,,,0,,,,,,0,,,0,,,,,,HHV7,EBV
SRR22753391,0,,,2,,127,,,,,,,2,,127,,,,,HHV6B,HSV1_KOS
SRR22753391,0,,0,2,,,,,,,,0,2,,,,,,,HHV6B,HCMV
SRR22753391,0,,,2,,,,,0,,,,2,,,,,0,,HHV6B,VZV_Ellen
SRR22753391,0,0,,2,,,,,,,0,,2,,,,,,,HHV6B,EBV
SRR22753391,0,,0,,,127,,,,,,0,,,127,,,,,HSV1_KOS,HCMV
SRR22753391,0,,,,,127,,,0,,,,,,127,,,0,,HSV1_KOS,VZV_Ellen
SRR22753391,0,0,,,,127,,,,,0,,,,127,,,,,HSV1_KOS,EBV
SRR22753391,0,,0,,,,,,0,,,0,,,,,,0,,HCMV,VZV_Ellen
SRR22753391,0,0,0,,,,,,,,0,0,,,,,,,,HCMV,EBV
SRR22753391,0,0,,,,,,,0,,0,,,,,,,0,,VZV_Ellen,EBV
SRR22753391,1,,,,,,,1,,,,,,,,,0,,,KSHV,KSHV
SRR22753391,104,,,,,,,,,104,,,,,,,,,0,combined_herpes_viruses,combined_herpes_viruses
SRR22753391,4,,,,,,4,,,,,,,,,0,,,,HSV2_StrainG,HSV2_StrainG
SRR22753391,0,,,,0,,,,,,,,,0,,,,,,HHV7,HHV7
SRR22753391,2,,,2,,,,,,,,,0,,,,,,,HHV6B,HHV6B
SRR22753391,127,,,,,127,,,,,,,,,0,,,,,HSV1_KOS,HSV1_KOS
SRR22753391,0,,0,,,,,,,,,0,,,,,,,,HCMV,HCMV
SRR22753391,0,,,,,,,,0,,,,,,,,,0,,VZV_Ellen,VZV_Ellen
SRR22753391,0,0,,,,,,,,,0,,,,,,,,,EBV,EBV
SRR22753449,0,0,,,,,,5,,,0,,,,,,5,,,KSHV,EBV
SRR22753449,0,,,,,,1,5,,,,,,,,1,5,,,KSHV,HSV2_StrainG
SRR22753449,0,,,,,5,,5,,,,,,,5,,5,,,KSHV,HSV1_KOS
SRR22753449,0,,,0,,,,5,,,,,0,,,,5,,,KSHV,HHV6B
SRR22753449,0,,,,,,,5,0,,,,,,,,5,0,,KSHV,VZV_Ellen
SRR22753449,0,,,,1,,,5,,,,,,1,,,5,,,KSHV,HHV7
SRR22753449,0,,0,,,,,5,,,,0,,,,,5,,,KSHV,HCMV
SRR22753449,1,,,,,,,5,,8,,,,,,,4,,7,KSHV,combined_herpes_viruses
SRR22753449,0,0,,,,,1,,,,0,,,,,1,,,,EBV,HSV2_StrainG
SRR22753449,0,0,,,,5,,,,,0,,,,5,,,,,EBV,HSV1_KOS
SRR22753449,0,0,,0,,,,,,,0,,0,,,,,,,EBV,HHV6B
SRR22753449,0,0,,,,,,,0,,0,,,,,,,0,,EBV,VZV_Ellen
SRR22753449,0,0,,,1,,,,,,0,,,1,,,,,,EBV,HHV7
SRR22753449,0,0,0,,,,,,,,0,0,,,,,,,,EBV,HCMV
SRR22753449,0,0,,,,,,,,8,0,,,,,,,,8,EBV,combined_herpes_viruses
SRR22753449,0,,,,,5,1,,,,,,,,5,1,,,,HSV2_StrainG,HSV1_KOS
SRR22753449,0,,,0,,,1,,,,,,0,,,1,,,,HSV2_StrainG,HHV6B
SRR22753449,0,,,,,,1,,0,,,,,,,1,,0,,HSV2_StrainG,VZV_Ellen
SRR22753449,0,,,,1,,1,,,,,,,1,,1,,,,HSV2_StrainG,HHV7
SRR22753449,0,,0,,,,1,,,,,0,,,,1,,,,HSV2_StrainG,HCMV
SRR22753449,0,,,,,,1,,,8,,,,,,1,,,8,HSV2_StrainG,combined_herpes_viruses
SRR22753449,0,,,0,,5,,,,,,,0,,5,,,,,HSV1_KOS,HHV6B
SRR22753449,0,,,,,5,,,0,,,,,,5,,,0,,HSV1_KOS,VZV_Ellen
SRR22753449,0,,,,1,5,,,,,,,,1,5,,,,,HSV1_KOS,HHV7
SRR22753449,0,,0,,,5,,,,,,0,,,5,,,,,HSV1_KOS,HCMV
SRR22753449,3,,,,,5,,,,8,,,,,2,,,,5,HSV1_KOS,combined_herpes_viruses
SRR22753449,0,,,0,,,,,0,,,,0,,,,,0,,HHV6B,VZV_Ellen
SRR22753449,0,,,0,1,,,,,,,,0,1,,,,,,HHV6B,HHV7
SRR22753449,0,,0,0,,,,,,,,0,0,,,,,,,HHV6B,HCMV
SRR22753449,0,,,0,,,,,,8,,,0,,,,,,8,HHV6B,combined_herpes_viruses
SRR22753449,0,,,,1,,,,0,,,,,1,,,,0,,VZV_Ellen,HHV7
SRR22753449,0,,0,,,,,,0,,,0,,,,,,0,,VZV_Ellen,HCMV
SRR22753449,0,,,,,,,,0,8,,,,,,,,0,8,VZV_Ellen,combined_herpes_viruses
SRR22753449,0,,0,,1,,,,,,,0,,1,,,,,,HHV7,HCMV
SRR22753449,1,,,,1,,,,,8,,,,0,,,,,7,HHV7,combined_herpes_viruses
SRR22753449,0,,0,,,,,,,8,,0,,,,,,,8,HCMV,combined_herpes_viruses
SRR22753449,5,,,,,,,5,,,,,,,,,0,,,KSHV,KSHV
SRR22753449,0,0,,,,,,,,,0,,,,,,,,,EBV,EBV
SRR22753449,1,,,,,,1,,,,,,,,,0,,,,HSV2_StrainG,HSV2_StrainG
SRR22753449,5,,,,,5,,,,,,,,,0,,,,,HSV1_KOS,HSV1_KOS
SRR22753449,0,,,0,,,,,,,,,0,,,,,,,HHV6B,HHV6B
SRR22753449,0,,,,,,,,0,,,,,,,,,0,,VZV_Ellen,VZV_Ellen
SRR22753449,1,,,,1,,,,,,,,,0,,,,,,HHV7,HHV7
SRR22753449,0,,0,,,,,,,,,0,,,,,,,,HCMV,HCMV
SRR22753449,8,,,,,,,,,8,,,,,,,,,0,combined_herpes_viruses,combined_herpes_viruses
SRR22753407,0,,,0,,,,5,,,,,0,,,,5,,,KSHV,HHV6B
SRR22753407,0,,1,,,,,5,,,,1,,,,,5,,,KSHV,HCMV
SRR22753407,0,,,,0,,,5,,,,,,0,,,5,,,KSHV,HHV7
SRR22753407,0,,,,,,3,5,,,,,,,,3,5,,,KSHV,HSV2_StrainG
SRR22753407,0,,,,,267,,5,,,,,,,267,,5,,,KSHV,HSV1_KOS
SRR22753407,0,,,,,,,5,0,,,,,,,,5,0,,KSHV,VZV_Ellen
SRR22753407,0,,,,,,,5,,202,,,,,,,5,,202,KSHV,combined_herpes_viruses
SRR22753407,0,0,,,,,,5,,,0,,,,,,5,,,KSHV,EBV
SRR22753407,0,,1,0,,,,,,,,1,0,,,,,,,HHV6B,HCMV
SRR22753407,0,,,0,0,,,,,,,,0,0,,,,,,HHV6B,HHV7
SRR22753407,0,,,0,,,3,,,,,,0,,,3,,,,HHV6B,HSV2_StrainG
SRR22753407,0,,,0,,267,,,,,,,0,,267,,,,,HHV6B,HSV1_KOS
SRR22753407,0,,,0,,,,,0,,,,0,,,,,0,,HHV6B,VZV_Ellen
SRR22753407,0,,,0,,,,,,202,,,0,,,,,,202,HHV6B,combined_herpes_viruses
SRR22753407,0,0,,0,,,,,,,0,,0,,,,,,,HHV6B,EBV
SRR22753407,0,,1,,0,,,,,,,1,,0,,,,,,HCMV,HHV7
SRR22753407,0,,1,,,,3,,,,,1,,,,3,,,,HCMV,HSV2_StrainG
SRR22753407,0,,1,,,267,,,,,,1,,,267,,,,,HCMV,HSV1_KOS
SRR22753407,0,,1,,,,,,0,,,1,,,,,,0,,HCMV,VZV_Ellen
SRR22753407,0,,1,,,,,,,202,,1,,,,,,,202,HCMV,combined_herpes_viruses
SRR22753407,0,0,1,,,,,,,,0,1,,,,,,,,HCMV,EBV
SRR22753407,0,,,,0,,3,,,,,,,0,,3,,,,HHV7,HSV2_StrainG
SRR22753407,0,,,,0,267,,,,,,,,0,267,,,,,HHV7,HSV1_KOS
SRR22753407,0,,,,0,,,,0,,,,,0,,,,0,,HHV7,VZV_Ellen
SRR22753407,0,,,,0,,,,,202,,,,0,,,,,202,HHV7,combined_herpes_viruses
SRR22753407,0,0,,,0,,,,,,0,,,0,,,,,,HHV7,EBV
SRR22753407,0,,,,,267,3,,,,,,,,267,3,,,,HSV2_StrainG,HSV1_KOS
SRR22753407,0,,,,,,3,,0,,,,,,,3,,0,,HSV2_StrainG,VZV_Ellen
SRR22753407,0,,,,,,3,,,202,,,,,,3,,,202,HSV2_StrainG,combined_herpes_viruses
SRR22753407,0,0,,,,,3,,,,0,,,,,3,,,,HSV2_StrainG,EBV
SRR22753407,0,,,,,267,,,0,,,,,,267,,,0,,HSV1_KOS,VZV_Ellen
SRR22753407,154,,,,,267,,,,202,,,,,113,,,,48,HSV1_KOS,combined_herpes_viruses
SRR22753407,0,0,,,,267,,,,,0,,,,267,,,,,HSV1_KOS,EBV
SRR22753407,0,,,,,,,,0,202,,,,,,,,0,202,VZV_Ellen,combined_herpes_viruses
SRR22753407,0,0,,,,,,,0,,0,,,,,,,0,,VZV_Ellen,EBV
SRR22753407,0,0,,,,,,,,202,0,,,,,,,,202,combined_herpes_viruses,EBV
SRR22753407,5,,,,,,,5,,,,,,,,,0,,,KSHV,KSHV
SRR22753407,0,,,0,,,,,,,,,0,,,,,,,HHV6B,HHV6B
SRR22753407,1,,1,,,,,,,,,0,,,,,,,,HCMV,HCMV
SRR22753407,0,,,,0,,,,,,,,,0,,,,,,HHV7,HHV7
SRR22753407,3,,,,,,3,,,,,,,,,0,,,,HSV2_StrainG,HSV2_StrainG
SRR22753407,267,,,,,267,,,,,,,,,0,,,,,HSV1_KOS,HSV1_KOS
SRR22753407,0,,,,,,,,0,,,,,,,,,0,,VZV_Ellen,VZV_Ellen
SRR22753407,202,,,,,,,,,202,,,,,,,,,0,combined_herpes_viruses,combined_herpes_viruses
SRR22753407,0,0,,,,,,,,,0,,,,,,,,,EBV,EBV
SRR22753481,0,0,,,,,,,,24,0,,,,,,,,24,EBV,combined_herpes_viruses
SRR22753481,0,0,0,,,,,,,,0,0,,,,,,,,EBV,HCMV
SRR22753481,0,0,,,,,51,,,,0,,,,,51,,,,EBV,HSV2_StrainG
SRR22753481,0,0,,,0,,,,,,0,,,0,,,,,,EBV,HHV7
SRR22753481,0,0,,,,,,44,,,0,,,,,,44,,,EBV,KSHV
SRR22753481,0,0,,,,22,,,,,0,,,,22,,,,,EBV,HSV1_KOS
SRR22753481,0,0,,,,,,,0,,0,,,,,,,0,,EBV,VZV_Ellen
SRR22753481,0,0,,0,,,,,,,0,,0,,,,,,,EBV,HHV6B
SRR22753481,0,,0,,,,,,,24,,0,,,,,,,24,combined_herpes_viruses,HCMV
SRR22753481,1,,,,,,51,,,24,,,,,,50,,,23,combined_herpes_viruses,HSV2_StrainG
SRR22753481,0,,,,0,,,,,24,,,,0,,,,,24,combined_herpes_viruses,HHV7
SRR22753481,7,,,,,,,44,,24,,,,,,,37,,17,combined_herpes_viruses,KSHV
SRR22753481,9,,,,,22,,,,24,,,,,13,,,,15,combined_herpes_viruses,HSV1_KOS
SRR22753481,0,,,,,,,,0,24,,,,,,,,0,24,combined_herpes_viruses,VZV_Ellen
SRR22753481,0,,,0,,,,,,24,,,0,,,,,,24,combined_herpes_viruses,HHV6B
SRR22753481,0,,0,,,,51,,,,,0,,,,51,,,,HCMV,HSV2_StrainG
SRR22753481,0,,0,,0,,,,,,,0,,0,,,,,,HCMV,HHV7
SRR22753481,0,,0,,,,,44,,,,0,,,,,44,,,HCMV,KSHV
SRR22753481,0,,0,,,22,,,,,,0,,,22,,,,,HCMV,HSV1_KOS
SRR22753481,0,,0,,,,,,0,,,0,,,,,,0,,HCMV,VZV_Ellen
SRR22753481,0,,0,0,,,,,,,,0,0,,,,,,,HCMV,HHV6B
SRR22753481,0,,,,0,,51,,,,,,,0,,51,,,,HSV2_StrainG,HHV7
SRR22753481,0,,,,,,51,44,,,,,,,,51,44,,,HSV2_StrainG,KSHV
SRR22753481,0,,,,,22,51,,,,,,,,22,51,,,,HSV2_StrainG,HSV1_KOS
SRR22753481,0,,,,,,51,,0,,,,,,,51,,0,,HSV2_StrainG,VZV_Ellen
SRR22753481,0,,,0,,,51,,,,,,0,,,51,,,,HSV2_StrainG,HHV6B
SRR22753481,0,,,,0,,,44,,,,,,0,,,44,,,HHV7,KSHV
SRR22753481,0,,,,0,22,,,,,,,,0,22,,,,,HHV7,HSV1_KOS
SRR22753481,0,,,,0,,,,0,,,,,0,,,,0,,HHV7,VZV_Ellen
SRR22753481,0,,,0,0,,,,,,,,0,0,,,,,,HHV7,HHV6B
SRR22753481,0,,,,,22,,44,,,,,,,22,,44,,,KSHV,HSV1_KOS
SRR22753481,0,,,,,,,44,0,,,,,,,,44,0,,KSHV,VZV_Ellen
SRR22753481,0,,,0,,,,44,,,,,0,,,,44,,,KSHV,HHV6B
SRR22753481,0,,,,,22,,,0,,,,,,22,,,0,,HSV1_KOS,VZV_Ellen
SRR22753481,0,,,0,,22,,,,,,,0,,22,,,,,HSV1_KOS,HHV6B
SRR22753481,0,,,0,,,,,0,,,,0,,,,,0,,VZV_Ellen,HHV6B
SRR22753481,0,0,,,,,,,,,0,,,,,,,,,EBV,EBV
SRR22753481,24,,,,,,,,,24,,,,,,,,,0,combined_herpes_viruses,combined_herpes_viruses
SRR22753481,0,,0,,,,,,,,,0,,,,,,,,HCMV,HCMV
SRR22753481,51,,,,,,51,,,,,,,,,0,,,,HSV2_StrainG,HSV2_StrainG
SRR22753481,0,,,,0,,,,,,,,,0,,,,,,HHV7,HHV7
SRR22753481,44,,,,,,,44,,,,,,,,,0,,,KSHV,KSHV
SRR22753481,22,,,,,22,,,,,,,,,0,,,,,HSV1_KOS,HSV1_KOS
SRR22753481,0,,,,,,,,0,,,,,,,,,0,,VZV_Ellen,VZV_Ellen
SRR22753481,0,,,0,,,,,,,,,0,,,,,,,HHV6B,HHV6B
SRR22753497,0,0,,,,,,,0,,0,,,,,,,0,,VZV_Ellen,EBV
SRR22753497,0,,,,0,,,,0,,,,,0,,,,0,,VZV_Ellen,HHV7
SRR22753497,0,,,,,,,,0,10,,,,,,,,0,10,VZV_Ellen,combined_herpes_viruses
SRR22753497,0,,,,,,,13,0,,,,,,,,13,0,,VZV_Ellen,KSHV
SRR22753497,0,,,2,,,,,0,,,,2,,,,,0,,VZV_Ellen,HHV6B
SRR22753497,0,,,,,8,,,0,,,,,,8,,,0,,VZV_Ellen,HSV1_KOS
SRR22753497,0,,,,,,7,,0,,,,,,,7,,0,,VZV_Ellen,HSV2_StrainG
SRR22753497,0,,0,,,,,,0,,,0,,,,,,0,,VZV_Ellen,HCMV
SRR22753497,0,0,,,0,,,,,,0,,,0,,,,,,EBV,HHV7
SRR22753497,0,0,,,,,,,,10,0,,,,,,,,10,EBV,combined_herpes_viruses
SRR22753497,0,0,,,,,,13,,,0,,,,,,13,,,EBV,KSHV
SRR22753497,0,0,,2,,,,,,,0,,2,,,,,,,EBV,HHV6B
SRR22753497,0,0,,,,8,,,,,0,,,,8,,,,,EBV,HSV1_KOS
SRR22753497,0,0,,,,,7,,,,0,,,,,7,,,,EBV,HSV2_StrainG
SRR22753497,0,0,0,,,,,,,,0,0,,,,,,,,EBV,HCMV
SRR22753497,0,,,,0,,,,,10,,,,0,,,,,10,HHV7,combined_herpes_viruses
SRR22753497,0,,,,0,,,13,,,,,,0,,,13,,,HHV7,KSHV
SRR22753497,0,,,2,0,,,,,,,,2,0,,,,,,HHV7,HHV6B
SRR22753497,0,,,,0,8,,,,,,,,0,8,,,,,HHV7,HSV1_KOS
SRR22753497,0,,,,0,,7,,,,,,,0,,7,,,,HHV7,HSV2_StrainG
SRR22753497,0,,0,,0,,,,,,,0,,0,,,,,,HHV7,HCMV
SRR22753497,2,,,,,,,13,,10,,,,,,,11,,8,combined_herpes_viruses,KSHV
SRR22753497,1,,,2,,,,,,10,,,1,,,,,,9,combined_herpes_viruses,HHV6B
SRR22753497,5,,,,,8,,,,10,,,,,3,,,,5,combined_herpes_viruses,HSV1_KOS
SRR22753497,1,,,,,,7,,,10,,,,,,6,,,9,combined_herpes_viruses,HSV2_StrainG
SRR22753497,0,,0,,,,,,,10,,0,,,,,,,10,combined_herpes_viruses,HCMV
SRR22753497,2,,,2,,,,13,,,,,0,,,,11,,,KSHV,HHV6B
SRR22753497,0,,,,,8,,13,,,,,,,8,,13,,,KSHV,HSV1_KOS
SRR22753497,2,,,,,,7,13,,,,,,,,5,11,,,KSHV,HSV2_StrainG
SRR22753497,0,,0,,,,,13,,,,0,,,,,13,,,KSHV,HCMV
SRR22753497,0,,,2,,8,,,,,,,2,,8,,,,,HHV6B,HSV1_KOS
SRR22753497,2,,,2,,,7,,,,,,0,,,5,,,,HHV6B,HSV2_StrainG
SRR22753497,0,,0,2,,,,,,,,0,2,,,,,,,HHV6B,HCMV
SRR22753497,0,,,,,8,7,,,,,,,,8,7,,,,HSV1_KOS,HSV2_StrainG
SRR22753497,0,,0,,,8,,,,,,0,,,8,,,,,HSV1_KOS,HCMV
SRR22753497,0,,0,,,,7,,,,,0,,,,7,,,,HSV2_StrainG,HCMV
SRR22753497,0,,,,,,,,0,,,,,,,,,0,,VZV_Ellen,VZV_Ellen
SRR22753497,0,0,,,,,,,,,0,,,,,,,,,EBV,EBV
SRR22753497,0,,,,0,,,,,,,,,0,,,,,,HHV7,HHV7
SRR22753497,10,,,,,,,,,10,,,,,,,,,0,combined_herpes_viruses,combined_herpes_viruses
SRR22753497,13,,,,,,,13,,,,,,,,,0,,,KSHV,KSHV
SRR22753497,2,,,2,,,,,,,,,0,,,,,,,HHV6B,HHV6B
SRR22753497,8,,,,,8,,,,,,,,,0,,,,,HSV1_KOS,HSV1_KOS
SRR22753497,7,,,,,,7,,,,,,,,,0,,,,HSV2_StrainG,HSV2_StrainG
SRR22753497,0,,0,,,,,,,,,0,,,,,,,,HCMV,HCMV
SRR22753424,0,,,0,,,1,,,,,,0,,,1,,,,HSV2_StrainG,HHV6B
SRR22753424,0,,0,,,,1,,,,,0,,,,1,,,,HSV2_StrainG,HCMV
SRR22753424,0,,,,,10,1,,,,,,,,10,1,,,,HSV2_StrainG,HSV1_KOS
SRR22753424,0,,,,,,1,,0,,,,,,,1,,0,,HSV2_StrainG,VZV_Ellen
SRR22753424,0,,,,,,1,2,,,,,,,,1,2,,,HSV2_StrainG,KSHV
SRR22753424,0,,,,0,,1,,,,,,,0,,1,,,,HSV2_StrainG,HHV7
SRR22753424,0,0,,,,,1,,,,0,,,,,1,,,,HSV2_StrainG,EBV
SRR22753424,0,,,,,,1,,,5,,,,,,1,,,5,HSV2_StrainG,combined_herpes_viruses
SRR22753424,0,,0,0,,,,,,,,0,0,,,,,,,HHV6B,HCMV
SRR22753424,0,,,0,,10,,,,,,,0,,10,,,,,HHV6B,HSV1_KOS
SRR22753424,0,,,0,,,,,0,,,,0,,,,,0,,HHV6B,VZV_Ellen
SRR22753424,0,,,0,,,,2,,,,,0,,,,2,,,HHV6B,KSHV
SRR22753424,0,,,0,0,,,,,,,,0,0,,,,,,HHV6B,HHV7
SRR22753424,0,0,,0,,,,,,,0,,0,,,,,,,HHV6B,EBV
SRR22753424,0,,,0,,,,,,5,,,0,,,,,,5,HHV6B,combined_herpes_viruses
SRR22753424,0,,0,,,10,,,,,,0,,,10,,,,,HCMV,HSV1_KOS
SRR22753424,0,,0,,,,,,0,,,0,,,,,,0,,HCMV,VZV_Ellen
SRR22753424,0,,0,,,,,2,,,,0,,,,,2,,,HCMV,KSHV
SRR22753424,0,,0,,0,,,,,,,0,,0,,,,,,HCMV,HHV7
SRR22753424,0,0,0,,,,,,,,0,0,,,,,,,,HCMV,EBV
SRR22753424,0,,0,,,,,,,5,,0,,,,,,,5,HCMV,combined_herpes_viruses
SRR22753424,0,,,,,10,,,0,,,,,,10,,,0,,HSV1_KOS,VZV_Ellen
SRR22753424,0,,,,,10,,2,,,,,,,10,,2,,,HSV1_KOS,KSHV
SRR22753424,0,,,,0,10,,,,,,,,0,10,,,,,HSV1_KOS,HHV7
SRR22753424,0,0,,,,10,,,,,0,,,,10,,,,,HSV1_KOS,EBV
SRR22753424,4,,,,,10,,,,5,,,,,6,,,,1,HSV1_KOS,combined_herpes_viruses
SRR22753424,0,,,,,,,2,0,,,,,,,,2,0,,VZV_Ellen,KSHV
SRR22753424,0,,,,0,,,,0,,,,,0,,,,0,,VZV_Ellen,HHV7
SRR22753424,0,0,,,,,,,0,,0,,,,,,,0,,VZV_Ellen,EBV
SRR22753424,0,,,,,,,,0,5,,,,,,,,0,5,VZV_Ellen,combined_herpes_viruses
SRR22753424,0,,,,0,,,2,,,,,,0,,,2,,,KSHV,HHV7
SRR22753424,0,0,,,,,,2,,,0,,,,,,2,,,KSHV,EBV
SRR22753424,0,,,,,,,2,,5,,,,,,,2,,5,KSHV,combined_herpes_viruses
SRR22753424,0,0,,,0,,,,,,0,,,0,,,,,,HHV7,EBV
SRR22753424,0,,,,0,,,,,5,,,,0,,,,,5,HHV7,combined_herpes_viruses
SRR22753424,0,0,,,,,,,,5,0,,,,,,,,5,EBV,combined_herpes_viruses
SRR22753424,1,,,,,,1,,,,,,,,,0,,,,HSV2_StrainG,HSV2_StrainG
SRR22753424,0,,,0,,,,,,,,,0,,,,,,,HHV6B,HHV6B
SRR22753424,0,,0,,,,,,,,,0,,,,,,,,HCMV,HCMV
SRR22753424,10,,,,,10,,,,,,,,,0,,,,,HSV1_KOS,HSV1_KOS
SRR22753424,0,,,,,,,,0,,,,,,,,,0,,VZV_Ellen,VZV_Ellen
SRR22753424,2,,,,,,,2,,,,,,,,,0,,,KSHV,KSHV
SRR22753424,0,,,,0,,,,,,,,,0,,,,,,HHV7,HHV7
SRR22753424,0,0,,,,,,,,,0,,,,,,,,,EBV,EBV
SRR22753424,5,,,,,,,,,5,,,,,,,,,0,combined_herpes_viruses,combined_herpes_viruses
SRR22753457,0,0,0,,,,,,,,0,0,,,,,,,,HCMV,EBV
SRR22753457,0,,0,,,,,7,,,,0,,,,,7,,,HCMV,KSHV
SRR22753457,0,,0,,,,,,,130,,0,,,,,,,130,HCMV,combined_herpes_viruses
SRR22753457,0,,0,,,,1,,,,,0,,,,1,,,,HCMV,HSV2_StrainG
SRR22753457,0,,0,,,153,,,,,,0,,,153,,,,,HCMV,HSV1_KOS
SRR22753457,0,,0,2,,,,,,,,0,2,,,,,,,HCMV,HHV6B
SRR22753457,0,,0,,,,,,0,,,0,,,,,,0,,HCMV,VZV_Ellen
SRR22753457,0,,0,,0,,,,,,,0,,0,,,,,,HCMV,HHV7
SRR22753457,0,0,,,,,,7,,,0,,,,,,7,,,EBV,KSHV
SRR22753457,0,0,,,,,,,,130,0,,,,,,,,130,EBV,combined_herpes_viruses
SRR22753457,0,0,,,,,1,,,,0,,,,,1,,,,EBV,HSV2_StrainG
SRR22753457,0,0,,,,153,,,,,0,,,,153,,,,,EBV,HSV1_KOS
SRR22753457,0,0,,2,,,,,,,0,,2,,,,,,,EBV,HHV6B
SRR22753457,0,0,,,,,,,0,,0,,,,,,,0,,EBV,VZV_Ellen
SRR22753457,0,0,,,0,,,,,,0,,,0,,,,,,EBV,HHV7
SRR22753457,1,,,,,,,7,,130,,,,,,,6,,129,KSHV,combined_herpes_viruses
SRR22753457,0,,,,,,1,7,,,,,,,,1,7,,,KSHV,HSV2_StrainG
SRR22753457,0,,,,,153,,7,,,,,,,153,,7,,,KSHV,HSV1_KOS
SRR22753457,0,,,2,,,,7,,,,,2,,,,7,,,KSHV,HHV6B
SRR22753457,0,,,,,,,7,0,,,,,,,,7,0,,KSHV,VZV_Ellen
SRR22753457,0,,,,0,,,7,,,,,,0,,,7,,,KSHV,HHV7
SRR22753457,0,,,,,,1,,,130,,,,,,1,,,130,combined_herpes_viruses,HSV2_StrainG
SRR22753457,104,,,,,153,,,,130,,,,,49,,,,26,combined_herpes_viruses,HSV1_KOS
SRR22753457,0,,,2,,,,,,130,,,2,,,,,,130,combined_herpes_viruses,HHV6B
SRR22753457,0,,,,,,,,0,130,,,,,,,,0,130,combined_herpes_viruses,VZV_Ellen
SRR22753457,0,,,,0,,,,,130,,,,0,,,,,130,combined_herpes_viruses,HHV7
SRR22753457,0,,,,,153,1,,,,,,,,153,1,,,,HSV2_StrainG,HSV1_KOS
SRR22753457,0,,,2,,,1,,,,,,2,,,1,,,,HSV2_StrainG,HHV6B
SRR22753457,0,,,,,,1,,0,,,,,,,1,,0,,HSV2_StrainG,VZV_Ellen
SRR22753457,0,,,,0,,1,,,,,,,0,,1,,,,HSV2_StrainG,HHV7
SRR22753457,0,,,2,,153,,,,,,,2,,153,,,,,HSV1_KOS,HHV6B
SRR22753457,0,,,,,153,,,0,,,,,,153,,,0,,HSV1_KOS,VZV_Ellen
SRR22753457,0,,,,0,153,,,,,,,,0,153,,,,,HSV1_KOS,HHV7
SRR22753457,0,,,2,,,,,0,,,,2,,,,,0,,HHV6B,VZV_Ellen
SRR22753457,0,,,2,0,,,,,,,,2,0,,,,,,HHV6B,HHV7
SRR22753457,0,,,,0,,,,0,,,,,0,,,,0,,VZV_Ellen,HHV7
SRR22753457,0,,0,,,,,,,,,0,,,,,,,,HCMV,HCMV
SRR22753457,0,0,,,,,,,,,0,,,,,,,,,EBV,EBV
SRR22753457,7,,,,,,,7,,,,,,,,,0,,,KSHV,KSHV
SRR22753457,130,,,,,,,,,130,,,,,,,,,0,combined_herpes_viruses,combined_herpes_viruses
SRR22753457,1,,,,,,1,,,,,,,,,0,,,,HSV2_StrainG,HSV2_StrainG
SRR22753457,153,,,,,153,,,,,,,,,0,,,,,HSV1_KOS,HSV1_KOS
SRR22753457,2,,,2,,,,,,,,,0,,,,,,,HHV6B,HHV6B
SRR22753457,0,,,,,,,,0,,,,,,,,,0,,VZV_Ellen,VZV_Ellen
SRR22753457,0,,,,0,,,,,,,,,0,,,,,,HHV7,HHV7
SRR22753552,0,,0,,,2,,,,,,0,,,2,,,,,HSV1_KOS,HCMV
SRR22753552,0,,,,,2,,7,,,,,,,2,,7,,,HSV1_KOS,KSHV
SRR22753552,0,0,,,,2,,,,,0,,,,2,,,,,HSV1_KOS,EBV
SRR22753552,0,,,,,2,7,,,,,,,,2,7,,,,HSV1_KOS,HSV2_StrainG
SRR22753552,0,,,0,,2,,,,,,,0,,2,,,,,HSV1_KOS,HHV6B
SRR22753552,0,,,,0,2,,,,,,,,0,2,,,,,HSV1_KOS,HHV7
SRR22753552,0,,,,,2,,,0,,,,,,2,,,0,,HSV1_KOS,VZV_Ellen
SRR22753552,0,,,,,2,,,,1,,,,,2,,,,1,HSV1_KOS,combined_herpes_viruses
SRR22753552,0,,0,,,,,7,,,,0,,,,,7,,,HCMV,KSHV
SRR22753552,0,0,0,,,,,,,,0,0,,,,,,,,HCMV,EBV
SRR22753552,0,,0,,,,7,,,,,0,,,,7,,,,HCMV,HSV2_StrainG
SRR22753552,0,,0,0,,,,,,,,0,0,,,,,,,HCMV,HHV6B
SRR22753552,0,,0,,0,,,,,,,0,,0,,,,,,HCMV,HHV7
SRR22753552,0,,0,,,,,,0,,,0,,,,,,0,,HCMV,VZV_Ellen
SRR22753552,0,,0,,,,,,,1,,0,,,,,,,1,HCMV,combined_herpes_viruses
SRR22753552,0,0,,,,,,7,,,0,,,,,,7,,,KSHV,EBV
SRR22753552,0,,,,,,7,7,,,,,,,,7,7,,,KSHV,HSV2_StrainG
SRR22753552,0,,,0,,,,7,,,,,0,,,,7,,,KSHV,HHV6B
SRR22753552,0,,,,0,,,7,,,,,,0,,,7,,,KSHV,HHV7
SRR22753552,0,,,,,,,7,0,,,,,,,,7,0,,KSHV,VZV_Ellen
SRR22753552,0,,,,,,,7,,1,,,,,,,7,,1,KSHV,combined_herpes_viruses
SRR22753552,0,0,,,,,7,,,,0,,,,,7,,,,EBV,HSV2_StrainG
SRR22753552,0,0,,0,,,,,,,0,,0,,,,,,,EBV,HHV6B
SRR22753552,0,0,,,0,,,,,,0,,,0,,,,,,EBV,HHV7
SRR22753552,0,0,,,,,,,0,,0,,,,,,,0,,EBV,VZV_Ellen
SRR22753552,0,0,,,,,,,,1,0,,,,,,,,1,EBV,combined_herpes_viruses
SRR22753552,0,,,0,,,7,,,,,,0,,,7,,,,HSV2_StrainG,HHV6B
SRR22753552,0,,,,0,,7,,,,,,,0,,7,,,,HSV2_StrainG,HHV7
SRR22753552,0,,,,,,7,,0,,,,,,,7,,0,,HSV2_StrainG,VZV_Ellen
SRR22753552,0,,,,,,7,,,1,,,,,,7,,,1,HSV2_StrainG,combined_herpes_viruses
SRR22753552,0,,,0,0,,,,,,,,0,0,,,,,,HHV6B,HHV7
SRR22753552,0,,,0,,,,,0,,,,0,,,,,0,,HHV6B,VZV_Ellen
SRR22753552,0,,,0,,,,,,1,,,0,,,,,,1,HHV6B,combined_herpes_viruses
SRR22753552,0,,,,0,,,,0,,,,,0,,,,0,,HHV7,VZV_Ellen
SRR22753552,0,,,,0,,,,,1,,,,0,,,,,1,HHV7,combined_herpes_viruses
SRR22753552,0,,,,,,,,0,1,,,,,,,,0,1,VZV_Ellen,combined_herpes_viruses
SRR22753552,2,,,,,2,,,,,,,,,0,,,,,HSV1_KOS,HSV1_KOS
SRR22753552,0,,0,,,,,,,,,0,,,,,,,,HCMV,HCMV
SRR22753552,7,,,,,,,7,,,,,,,,,0,,,KSHV,KSHV
SRR22753552,0,0,,,,,,,,,0,,,,,,,,,EBV,EBV
SRR22753552,7,,,,,,7,,,,,,,,,0,,,,HSV2_StrainG,HSV2_StrainG
SRR22753552,0,,,0,,,,,,,,,0,,,,,,,HHV6B,HHV6B
SRR22753552,0,,,,0,,,,,,,,,0,,,,,,HHV7,HHV7
SRR22753552,0,,,,,,,,0,,,,,,,,,0,,VZV_Ellen,VZV_Ellen
SRR22753552,1,,,,,,,,,1,,,,,,,,,0,combined_herpes_viruses,combined_herpes_viruses
SRR22753453,0,,,,0,13,,,,,,,,0,13,,,,,HHV7,HSV1_KOS
SRR22753453,0,0,,,0,,,,,,0,,,0,,,,,,HHV7,EBV
SRR22753453,0,,,,0,,,,0,,,,,0,,,,0,,HHV7,VZV_Ellen
SRR22753453,0,,0,,0,,,,,,,0,,0,,,,,,HHV7,HCMV
SRR22753453,0,,,,0,,,,,7,,,,0,,,,,7,HHV7,combined_herpes_viruses
SRR22753453,0,,,,0,,,6,,,,,,0,,,6,,,HHV7,KSHV
SRR22753453,0,,,0,0,,,,,,,,0,0,,,,,,HHV7,HHV6B
SRR22753453,0,,,,0,,2,,,,,,,0,,2,,,,HHV7,HSV2_StrainG
SRR22753453,0,0,,,,13,,,,,0,,,,13,,,,,HSV1_KOS,EBV
SRR22753453,0,,,,,13,,,0,,,,,,13,,,0,,HSV1_KOS,VZV_Ellen
SRR22753453,0,,0,,,13,,,,,,0,,,13,,,,,HSV1_KOS,HCMV
SRR22753453,3,,,,,13,,,,7,,,,,10,,,,4,HSV1_KOS,combined_herpes_viruses
SRR22753453,0,,,,,13,,6,,,,,,,13,,6,,,HSV1_KOS,KSHV
SRR22753453,0,,,0,,13,,,,,,,0,,13,,,,,HSV1_KOS,HHV6B
SRR22753453,0,,,,,13,2,,,,,,,,13,2,,,,HSV1_KOS,HSV2_StrainG
SRR22753453,0,0,,,,,,,0,,0,,,,,,,0,,EBV,VZV_Ellen
SRR22753453,0,0,0,,,,,,,,0,0,,,,,,,,EBV,HCMV
SRR22753453,0,0,,,,,,,,7,0,,,,,,,,7,EBV,combined_herpes_viruses
SRR22753453,0,0,,,,,,6,,,0,,,,,,6,,,EBV,KSHV
SRR22753453,0,0,,0,,,,,,,0,,0,,,,,,,EBV,HHV6B
SRR22753453,0,0,,,,,2,,,,0,,,,,2,,,,EBV,HSV2_StrainG
SRR22753453,0,,0,,,,,,0,,,0,,,,,,0,,VZV_Ellen,HCMV
SRR22753453,0,,,,,,,,0,7,,,,,,,,0,7,VZV_Ellen,combined_herpes_viruses
SRR22753453,0,,,,,,,6,0,,,,,,,,6,0,,VZV_Ellen,KSHV
SRR22753453,0,,,0,,,,,0,,,,0,,,,,0,,VZV_Ellen,HHV6B
SRR22753453,0,,,,,,2,,0,,,,,,,2,,0,,VZV_Ellen,HSV2_StrainG
SRR22753453,0,,0,,,,,,,7,,0,,,,,,,7,HCMV,combined_herpes_viruses
SRR22753453,0,,0,,,,,6,,,,0,,,,,6,,,HCMV,KSHV
SRR22753453,0,,0,0,,,,,,,,0,0,,,,,,,HCMV,HHV6B
SRR22753453,0,,0,,,,2,,,,,0,,,,2,,,,HCMV,HSV2_StrainG
SRR22753453,1,,,,,,,6,,7,,,,,,,5,,6,combined_herpes_viruses,KSHV
SRR22753453,0,,,0,,,,,,7,,,0,,,,,,7,combined_herpes_viruses,HHV6B
SRR22753453,0,,,,,,2,,,7,,,,,,2,,,7,combined_herpes_viruses,HSV2_StrainG
SRR22753453,0,,,0,,,,6,,,,,0,,,,6,,,KSHV,HHV6B
SRR22753453,0,,,,,,2,6,,,,,,,,2,6,,,KSHV,HSV2_StrainG
SRR22753453,0,,,0,,,2,,,,,,0,,,2,,,,HHV6B,HSV2_StrainG
SRR22753453,0,,,,0,,,,,,,,,0,,,,,,HHV7,HHV7
SRR22753453,13,,,,,13,,,,,,,,,0,,,,,HSV1_KOS,HSV1_KOS
SRR22753453,0,0,,,,,,,,,0,,,,,,,,,EBV,EBV
SRR22753453,0,,,,,,,,0,,,,,,,,,0,,VZV_Ellen,VZV_Ellen
SRR22753453,0,,0,,,,,,,,,0,,,,,,,,HCMV,HCMV
SRR22753453,7,,,,,,,,,7,,,,,,,,,0,combined_herpes_viruses,combined_herpes_viruses
SRR22753453,6,,,,,,,6,,,,,,,,,0,,,KSHV,KSHV
SRR22753453,0,,,0,,,,,,,,,0,,,,,,,HHV6B,HHV6B
SRR22753453,2,,,,,,2,,,,,,,,,0,,,,HSV2_StrainG,HSV2_StrainG
SRR22753468,0,,,,0,,,,0,,,,,0,,,,0,,VZV_Ellen,HHV7
SRR22753468,0,,,,,300,,,0,,,,,,300,,,0,,VZV_Ellen,HSV1_KOS
SRR22753468,0,6,,,,,,,0,,6,,,,,,,0,,VZV_Ellen,EBV
SRR22753468,0,,,1,,,,,0,,,,1,,,,,0,,VZV_Ellen,HHV6B
SRR22753468,0,,,,,,,1,0,,,,,,,,1,0,,VZV_Ellen,KSHV
SRR22753468,0,,,,,,,,0,228,,,,,,,,0,228,VZV_Ellen,combined_herpes_viruses
SRR22753468,0,,,,,,0,,0,,,,,,,0,,0,,VZV_Ellen,HSV2_StrainG
SRR22753468,0,,0,,,,,,0,,,0,,,,,,0,,VZV_Ellen,HCMV
SRR22753468,0,,,,0,300,,,,,,,,0,300,,,,,HHV7,HSV1_KOS
SRR22753468,0,6,,,0,,,,,,6,,,0,,,,,,HHV7,EBV
SRR22753468,0,,,1,0,,,,,,,,1,0,,,,,,HHV7,HHV6B
SRR22753468,0,,,,0,,,1,,,,,,0,,,1,,,HHV7,KSHV
SRR22753468,0,,,,0,,,,,228,,,,0,,,,,228,HHV7,combined_herpes_viruses
SRR22753468,0,,,,0,,0,,,,,,,0,,0,,,,HHV7,HSV2_StrainG
SRR22753468,0,,0,,0,,,,,,,0,,0,,,,,,HHV7,HCMV
SRR22753468,0,6,,,,300,,,,,6,,,,300,,,,,HSV1_KOS,EBV
SRR22753468,0,,,1,,300,,,,,,,1,,300,,,,,HSV1_KOS,HHV6B
SRR22753468,0,,,,,300,,1,,,,,,,300,,1,,,HSV1_KOS,KSHV
SRR22753468,171,,,,,300,,,,228,,,,,129,,,,57,HSV1_KOS,combined_herpes_viruses
SRR22753468,0,,,,,300,0,,,,,,,,300,0,,,,HSV1_KOS,HSV2_StrainG
SRR22753468,0,,0,,,300,,,,,,0,,,300,,,,,HSV1_KOS,HCMV
SRR22753468,0,6,,1,,,,,,,6,,1,,,,,,,EBV,HHV6B
SRR22753468,0,6,,,,,,1,,,6,,,,,,1,,,EBV,KSHV
SRR22753468,6,6,,,,,,,,228,0,,,,,,,,222,EBV,combined_herpes_viruses
SRR22753468,0,6,,,,,0,,,,6,,,,,0,,,,EBV,HSV2_StrainG
SRR22753468,0,6,0,,,,,,,,6,0,,,,,,,,EBV,HCMV
SRR22753468,0,,,1,,,,1,,,,,1,,,,1,,,HHV6B,KSHV
SRR22753468,0,,,1,,,,,,228,,,1,,,,,,228,HHV6B,combined_herpes_viruses
SRR22753468,0,,,1,,,0,,,,,,1,,,0,,,,HHV6B,HSV2_StrainG
SRR22753468,0,,0,1,,,,,,,,0,1,,,,,,,HHV6B,HCMV
SRR22753468,0,,,,,,,1,,228,,,,,,,1,,228,KSHV,combined_herpes_viruses
SRR22753468,0,,,,,,0,1,,,,,,,,0,1,,,KSHV,HSV2_StrainG
SRR22753468,0,,0,,,,,1,,,,0,,,,,1,,,KSHV,HCMV
SRR22753468,0,,,,,,0,,,228,,,,,,0,,,228,combined_herpes_viruses,HSV2_StrainG
SRR22753468,0,,0,,,,,,,228,,0,,,,,,,228,combined_herpes_viruses,HCMV
SRR22753468,0,,0,,,,0,,,,,0,,,,0,,,,HSV2_StrainG,HCMV
SRR22753468,0,,,,,,,,0,,,,,,,,,0,,VZV_Ellen,VZV_Ellen
SRR22753468,0,,,,0,,,,,,,,,0,,,,,,HHV7,HHV7
SRR22753468,300,,,,,300,,,,,,,,,0,,,,,HSV1_KOS,HSV1_KOS
SRR22753468,6,6,,,,,,,,,0,,,,,,,,,EBV,EBV
SRR22753468,1,,,1,,,,,,,,,0,,,,,,,HHV6B,HHV6B
SRR22753468,1,,,,,,,1,,,,,,,,,0,,,KSHV,KSHV
SRR22753468,228,,,,,,,,,228,,,,,,,,,0,combined_herpes_viruses,combined_herpes_viruses
SRR22753468,0,,,,,,0,,,,,,,,,0,,,,HSV2_StrainG,HSV2_StrainG
SRR22753468,0,,0,,,,,,,,,0,,,,,,,,HCMV,HCMV
SRR22753425,0,,,,,10,0,,,,,,,,10,0,,,,HSV1_KOS,HSV2_StrainG
SRR22753425,0,,1,,,10,,,,,,1,,,10,,,,,HSV1_KOS,HCMV
SRR22753425,0,,,,0,10,,,,,,,,0,10,,,,,HSV1_KOS,HHV7
SRR22753425,0,0,,,,10,,,,,0,,,,10,,,,,HSV1_KOS,EBV
SRR22753425,4,,,,,10,,,,7,,,,,6,,,,3,HSV1_KOS,combined_herpes_viruses
SRR22753425,0,,,,,10,,2,,,,,,,10,,2,,,HSV1_KOS,KSHV
SRR22753425,0,,,0,,10,,,,,,,0,,10,,,,,HSV1_KOS,HHV6B
SRR22753425,0,,,,,10,,,0,,,,,,10,,,0,,HSV1_KOS,VZV_Ellen
SRR22753425,0,,1,,,,0,,,,,1,,,,0,,,,HSV2_StrainG,HCMV
SRR22753425,0,,,,0,,0,,,,,,,0,,0,,,,HSV2_StrainG,HHV7
SRR22753425,0,0,,,,,0,,,,0,,,,,0,,,,HSV2_StrainG,EBV
SRR22753425,0,,,,,,0,,,7,,,,,,0,,,7,HSV2_StrainG,combined_herpes_viruses
SRR22753425,0,,,,,,0,2,,,,,,,,0,2,,,HSV2_StrainG,KSHV
SRR22753425,0,,,0,,,0,,,,,,0,,,0,,,,HSV2_StrainG,HHV6B
SRR22753425,0,,,,,,0,,0,,,,,,,0,,0,,HSV2_StrainG,VZV_Ellen
SRR22753425,0,,1,,0,,,,,,,1,,0,,,,,,HCMV,HHV7
SRR22753425,0,0,1,,,,,,,,0,1,,,,,,,,HCMV,EBV
SRR22753425,0,,1,,,,,,,7,,1,,,,,,,7,HCMV,combined_herpes_viruses
SRR22753425,0,,1,,,,,2,,,,1,,,,,2,,,HCMV,KSHV
SRR22753425,0,,1,0,,,,,,,,1,0,,,,,,,HCMV,HHV6B
SRR22753425,0,,1,,,,,,0,,,1,,,,,,0,,HCMV,VZV_Ellen
SRR22753425,0,0,,,0,,,,,,0,,,0,,,,,,HHV7,EBV
SRR22753425,0,,,,0,,,,,7,,,,0,,,,,7,HHV7,combined_herpes_viruses
SRR22753425,0,,,,0,,,2,,,,,,0,,,2,,,HHV7,KSHV
SRR22753425,0,,,0,0,,,,,,,,0,0,,,,,,HHV7,HHV6B
SRR22753425,0,,,,0,,,,0,,,,,0,,,,0,,HHV7,VZV_Ellen
SRR22753425,0,0,,,,,,,,7,0,,,,,,,,7,EBV,combined_herpes_viruses
SRR22753425,0,0,,,,,,2,,,0,,,,,,2,,,EBV,KSHV
SRR22753425,0,0,,0,,,,,,,0,,0,,,,,,,EBV,HHV6B
SRR22753425,0,0,,,,,,,0,,0,,,,,,,0,,EBV,VZV_Ellen
SRR22753425,1,,,,,,,2,,7,,,,,,,1,,6,combined_herpes_viruses,KSHV
SRR22753425,0,,,0,,,,,,7,,,0,,,,,,7,combined_herpes_viruses,HHV6B
SRR22753425,0,,,,,,,,0,7,,,,,,,,0,7,combined_herpes_viruses,VZV_Ellen
SRR22753425,0,,,0,,,,2,,,,,0,,,,2,,,KSHV,HHV6B
SRR22753425,0,,,,,,,2,0,,,,,,,,2,0,,KSHV,VZV_Ellen
SRR22753425,0,,,0,,,,,0,,,,0,,,,,0,,HHV6B,VZV_Ellen
SRR22753425,10,,,,,10,,,,,,,,,0,,,,,HSV1_KOS,HSV1_KOS
SRR22753425,0,,,,,,0,,,,,,,,,0,,,,HSV2_StrainG,HSV2_StrainG
SRR22753425,1,,1,,,,,,,,,0,,,,,,,,HCMV,HCMV
SRR22753425,0,,,,0,,,,,,,,,0,,,,,,HHV7,HHV7
SRR22753425,0,0,,,,,,,,,0,,,,,,,,,EBV,EBV
SRR22753425,7,,,,,,,,,7,,,,,,,,,0,combined_herpes_viruses,combined_herpes_viruses
SRR22753425,2,,,,,,,2,,,,,,,,,0,,,KSHV,KSHV
SRR22753425,0,,,0,,,,,,,,,0,,,,,,,HHV6B,HHV6B
SRR22753425,0,,,,,,,,0,,,,,,,,,0,,VZV_Ellen,VZV_Ellen
SRR22753463,33,,,,,62,,,,49,,,,,29,,,,16,HSV1_KOS,combined_herpes_viruses
SRR22753463,0,5,,,,62,,,,,5,,,,62,,,,,HSV1_KOS,EBV
SRR22753463,0,,,,,62,,,1,,,,,,62,,,1,,HSV1_KOS,VZV_Ellen
SRR22753463,0,,,1,,62,,,,,,,1,,62,,,,,HSV1_KOS,HHV6B
SRR22753463,0,,3,,,62,,,,,,3,,,62,,,,,HSV1_KOS,HCMV
SRR22753463,0,,,,,62,1,,,,,,,,62,1,,,,HSV1_KOS,HSV2_StrainG
SRR22753463,0,,,,0,62,,,,,,,,0,62,,,,,HSV1_KOS,HHV7
SRR22753463,0,,,,,62,,2,,,,,,,62,,2,,,HSV1_KOS,KSHV
SRR22753463,4,5,,,,,,,,49,1,,,,,,,,45,combined_herpes_viruses,EBV
SRR22753463,0,,,,,,,,1,49,,,,,,,,1,49,combined_herpes_viruses,VZV_Ellen
SRR22753463,1,,,1,,,,,,49,,,0,,,,,,48,combined_herpes_viruses,HHV6B
SRR22753463,3,,3,,,,,,,49,,0,,,,,,,46,combined_herpes_viruses,HCMV
SRR22753463,1,,,,,,1,,,49,,,,,,0,,,48,combined_herpes_viruses,HSV2_StrainG
SRR22753463,0,,,,0,,,,,49,,,,0,,,,,49,combined_herpes_viruses,HHV7
SRR22753463,1,,,,,,,2,,49,,,,,,,1,,48,combined_herpes_viruses,KSHV
SRR22753463,0,5,,,,,,,1,,5,,,,,,,1,,EBV,VZV_Ellen
SRR22753463,0,5,,1,,,,,,,5,,1,,,,,,,EBV,HHV6B
SRR22753463,0,5,3,,,,,,,,5,3,,,,,,,,EBV,HCMV
SRR22753463,0,5,,,,,1,,,,5,,,,,1,,,,EBV,HSV2_StrainG
SRR22753463,0,5,,,0,,,,,,5,,,0,,,,,,EBV,HHV7
SRR22753463,0,5,,,,,,2,,,5,,,,,,2,,,EBV,KSHV
SRR22753463,0,,,1,,,,,1,,,,1,,,,,1,,VZV_Ellen,HHV6B
SRR22753463,0,,3,,,,,,1,,,3,,,,,,1,,VZV_Ellen,HCMV
SRR22753463,0,,,,,,1,,1,,,,,,,1,,1,,VZV_Ellen,HSV2_StrainG
SRR22753463,0,,,,0,,,,1,,,,,0,,,,1,,VZV_Ellen,HHV7
SRR22753463,0,,,,,,,2,1,,,,,,,,2,1,,VZV_Ellen,KSHV
SRR22753463,0,,3,1,,,,,,,,3,1,,,,,,,HHV6B,HCMV
SRR22753463,1,,,1,,,1,,,,,,0,,,0,,,,HHV6B,HSV2_StrainG
SRR22753463,0,,,1,0,,,,,,,,1,0,,,,,,HHV6B,HHV7
SRR22753463,0,,,1,,,,2,,,,,1,,,,2,,,HHV6B,KSHV
SRR22753463,0,,3,,,,1,,,,,3,,,,1,,,,HCMV,HSV2_StrainG
SRR22753463,0,,3,,0,,,,,,,3,,0,,,,,,HCMV,HHV7
SRR22753463,0,,3,,,,,2,,,,3,,,,,2,,,HCMV,KSHV
SRR22753463,0,,,,0,,1,,,,,,,0,,1,,,,HSV2_StrainG,HHV7
SRR22753463,0,,,,,,1,2,,,,,,,,1,2,,,HSV2_StrainG,KSHV
SRR22753463,0,,,,0,,,2,,,,,,0,,,2,,,HHV7,KSHV
SRR22753463,62,,,,,62,,,,,,,,,0,,,,,HSV1_KOS,HSV1_KOS
SRR22753463,49,,,,,,,,,49,,,,,,,,,0,combined_herpes_viruses,combined_herpes_viruses
SRR22753463,5,5,,,,,,,,,0,,,,,,,,,EBV,EBV
SRR22753463,1,,,,,,,,1,,,,,,,,,0,,VZV_Ellen,VZV_Ellen
SRR22753463,1,,,1,,,,,,,,,0,,,,,,,HHV6B,HHV6B
SRR22753463,3,,3,,,,,,,,,0,,,,,,,,HCMV,HCMV
SRR22753463,1,,,,,,1,,,,,,,,,0,,,,HSV2_StrainG,HSV2_StrainG
SRR22753463,0,,,,0,,,,,,,,,0,,,,,,HHV7,HHV7
SRR22753463,2,,,,,,,2,,,,,,,,,0,,,KSHV,KSHV
SRR22753374,0,,0,,,,4,,,,,0,,,,4,,,,HSV2_StrainG,HCMV
SRR22753374,0,,,,,,4,3,,,,,,,,4,3,,,HSV2_StrainG,KSHV
SRR22753374,0,,,,,41,4,,,,,,,,41,4,,,,HSV2_StrainG,HSV1_KOS
SRR22753374,0,,,,,,4,,,22,,,,,,4,,,22,HSV2_StrainG,combined_herpes_viruses
SRR22753374,0,,,,0,,4,,,,,,,0,,4,,,,HSV2_StrainG,HHV7
SRR22753374,0,,,,,,4,,0,,,,,,,4,,0,,HSV2_StrainG,VZV_Ellen
SRR22753374,0,0,,,,,4,,,,0,,,,,4,,,,HSV2_StrainG,EBV
SRR22753374,0,,,1,,,4,,,,,,1,,,4,,,,HSV2_StrainG,HHV6B
SRR22753374,0,,0,,,,,3,,,,0,,,,,3,,,HCMV,KSHV
SRR22753374,0,,0,,,41,,,,,,0,,,41,,,,,HCMV,HSV1_KOS
SRR22753374,0,,0,,,,,,,22,,0,,,,,,,22,HCMV,combined_herpes_viruses
SRR22753374,0,,0,,0,,,,,,,0,,0,,,,,,HCMV,HHV7
SRR22753374,0,,0,,,,,,0,,,0,,,,,,0,,HCMV,VZV_Ellen
SRR22753374,0,0,0,,,,,,,,0,0,,,,,,,,HCMV,EBV
SRR22753374,0,,0,1,,,,,,,,0,1,,,,,,,HCMV,HHV6B
SRR22753374,0,,,,,41,,3,,,,,,,41,,3,,,KSHV,HSV1_KOS
SRR22753374,0,,,,,,,3,,22,,,,,,,3,,22,KSHV,combined_herpes_viruses
SRR22753374,0,,,,0,,,3,,,,,,0,,,3,,,KSHV,HHV7
SRR22753374,0,,,,,,,3,0,,,,,,,,3,0,,KSHV,VZV_Ellen
SRR22753374,0,0,,,,,,3,,,0,,,,,,3,,,KSHV,EBV
SRR22753374,1,,,1,,,,3,,,,,0,,,,2,,,KSHV,HHV6B
SRR22753374,16,,,,,41,,,,22,,,,,25,,,,6,HSV1_KOS,combined_herpes_viruses
SRR22753374,0,,,,0,41,,,,,,,,0,41,,,,,HSV1_KOS,HHV7
SRR22753374,0,,,,,41,,,0,,,,,,41,,,0,,HSV1_KOS,VZV_Ellen
SRR22753374,0,0,,,,41,,,,,0,,,,41,,,,,HSV1_KOS,EBV
SRR22753374,0,,,1,,41,,,,,,,1,,41,,,,,HSV1_KOS,HHV6B
SRR22753374,0,,,,0,,,,,22,,,,0,,,,,22,combined_herpes_viruses,HHV7
SRR22753374,0,,,,,,,,0,22,,,,,,,,0,22,combined_herpes_viruses,VZV_Ellen
SRR22753374,0,0,,,,,,,,22,0,,,,,,,,22,combined_herpes_viruses,EBV
SRR22753374,0,,,1,,,,,,22,,,1,,,,,,22,combined_herpes_viruses,HHV6B
SRR22753374,0,,,,0,,,,0,,,,,0,,,,0,,HHV7,VZV_Ellen
SRR22753374,0,0,,,0,,,,,,0,,,0,,,,,,HHV7,EBV
SRR22753374,0,,,1,0,,,,,,,,1,0,,,,,,HHV7,HHV6B
SRR22753374,0,0,,,,,,,0,,0,,,,,,,0,,VZV_Ellen,EBV
SRR22753374,0,,,1,,,,,0,,,,1,,,,,0,,VZV_Ellen,HHV6B
SRR22753374,0,0,,1,,,,,,,0,,1,,,,,,,EBV,HHV6B
SRR22753374,4,,,,,,4,,,,,,,,,0,,,,HSV2_StrainG,HSV2_StrainG
SRR22753374,0,,0,,,,,,,,,0,,,,,,,,HCMV,HCMV
SRR22753374,3,,,,,,,3,,,,,,,,,0,,,KSHV,KSHV
SRR22753374,41,,,,,41,,,,,,,,,0,,,,,HSV1_KOS,HSV1_KOS
SRR22753374,22,,,,,,,,,22,,,,,,,,,0,combined_herpes_viruses,combined_herpes_viruses
SRR22753374,0,,,,0,,,,,,,,,0,,,,,,HHV7,HHV7
SRR22753374,0,,,,,,,,0,,,,,,,,,0,,VZV_Ellen,VZV_Ellen
SRR22753374,0,0,,,,,,,,,0,,,,,,,,,EBV,EBV
SRR22753374,1,,,1,,,,,,,,,0,,,,,,,HHV6B,HHV6B
SRR22753394,0,6,0,,,,,,,,6,0,,,,,,,,EBV,HCMV
SRR22753394,0,6,,,,,1,,,,6,,,,,1,,,,EBV,HSV2_StrainG
SRR22753394,0,6,,0,,,,,,,6,,0,,,,,,,EBV,HHV6B
SRR22753394,6,6,,,,,,,,272,0,,,,,,,,266,EBV,combined_herpes_viruses
SRR22753394,0,6,,,,,,2,,,6,,,,,,2,,,EBV,KSHV
SRR22753394,0,6,,,0,,,,,,6,,,0,,,,,,EBV,HHV7
SRR22753394,0,6,,,,373,,,,,6,,,,373,,,,,EBV,HSV1_KOS
SRR22753394,0,6,,,,,,,0,,6,,,,,,,0,,EBV,VZV_Ellen
SRR22753394,0,,0,,,,1,,,,,0,,,,1,,,,HCMV,HSV2_StrainG
SRR22753394,0,,0,0,,,,,,,,0,0,,,,,,,HCMV,HHV6B
SRR22753394,0,,0,,,,,,,272,,0,,,,,,,272,HCMV,combined_herpes_viruses
SRR22753394,0,,0,,,,,2,,,,0,,,,,2,,,HCMV,KSHV
SRR22753394,0,,0,,0,,,,,,,0,,0,,,,,,HCMV,HHV7
SRR22753394,0,,0,,,373,,,,,,0,,,373,,,,,HCMV,HSV1_KOS
SRR22753394,0,,0,,,,,,0,,,0,,,,,,0,,HCMV,VZV_Ellen
SRR22753394,0,,,0,,,1,,,,,,0,,,1,,,,HSV2_StrainG,HHV6B
SRR22753394,0,,,,,,1,,,272,,,,,,1,,,272,HSV2_StrainG,combined_herpes_viruses
SRR22753394,0,,,,,,1,2,,,,,,,,1,2,,,HSV2_StrainG,KSHV
SRR22753394,0,,,,0,,1,,,,,,,0,,1,,,,HSV2_StrainG,HHV7
SRR22753394,0,,,,,373,1,,,,,,,,373,1,,,,HSV2_StrainG,HSV1_KOS
SRR22753394,0,,,,,,1,,0,,,,,,,1,,0,,HSV2_StrainG,VZV_Ellen
SRR22753394,0,,,0,,,,,,272,,,0,,,,,,272,HHV6B,combined_herpes_viruses
SRR22753394,0,,,0,,,,2,,,,,0,,,,2,,,HHV6B,KSHV
SRR22753394,0,,,0,0,,,,,,,,0,0,,,,,,HHV6B,HHV7
SRR22753394,0,,,0,,373,,,,,,,0,,373,,,,,HHV6B,HSV1_KOS
SRR22753394,0,,,0,,,,,0,,,,0,,,,,0,,HHV6B,VZV_Ellen
SRR22753394,0,,,,,,,2,,272,,,,,,,2,,272,combined_herpes_viruses,KSHV
SRR22753394,0,,,,0,,,,,272,,,,0,,,,,272,combined_herpes_viruses,HHV7
SRR22753394,212,,,,,373,,,,272,,,,,161,,,,60,combined_herpes_viruses,HSV1_KOS
SRR22753394,0,,,,,,,,0,272,,,,,,,,0,272,combined_herpes_viruses,VZV_Ellen
SRR22753394,0,,,,0,,,2,,,,,,0,,,2,,,KSHV,HHV7
SRR22753394,0,,,,,373,,2,,,,,,,373,,2,,,KSHV,HSV1_KOS
SRR22753394,0,,,,,,,2,0,,,,,,,,2,0,,KSHV,VZV_Ellen
SRR22753394,0,,,,0,373,,,,,,,,0,373,,,,,HHV7,HSV1_KOS
SRR22753394,0,,,,0,,,,0,,,,,0,,,,0,,HHV7,VZV_Ellen
SRR22753394,0,,,,,373,,,0,,,,,,373,,,0,,HSV1_KOS,VZV_Ellen
SRR22753394,6,6,,,,,,,,,0,,,,,,,,,EBV,EBV
SRR22753394,0,,0,,,,,,,,,0,,,,,,,,HCMV,HCMV
SRR22753394,1,,,,,,1,,,,,,,,,0,,,,HSV2_StrainG,HSV2_StrainG
SRR22753394,0,,,0,,,,,,,,,0,,,,,,,HHV6B,HHV6B
SRR22753394,272,,,,,,,,,272,,,,,,,,,0,combined_herpes_viruses,combined_herpes_viruses
SRR22753394,2,,,,,,,2,,,,,,,,,0,,,KSHV,KSHV
SRR22753394,0,,,,0,,,,,,,,,0,,,,,,HHV7,HHV7
SRR22753394,373,,,,,373,,,,,,,,,0,,,,,HSV1_KOS,HSV1_KOS
SRR22753394,0,,,,,,,,0,,,,,,,,,0,,VZV_Ellen,VZV_Ellen
SRR22753566,0,,,,,,23,18,,,,,,,,23,18,,,KSHV,HSV2_StrainG
SRR22753566,0,,,,,,,18,0,,,,,,,,18,0,,KSHV,VZV_Ellen
SRR22753566,0,0,,,,,,18,,,0,,,,,,18,,,KSHV,EBV
SRR22753566,0,,0,,,,,18,,,,0,,,,,18,,,KSHV,HCMV
SRR22753566,2,,,2,,,,18,,,,,0,,,,16,,,KSHV,HHV6B
SRR22753566,0,,,,,10,,18,,,,,,,10,,18,,,KSHV,HSV1_KOS
SRR22753566,0,,,,0,,,18,,,,,,0,,,18,,,KSHV,HHV7
SRR22753566,2,,,,,,,18,,14,,,,,,,16,,12,KSHV,combined_herpes_viruses
SRR22753566,0,,,,,,23,,0,,,,,,,23,,0,,HSV2_StrainG,VZV_Ellen
SRR22753566,0,0,,,,,23,,,,0,,,,,23,,,,HSV2_StrainG,EBV
SRR22753566,0,,0,,,,23,,,,,0,,,,23,,,,HSV2_StrainG,HCMV
SRR22753566,0,,,2,,,23,,,,,,2,,,23,,,,HSV2_StrainG,HHV6B
SRR22753566,0,,,,,10,23,,,,,,,,10,23,,,,HSV2_StrainG,HSV1_KOS
SRR22753566,0,,,,0,,23,,,,,,,0,,23,,,,HSV2_StrainG,HHV7
SRR22753566,0,,,,,,23,,,14,,,,,,23,,,14,HSV2_StrainG,combined_herpes_viruses
SRR22753566,0,0,,,,,,,0,,0,,,,,,,0,,VZV_Ellen,EBV
SRR22753566,0,,0,,,,,,0,,,0,,,,,,0,,VZV_Ellen,HCMV
SRR22753566,0,,,2,,,,,0,,,,2,,,,,0,,VZV_Ellen,HHV6B
SRR22753566,0,,,,,10,,,0,,,,,,10,,,0,,VZV_Ellen,HSV1_KOS
SRR22753566,0,,,,0,,,,0,,,,,0,,,,0,,VZV_Ellen,HHV7
SRR22753566,0,,,,,,,,0,14,,,,,,,,0,14,VZV_Ellen,combined_herpes_viruses
SRR22753566,0,0,0,,,,,,,,0,0,,,,,,,,EBV,HCMV
SRR22753566,0,0,,2,,,,,,,0,,2,,,,,,,EBV,HHV6B
SRR22753566,0,0,,,,10,,,,,0,,,,10,,,,,EBV,HSV1_KOS
SRR22753566,0,0,,,0,,,,,,0,,,0,,,,,,EBV,HHV7
SRR22753566,0,0,,,,,,,,14,0,,,,,,,,14,EBV,combined_herpes_viruses
SRR22753566,0,,0,2,,,,,,,,0,2,,,,,,,HCMV,HHV6B
SRR22753566,0,,0,,,10,,,,,,0,,,10,,,,,HCMV,HSV1_KOS
SRR22753566,0,,0,,0,,,,,,,0,,0,,,,,,HCMV,HHV7
SRR22753566,0,,0,,,,,,,14,,0,,,,,,,14,HCMV,combined_herpes_viruses
SRR22753566,0,,,2,,10,,,,,,,2,,10,,,,,HHV6B,HSV1_KOS
SRR22753566,0,,,2,0,,,,,,,,2,0,,,,,,HHV6B,HHV7
SRR22753566,1,,,2,,,,,,14,,,1,,,,,,13,HHV6B,combined_herpes_viruses
SRR22753566,0,,,,0,10,,,,,,,,0,10,,,,,HSV1_KOS,HHV7
SRR22753566,6,,,,,10,,,,14,,,,,4,,,,8,HSV1_KOS,combined_herpes_viruses
SRR22753566,0,,,,0,,,,,14,,,,0,,,,,14,HHV7,combined_herpes_viruses
SRR22753566,18,,,,,,,18,,,,,,,,,0,,,KSHV,KSHV
SRR22753566,23,,,,,,23,,,,,,,,,0,,,,HSV2_StrainG,HSV2_StrainG
SRR22753566,0,,,,,,,,0,,,,,,,,,0,,VZV_Ellen,VZV_Ellen
SRR22753566,0,0,,,,,,,,,0,,,,,,,,,EBV,EBV
SRR22753566,0,,0,,,,,,,,,0,,,,,,,,HCMV,HCMV
SRR22753566,2,,,2,,,,,,,,,0,,,,,,,HHV6B,HHV6B
SRR22753566,10,,,,,10,,,,,,,,,0,,,,,HSV1_KOS,HSV1_KOS
SRR22753566,0,,,,0,,,,,,,,,0,,,,,,HHV7,HHV7
SRR22753566,14,,,,,,,,,14,,,,,,,,,0,combined_herpes_viruses,combined_herpes_viruses
SRR22753524,0,0,,,,,,5,,,0,,,,,,5,,,KSHV,EBV
SRR22753524,0,,,0,,,,5,,,,,0,,,,5,,,KSHV,HHV6B
SRR22753524,0,,,,,,,5,0,,,,,,,,5,0,,KSHV,VZV_Ellen
SRR22753524,0,,,,,7,,5,,,,,,,7,,5,,,KSHV,HSV1_KOS
SRR22753524,0,,,,,,3,5,,,,,,,,3,5,,,KSHV,HSV2_StrainG
SRR22753524,0,,,,0,,,5,,,,,,0,,,5,,,KSHV,HHV7
SRR22753524,0,,,,,,,5,,3,,,,,,,5,,3,KSHV,combined_herpes_viruses
SRR22753524,0,,0,,,,,5,,,,0,,,,,5,,,KSHV,HCMV
SRR22753524,0,0,,0,,,,,,,0,,0,,,,,,,EBV,HHV6B
SRR22753524,0,0,,,,,,,0,,0,,,,,,,0,,EBV,VZV_Ellen
SRR22753524,0,0,,,,7,,,,,0,,,,7,,,,,EBV,HSV1_KOS
SRR22753524,0,0,,,,,3,,,,0,,,,,3,,,,EBV,HSV2_StrainG
SRR22753524,0,0,,,0,,,,,,0,,,0,,,,,,EBV,HHV7
SRR22753524,0,0,,,,,,,,3,0,,,,,,,,3,EBV,combined_herpes_viruses
SRR22753524,0,0,0,,,,,,,,0,0,,,,,,,,EBV,HCMV
SRR22753524,0,,,0,,,,,0,,,,0,,,,,0,,HHV6B,VZV_Ellen
SRR22753524,0,,,0,,7,,,,,,,0,,7,,,,,HHV6B,HSV1_KOS
SRR22753524,0,,,0,,,3,,,,,,0,,,3,,,,HHV6B,HSV2_StrainG
SRR22753524,0,,,0,0,,,,,,,,0,0,,,,,,HHV6B,HHV7
SRR22753524,0,,,0,,,,,,3,,,0,,,,,,3,HHV6B,combined_herpes_viruses
SRR22753524,0,,0,0,,,,,,,,0,0,,,,,,,HHV6B,HCMV
SRR22753524,0,,,,,7,,,0,,,,,,7,,,0,,VZV_Ellen,HSV1_KOS
SRR22753524,0,,,,,,3,,0,,,,,,,3,,0,,VZV_Ellen,HSV2_StrainG
SRR22753524,0,,,,0,,,,0,,,,,0,,,,0,,VZV_Ellen,HHV7
SRR22753524,0,,,,,,,,0,3,,,,,,,,0,3,VZV_Ellen,combined_herpes_viruses
SRR22753524,0,,0,,,,,,0,,,0,,,,,,0,,VZV_Ellen,HCMV
SRR22753524,0,,,,,7,3,,,,,,,,7,3,,,,HSV1_KOS,HSV2_StrainG
SRR22753524,0,,,,0,7,,,,,,,,0,7,,,,,HSV1_KOS,HHV7
SRR22753524,2,,,,,7,,,,3,,,,,5,,,,1,HSV1_KOS,combined_herpes_viruses
SRR22753524,0,,0,,,7,,,,,,0,,,7,,,,,HSV1_KOS,HCMV
SRR22753524,0,,,,0,,3,,,,,,,0,,3,,,,HSV2_StrainG,HHV7
SRR22753524,0,,,,,,3,,,3,,,,,,3,,,3,HSV2_StrainG,combined_herpes_viruses
SRR22753524,0,,0,,,,3,,,,,0,,,,3,,,,HSV2_StrainG,HCMV
SRR22753524,0,,,,0,,,,,3,,,,0,,,,,3,HHV7,combined_herpes_viruses
SRR22753524,0,,0,,0,,,,,,,0,,0,,,,,,HHV7,HCMV
SRR22753524,0,,0,,,,,,,3,,0,,,,,,,3,combined_herpes_viruses,HCMV
SRR22753524,5,,,,,,,5,,,,,,,,,0,,,KSHV,KSHV
SRR22753524,0,0,,,,,,,,,0,,,,,,,,,EBV,EBV
SRR22753524,0,,,0,,,,,,,,,0,,,,,,,HHV6B,HHV6B
SRR22753524,0,,,,,,,,0,,,,,,,,,0,,VZV_Ellen,VZV_Ellen
SRR22753524,7,,,,,7,,,,,,,,,0,,,,,HSV1_KOS,HSV1_KOS
SRR22753524,3,,,,,,3,,,,,,,,,0,,,,HSV2_StrainG,HSV2_StrainG
SRR22753524,0,,,,0,,,,,,,,,0,,,,,,HHV7,HHV7
SRR22753524,3,,,,,,,,,3,,,,,,,,,0,combined_herpes_viruses,combined_herpes_viruses
SRR22753524,0,,0,,,,,,,,,0,,,,,,,,HCMV,HCMV
SRR22753494,0,,,,1,,3,,,,,,,1,,3,,,,HSV2_StrainG,HHV7
SRR22753494,0,,,,,,3,,0,,,,,,,3,,0,,HSV2_StrainG,VZV_Ellen
SRR22753494,0,0,,,,,3,,,,0,,,,,3,,,,HSV2_StrainG,EBV
SRR22753494,0,,1,,,,3,,,,,1,,,,3,,,,HSV2_StrainG,HCMV
SRR22753494,0,,,0,,,3,,,,,,0,,,3,,,,HSV2_StrainG,HHV6B
SRR22753494,0,,,,,,3,,,7,,,,,,3,,,7,HSV2_StrainG,combined_herpes_viruses
SRR22753494,0,,,,,,3,5,,,,,,,,3,5,,,HSV2_StrainG,KSHV
SRR22753494,0,,,,,8,3,,,,,,,,8,3,,,,HSV2_StrainG,HSV1_KOS
SRR22753494,0,,,,1,,,,0,,,,,1,,,,0,,HHV7,VZV_Ellen
SRR22753494,0,0,,,1,,,,,,0,,,1,,,,,,HHV7,EBV
SRR22753494,0,,1,,1,,,,,,,1,,1,,,,,,HHV7,HCMV
SRR22753494,0,,,0,1,,,,,,,,0,1,,,,,,HHV7,HHV6B
SRR22753494,0,,,,1,,,,,7,,,,1,,,,,7,HHV7,combined_herpes_viruses
SRR22753494,0,,,,1,,,5,,,,,,1,,,5,,,HHV7,KSHV
SRR22753494,0,,,,1,8,,,,,,,,1,8,,,,,HHV7,HSV1_KOS
SRR22753494,0,0,,,,,,,0,,0,,,,,,,0,,VZV_Ellen,EBV
SRR22753494,0,,1,,,,,,0,,,1,,,,,,0,,VZV_Ellen,HCMV
SRR22753494,0,,,0,,,,,0,,,,0,,,,,0,,VZV_Ellen,HHV6B
SRR22753494,0,,,,,,,,0,7,,,,,,,,0,7,VZV_Ellen,combined_herpes_viruses
SRR22753494,0,,,,,,,5,0,,,,,,,,5,0,,VZV_Ellen,KSHV
SRR22753494,0,,,,,8,,,0,,,,,,8,,,0,,VZV_Ellen,HSV1_KOS
SRR22753494,0,0,1,,,,,,,,0,1,,,,,,,,EBV,HCMV
SRR22753494,0,0,,0,,,,,,,0,,0,,,,,,,EBV,HHV6B
SRR22753494,0,0,,,,,,,,7,0,,,,,,,,7,EBV,combined_herpes_viruses
SRR22753494,0,0,,,,,,5,,,0,,,,,,5,,,EBV,KSHV
SRR22753494,0,0,,,,8,,,,,0,,,,8,,,,,EBV,HSV1_KOS
SRR22753494,0,,1,0,,,,,,,,1,0,,,,,,,HCMV,HHV6B
SRR22753494,0,,1,,,,,,,7,,1,,,,,,,7,HCMV,combined_herpes_viruses
SRR22753494,0,,1,,,,,5,,,,1,,,,,5,,,HCMV,KSHV
SRR22753494,0,,1,,,8,,,,,,1,,,8,,,,,HCMV,HSV1_KOS
SRR22753494,0,,,0,,,,,,7,,,0,,,,,,7,HHV6B,combined_herpes_viruses
SRR22753494,0,,,0,,,,5,,,,,0,,,,5,,,HHV6B,KSHV
SRR22753494,0,,,0,,8,,,,,,,0,,8,,,,,HHV6B,HSV1_KOS
SRR22753494,0,,,,,,,5,,7,,,,,,,5,,7,combined_herpes_viruses,KSHV
SRR22753494,3,,,,,8,,,,7,,,,,5,,,,4,combined_herpes_viruses,HSV1_KOS
SRR22753494,0,,,,,8,,5,,,,,,,8,,5,,,KSHV,HSV1_KOS
SRR22753494,3,,,,,,3,,,,,,,,,0,,,,HSV2_StrainG,HSV2_StrainG
SRR22753494,1,,,,1,,,,,,,,,0,,,,,,HHV7,HHV7
SRR22753494,0,,,,,,,,0,,,,,,,,,0,,VZV_Ellen,VZV_Ellen
SRR22753494,0,0,,,,,,,,,0,,,,,,,,,EBV,EBV
SRR22753494,1,,1,,,,,,,,,0,,,,,,,,HCMV,HCMV
SRR22753494,0,,,0,,,,,,,,,0,,,,,,,HHV6B,HHV6B
SRR22753494,7,,,,,,,,,7,,,,,,,,,0,combined_herpes_viruses,combined_herpes_viruses
SRR22753494,5,,,,,,,5,,,,,,,,,0,,,KSHV,KSHV
SRR22753494,8,,,,,8,,,,,,,,,0,,,,,HSV1_KOS,HSV1_KOS
SRR22753581,0,,,5,0,,,,,,,,5,0,,,,,,HHV7,HHV6B
SRR22753581,0,,,,0,,,,0,,,,,0,,,,0,,HHV7,VZV_Ellen
SRR22753581,0,,,,0,107,,,,,,,,0,107,,,,,HHV7,HSV1_KOS
SRR22753581,0,,0,,0,,,,,,,0,,0,,,,,,HHV7,HCMV
SRR22753581,0,,,,0,,,,,68,,,,0,,,,,68,HHV7,combined_herpes_viruses
SRR22753581,0,0,,,0,,,,,,0,,,0,,,,,,HHV7,EBV
SRR22753581,0,,,,0,,,1,,,,,,0,,,1,,,HHV7,KSHV
SRR22753581,0,,,,0,,1,,,,,,,0,,1,,,,HHV7,HSV2_StrainG
SRR22753581,0,,,5,,,,,0,,,,5,,,,,0,,HHV6B,VZV_Ellen
SRR22753581,0,,,5,,107,,,,,,,5,,107,,,,,HHV6B,HSV1_KOS
SRR22753581,0,,0,5,,,,,,,,0,5,,,,,,,HHV6B,HCMV
SRR22753581,3,,,5,,,,,,68,,,2,,,,,,65,HHV6B,combined_herpes_viruses
SRR22753581,0,0,,5,,,,,,,0,,5,,,,,,,HHV6B,EBV
SRR22753581,1,,,5,,,,1,,,,,4,,,,0,,,HHV6B,KSHV
SRR22753581,1,,,5,,,1,,,,,,4,,,0,,,,HHV6B,HSV2_StrainG
SRR22753581,0,,,,,107,,,0,,,,,,107,,,0,,VZV_Ellen,HSV1_KOS
SRR22753581,0,,0,,,,,,0,,,0,,,,,,0,,VZV_Ellen,HCMV
SRR22753581,0,,,,,,,,0,68,,,,,,,,0,68,VZV_Ellen,combined_herpes_viruses
SRR22753581,0,0,,,,,,,0,,0,,,,,,,0,,VZV_Ellen,EBV
SRR22753581,0,,,,,,,1,0,,,,,,,,1,0,,VZV_Ellen,KSHV
SRR22753581,0,,,,,,1,,0,,,,,,,1,,0,,VZV_Ellen,HSV2_StrainG
SRR22753581,0,,0,,,107,,,,,,0,,,107,,,,,HSV1_KOS,HCMV
SRR22753581,54,,,,,107,,,,68,,,,,53,,,,14,HSV1_KOS,combined_herpes_viruses
SRR22753581,0,0,,,,107,,,,,0,,,,107,,,,,HSV1_KOS,EBV
SRR22753581,0,,,,,107,,1,,,,,,,107,,1,,,HSV1_KOS,KSHV
SRR22753581,0,,,,,107,1,,,,,,,,107,1,,,,HSV1_KOS,HSV2_StrainG
SRR22753581,0,,0,,,,,,,68,,0,,,,,,,68,HCMV,combined_herpes_viruses
SRR22753581,0,0,0,,,,,,,,0,0,,,,,,,,HCMV,EBV
SRR22753581,0,,0,,,,,1,,,,0,,,,,1,,,HCMV,KSHV
SRR22753581,0,,0,,,,1,,,,,0,,,,1,,,,HCMV,HSV2_StrainG
SRR22753581,0,0,,,,,,,,68,0,,,,,,,,68,combined_herpes_viruses,EBV
SRR22753581,1,,,,,,,1,,68,,,,,,,0,,67,combined_herpes_viruses,KSHV
SRR22753581,1,,,,,,1,,,68,,,,,,0,,,67,combined_herpes_viruses,HSV2_StrainG
SRR22753581,0,0,,,,,,1,,,0,,,,,,1,,,EBV,KSHV
SRR22753581,0,0,,,,,1,,,,0,,,,,1,,,,EBV,HSV2_StrainG
SRR22753581,0,,,,,,1,1,,,,,,,,1,1,,,KSHV,HSV2_StrainG
SRR22753581,0,,,,0,,,,,,,,,0,,,,,,HHV7,HHV7
SRR22753581,5,,,5,,,,,,,,,0,,,,,,,HHV6B,HHV6B
SRR22753581,0,,,,,,,,0,,,,,,,,,0,,VZV_Ellen,VZV_Ellen
SRR22753581,107,,,,,107,,,,,,,,,0,,,,,HSV1_KOS,HSV1_KOS
SRR22753581,0,,0,,,,,,,,,0,,,,,,,,HCMV,HCMV
SRR22753581,68,,,,,,,,,68,,,,,,,,,0,combined_herpes_viruses,combined_herpes_viruses
SRR22753581,0,0,,,,,,,,,0,,,,,,,,,EBV,EBV
SRR22753581,1,,,,,,,1,,,,,,,,,0,,,KSHV,KSHV
SRR22753581,1,,,,,,1,,,,,,,,,0,,,,HSV2_StrainG,HSV2_StrainG
SRR22753526,0,,,,,6,,,0,,,,,,6,,,0,,VZV_Ellen,HSV1_KOS
SRR22753526,0,,,1,,,,,0,,,,1,,,,,0,,VZV_Ellen,HHV6B
SRR22753526,0,0,,,,,,,0,,0,,,,,,,0,,VZV_Ellen,EBV
SRR22753526,0,,,,0,,,,0,,,,,0,,,,0,,VZV_Ellen,HHV7
SRR22753526,0,,,,,,,5,0,,,,,,,,5,0,,VZV_Ellen,KSHV
SRR22753526,0,,,,,,,,0,3,,,,,,,,0,3,VZV_Ellen,combined_herpes_viruses
SRR22753526,0,,0,,,,,,0,,,0,,,,,,0,,VZV_Ellen,HCMV
SRR22753526,0,,,,,,4,,0,,,,,,,4,,0,,VZV_Ellen,HSV2_StrainG
SRR22753526,0,,,1,,6,,,,,,,1,,6,,,,,HSV1_KOS,HHV6B
SRR22753526,0,0,,,,6,,,,,0,,,,6,,,,,HSV1_KOS,EBV
SRR22753526,0,,,,0,6,,,,,,,,0,6,,,,,HSV1_KOS,HHV7
SRR22753526,0,,,,,6,,5,,,,,,,6,,5,,,HSV1_KOS,KSHV
SRR22753526,2,,,,,6,,,,3,,,,,4,,,,1,HSV1_KOS,combined_herpes_viruses
SRR22753526,0,,0,,,6,,,,,,0,,,6,,,,,HSV1_KOS,HCMV
SRR22753526,0,,,,,6,4,,,,,,,,6,4,,,,HSV1_KOS,HSV2_StrainG
SRR22753526,0,0,,1,,,,,,,0,,1,,,,,,,HHV6B,EBV
SRR22753526,0,,,1,0,,,,,,,,1,0,,,,,,HHV6B,HHV7
SRR22753526,0,,,1,,,,5,,,,,1,,,,5,,,HHV6B,KSHV
SRR22753526,1,,,1,,,,,,3,,,0,,,,,,2,HHV6B,combined_herpes_viruses
SRR22753526,0,,0,1,,,,,,,,0,1,,,,,,,HHV6B,HCMV
SRR22753526,0,,,1,,,4,,,,,,1,,,4,,,,HHV6B,HSV2_StrainG
SRR22753526,0,0,,,0,,,,,,0,,,0,,,,,,EBV,HHV7
SRR22753526,0,0,,,,,,5,,,0,,,,,,5,,,EBV,KSHV
SRR22753526,0,0,,,,,,,,3,0,,,,,,,,3,EBV,combined_herpes_viruses
SRR22753526,0,0,0,,,,,,,,0,0,,,,,,,,EBV,HCMV
SRR22753526,0,0,,,,,4,,,,0,,,,,4,,,,EBV,HSV2_StrainG
SRR22753526,0,,,,0,,,5,,,,,,0,,,5,,,HHV7,KSHV
SRR22753526,0,,,,0,,,,,3,,,,0,,,,,3,HHV7,combined_herpes_viruses
SRR22753526,0,,0,,0,,,,,,,0,,0,,,,,,HHV7,HCMV
SRR22753526,0,,,,0,,4,,,,,,,0,,4,,,,HHV7,HSV2_StrainG
SRR22753526,0,,,,,,,5,,3,,,,,,,5,,3,KSHV,combined_herpes_viruses
SRR22753526,0,,0,,,,,5,,,,0,,,,,5,,,KSHV,HCMV
SRR22753526,0,,,,,,4,5,,,,,,,,4,5,,,KSHV,HSV2_StrainG
SRR22753526,0,,0,,,,,,,3,,0,,,,,,,3,combined_herpes_viruses,HCMV
SRR22753526,0,,,,,,4,,,3,,,,,,4,,,3,combined_herpes_viruses,HSV2_StrainG
SRR22753526,0,,0,,,,4,,,,,0,,,,4,,,,HCMV,HSV2_StrainG
SRR22753526,0,,,,,,,,0,,,,,,,,,0,,VZV_Ellen,VZV_Ellen
SRR22753526,6,,,,,6,,,,,,,,,0,,,,,HSV1_KOS,HSV1_KOS
SRR22753526,1,,,1,,,,,,,,,0,,,,,,,HHV6B,HHV6B
SRR22753526,0,0,,,,,,,,,0,,,,,,,,,EBV,EBV
SRR22753526,0,,,,0,,,,,,,,,0,,,,,,HHV7,HHV7
SRR22753526,5,,,,,,,5,,,,,,,,,0,,,KSHV,KSHV
SRR22753526,3,,,,,,,,,3,,,,,,,,,0,combined_herpes_viruses,combined_herpes_viruses
SRR22753526,0,,0,,,,,,,,,0,,,,,,,,HCMV,HCMV
SRR22753526,4,,,,,,4,,,,,,,,,0,,,,HSV2_StrainG,HSV2_StrainG
SRR22753577,0,,,1,0,,,,,,,,1,0,,,,,,HHV7,HHV6B
SRR22753577,0,,,,0,,1,,,,,,,0,,1,,,,HHV7,HSV2_StrainG
SRR22753577,0,,,,0,,,,0,,,,,0,,,,0,,HHV7,VZV_Ellen
SRR22753577,0,0,,,0,,,,,,0,,,0,,,,,,HHV7,EBV
SRR22753577,0,,,,0,,,2,,,,,,0,,,2,,,HHV7,KSHV
SRR22753577,0,,,,0,32,,,,,,,,0,32,,,,,HHV7,HSV1_KOS
SRR22753577,0,,1,,0,,,,,,,1,,0,,,,,,HHV7,HCMV
SRR22753577,0,,,,0,,,,,23,,,,0,,,,,23,HHV7,combined_herpes_viruses
SRR22753577,0,,,1,,,1,,,,,,1,,,1,,,,HHV6B,HSV2_StrainG
SRR22753577,0,,,1,,,,,0,,,,1,,,,,0,,HHV6B,VZV_Ellen
SRR22753577,0,0,,1,,,,,,,0,,1,,,,,,,HHV6B,EBV
SRR22753577,0,,,1,,,,2,,,,,1,,,,2,,,HHV6B,KSHV
SRR22753577,0,,,1,,32,,,,,,,1,,32,,,,,HHV6B,HSV1_KOS
SRR22753577,0,,1,1,,,,,,,,1,1,,,,,,,HHV6B,HCMV
SRR22753577,0,,,1,,,,,,23,,,1,,,,,,23,HHV6B,combined_herpes_viruses
SRR22753577,0,,,,,,1,,0,,,,,,,1,,0,,HSV2_StrainG,VZV_Ellen
SRR22753577,0,0,,,,,1,,,,0,,,,,1,,,,HSV2_StrainG,EBV
SRR22753577,1,,,,,,1,2,,,,,,,,0,1,,,HSV2_StrainG,KSHV
SRR22753577,0,,,,,32,1,,,,,,,,32,1,,,,HSV2_StrainG,HSV1_KOS
SRR22753577,0,,1,,,,1,,,,,1,,,,1,,,,HSV2_StrainG,HCMV
SRR22753577,0,,,,,,1,,,23,,,,,,1,,,23,HSV2_StrainG,combined_herpes_viruses
SRR22753577,0,0,,,,,,,0,,0,,,,,,,0,,VZV_Ellen,EBV
SRR22753577,0,,,,,,,2,0,,,,,,,,2,0,,VZV_Ellen,KSHV
SRR22753577,0,,,,,32,,,0,,,,,,32,,,0,,VZV_Ellen,HSV1_KOS
SRR22753577,0,,1,,,,,,0,,,1,,,,,,0,,VZV_Ellen,HCMV
SRR22753577,0,,,,,,,,0,23,,,,,,,,0,23,VZV_Ellen,combined_herpes_viruses
SRR22753577,0,0,,,,,,2,,,0,,,,,,2,,,EBV,KSHV
SRR22753577,0,0,,,,32,,,,,0,,,,32,,,,,EBV,HSV1_KOS
SRR22753577,0,0,1,,,,,,,,0,1,,,,,,,,EBV,HCMV
SRR22753577,0,0,,,,,,,,23,0,,,,,,,,23,EBV,combined_herpes_viruses
SRR22753577,0,,,,,32,,2,,,,,,,32,,2,,,KSHV,HSV1_KOS
SRR22753577,0,,1,,,,,2,,,,1,,,,,2,,,KSHV,HCMV
SRR22753577,0,,,,,,,2,,23,,,,,,,2,,23,KSHV,combined_herpes_viruses
SRR22753577,0,,1,,,32,,,,,,1,,,32,,,,,HSV1_KOS,HCMV
SRR22753577,18,,,,,32,,,,23,,,,,14,,,,5,HSV1_KOS,combined_herpes_viruses
SRR22753577,0,,1,,,,,,,23,,1,,,,,,,23,HCMV,combined_herpes_viruses
SRR22753577,0,,,,0,,,,,,,,,0,,,,,,HHV7,HHV7
SRR22753577,1,,,1,,,,,,,,,0,,,,,,,HHV6B,HHV6B
SRR22753577,1,,,,,,1,,,,,,,,,0,,,,HSV2_StrainG,HSV2_StrainG
SRR22753577,0,,,,,,,,0,,,,,,,,,0,,VZV_Ellen,VZV_Ellen
SRR22753577,0,0,,,,,,,,,0,,,,,,,,,EBV,EBV
SRR22753577,2,,,,,,,2,,,,,,,,,0,,,KSHV,KSHV
SRR22753577,32,,,,,32,,,,,,,,,0,,,,,HSV1_KOS,HSV1_KOS
SRR22753577,1,,1,,,,,,,,,0,,,,,,,,HCMV,HCMV
SRR22753577,23,,,,,,,,,23,,,,,,,,,0,combined_herpes_viruses,combined_herpes_viruses
SRR22753446,0,0,,,0,,,,,,0,,,0,,,,,,HHV7,EBV
SRR22753446,0,,,,0,,,0,,,,,,0,,,0,,,HHV7,KSHV
SRR22753446,0,,0,,0,,,,,,,0,,0,,,,,,HHV7,HCMV
SRR22753446,0,,,,0,,,,,2,,,,0,,,,,2,HHV7,combined_herpes_viruses
SRR22753446,0,,,,0,,2,,,,,,,0,,2,,,,HHV7,HSV2_StrainG
SRR22753446,0,,,,0,5,,,,,,,,0,5,,,,,HHV7,HSV1_KOS
SRR22753446,0,,,0,0,,,,,,,,0,0,,,,,,HHV7,HHV6B
SRR22753446,0,,,,0,,,,0,,,,,0,,,,0,,HHV7,VZV_Ellen
SRR22753446,0,0,,,,,,0,,,0,,,,,,0,,,EBV,KSHV
SRR22753446,0,0,0,,,,,,,,0,0,,,,,,,,EBV,HCMV
SRR22753446,0,0,,,,,,,,2,0,,,,,,,,2,EBV,combined_herpes_viruses
SRR22753446,0,0,,,,,2,,,,0,,,,,2,,,,EBV,HSV2_StrainG
SRR22753446,0,0,,,,5,,,,,0,,,,5,,,,,EBV,HSV1_KOS
SRR22753446,0,0,,0,,,,,,,0,,0,,,,,,,EBV,HHV6B
SRR22753446,0,0,,,,,,,0,,0,,,,,,,0,,EBV,VZV_Ellen
SRR22753446,0,,0,,,,,0,,,,0,,,,,0,,,KSHV,HCMV
SRR22753446,0,,,,,,,0,,2,,,,,,,0,,2,KSHV,combined_herpes_viruses
SRR22753446,0,,,,,,2,0,,,,,,,,2,0,,,KSHV,HSV2_StrainG
SRR22753446,0,,,,,5,,0,,,,,,,5,,0,,,KSHV,HSV1_KOS
SRR22753446,0,,,0,,,,0,,,,,0,,,,0,,,KSHV,HHV6B
SRR22753446,0,,,,,,,0,0,,,,,,,,0,0,,KSHV,VZV_Ellen
SRR22753446,0,,0,,,,,,,2,,0,,,,,,,2,HCMV,combined_herpes_viruses
SRR22753446,0,,0,,,,2,,,,,0,,,,2,,,,HCMV,HSV2_StrainG
SRR22753446,0,,0,,,5,,,,,,0,,,5,,,,,HCMV,HSV1_KOS
SRR22753446,0,,0,0,,,,,,,,0,0,,,,,,,HCMV,HHV6B
SRR22753446,0,,0,,,,,,0,,,0,,,,,,0,,HCMV,VZV_Ellen
SRR22753446,0,,,,,,2,,,2,,,,,,2,,,2,combined_herpes_viruses,HSV2_StrainG
SRR22753446,1,,,,,5,,,,2,,,,,4,,,,1,combined_herpes_viruses,HSV1_KOS
SRR22753446,0,,,0,,,,,,2,,,0,,,,,,2,combined_herpes_viruses,HHV6B
SRR22753446,0,,,,,,,,0,2,,,,,,,,0,2,combined_herpes_viruses,VZV_Ellen
SRR22753446,0,,,,,5,2,,,,,,,,5,2,,,,HSV2_StrainG,HSV1_KOS
SRR22753446,0,,,0,,,2,,,,,,0,,,2,,,,HSV2_StrainG,HHV6B
SRR22753446,0,,,,,,2,,0,,,,,,,2,,0,,HSV2_StrainG,VZV_Ellen
SRR22753446,0,,,0,,5,,,,,,,0,,5,,,,,HSV1_KOS,HHV6B
SRR22753446,0,,,,,5,,,0,,,,,,5,,,0,,HSV1_KOS,VZV_Ellen
SRR22753446,0,,,0,,,,,0,,,,0,,,,,0,,HHV6B,VZV_Ellen
SRR22753446,0,,,,0,,,,,,,,,0,,,,,,HHV7,HHV7
SRR22753446,0,0,,,,,,,,,0,,,,,,,,,EBV,EBV
SRR22753446,0,,,,,,,0,,,,,,,,,0,,,KSHV,KSHV
SRR22753446,0,,0,,,,,,,,,0,,,,,,,,HCMV,HCMV
SRR22753446,2,,,,,,,,,2,,,,,,,,,0,combined_herpes_viruses,combined_herpes_viruses
SRR22753446,2,,,,,,2,,,,,,,,,0,,,,HSV2_StrainG,HSV2_StrainG
SRR22753446,5,,,,,5,,,,,,,,,0,,,,,HSV1_KOS,HSV1_KOS
SRR22753446,0,,,0,,,,,,,,,0,,,,,,,HHV6B,HHV6B
SRR22753446,0,,,,,,,,0,,,,,,,,,0,,VZV_Ellen,VZV_Ellen
SRR22753409,0,,0,,0,,,,,,,0,,0,,,,,,HCMV,HHV7
SRR22753409,0,,0,,,,,,0,,,0,,,,,,0,,HCMV,VZV_Ellen
SRR22753409,0,,0,,,,2,,,,,0,,,,2,,,,HCMV,HSV2_StrainG
SRR22753409,0,0,0,,,,,,,,0,0,,,,,,,,HCMV,EBV
SRR22753409,0,,0,,,91,,,,,,0,,,91,,,,,HCMV,HSV1_KOS
SRR22753409,0,,0,,,,,,,62,,0,,,,,,,62,HCMV,combined_herpes_viruses
SRR22753409,0,,0,0,,,,,,,,0,0,,,,,,,HCMV,HHV6B
SRR22753409,0,,0,,,,,0,,,,0,,,,,0,,,HCMV,KSHV
SRR22753409,0,,,,0,,,,0,,,,,0,,,,0,,HHV7,VZV_Ellen
SRR22753409,0,,,,0,,2,,,,,,,0,,2,,,,HHV7,HSV2_StrainG
SRR22753409,0,0,,,0,,,,,,0,,,0,,,,,,HHV7,EBV
SRR22753409,0,,,,0,91,,,,,,,,0,91,,,,,HHV7,HSV1_KOS
SRR22753409,0,,,,0,,,,,62,,,,0,,,,,62,HHV7,combined_herpes_viruses
SRR22753409,0,,,0,0,,,,,,,,0,0,,,,,,HHV7,HHV6B
SRR22753409,0,,,,0,,,0,,,,,,0,,,0,,,HHV7,KSHV
SRR22753409,0,,,,,,2,,0,,,,,,,2,,0,,VZV_Ellen,HSV2_StrainG
SRR22753409,0,0,,,,,,,0,,0,,,,,,,0,,VZV_Ellen,EBV
SRR22753409,0,,,,,91,,,0,,,,,,91,,,0,,VZV_Ellen,HSV1_KOS
SRR22753409,0,,,,,,,,0,62,,,,,,,,0,62,VZV_Ellen,combined_herpes_viruses
SRR22753409,0,,,0,,,,,0,,,,0,,,,,0,,VZV_Ellen,HHV6B
SRR22753409,0,,,,,,,0,0,,,,,,,,0,0,,VZV_Ellen,KSHV
SRR22753409,0,0,,,,,2,,,,0,,,,,2,,,,HSV2_StrainG,EBV
SRR22753409,0,,,,,91,2,,,,,,,,91,2,,,,HSV2_StrainG,HSV1_KOS
SRR22753409,1,,,,,,2,,,62,,,,,,1,,,61,HSV2_StrainG,combined_herpes_viruses
SRR22753409,0,,,0,,,2,,,,,,0,,,2,,,,HSV2_StrainG,HHV6B
SRR22753409,0,,,,,,2,0,,,,,,,,2,0,,,HSV2_StrainG,KSHV
SRR22753409,0,0,,,,91,,,,,0,,,,91,,,,,EBV,HSV1_KOS
SRR22753409,0,0,,,,,,,,62,0,,,,,,,,62,EBV,combined_herpes_viruses
SRR22753409,0,0,,0,,,,,,,0,,0,,,,,,,EBV,HHV6B
SRR22753409,0,0,,,,,,0,,,0,,,,,,0,,,EBV,KSHV
SRR22753409,48,,,,,91,,,,62,,,,,43,,,,14,HSV1_KOS,combined_herpes_viruses
SRR22753409,0,,,0,,91,,,,,,,0,,91,,,,,HSV1_KOS,HHV6B
SRR22753409,0,,,,,91,,0,,,,,,,91,,0,,,HSV1_KOS,KSHV
SRR22753409,0,,,0,,,,,,62,,,0,,,,,,62,combined_herpes_viruses,HHV6B
SRR22753409,0,,,,,,,0,,62,,,,,,,0,,62,combined_herpes_viruses,KSHV
SRR22753409,0,,,0,,,,0,,,,,0,,,,0,,,HHV6B,KSHV
SRR22753409,0,,0,,,,,,,,,0,,,,,,,,HCMV,HCMV
SRR22753409,0,,,,0,,,,,,,,,0,,,,,,HHV7,HHV7
SRR22753409,0,,,,,,,,0,,,,,,,,,0,,VZV_Ellen,VZV_Ellen
SRR22753409,2,,,,,,2,,,,,,,,,0,,,,HSV2_StrainG,HSV2_StrainG
SRR22753409,0,0,,,,,,,,,0,,,,,,,,,EBV,EBV
SRR22753409,91,,,,,91,,,,,,,,,0,,,,,HSV1_KOS,HSV1_KOS
SRR22753409,62,,,,,,,,,62,,,,,,,,,0,combined_herpes_viruses,combined_herpes_viruses
SRR22753409,0,,,0,,,,,,,,,0,,,,,,,HHV6B,HHV6B
SRR22753409,0,,,,,,,0,,,,,,,,,0,,,KSHV,KSHV
SRR22753556,0,,,,0,,,,,3,,,,0,,,,,3,combined_herpes_viruses,HHV7
SRR22753556,0,0,,,,,,,,3,0,,,,,,,,3,combined_herpes_viruses,EBV
SRR22753556,1,,,,,,,4,,3,,,,,,,3,,2,combined_herpes_viruses,KSHV
SRR22753556,0,,,,,,,,0,3,,,,,,,,0,3,combined_herpes_viruses,VZV_Ellen
SRR22753556,2,,,,,5,,,,3,,,,,3,,,,1,combined_herpes_viruses,HSV1_KOS
SRR22753556,0,,0,,,,,,,3,,0,,,,,,,3,combined_herpes_viruses,HCMV
SRR22753556,0,,,,,,2,,,3,,,,,,2,,,3,combined_herpes_viruses,HSV2_StrainG
SRR22753556,0,,,0,,,,,,3,,,0,,,,,,3,combined_herpes_viruses,HHV6B
SRR22753556,0,0,,,0,,,,,,0,,,0,,,,,,HHV7,EBV
SRR22753556,0,,,,0,,,4,,,,,,0,,,4,,,HHV7,KSHV
SRR22753556,0,,,,0,,,,0,,,,,0,,,,0,,HHV7,VZV_Ellen
SRR22753556,0,,,,0,5,,,,,,,,0,5,,,,,HHV7,HSV1_KOS
SRR22753556,0,,0,,0,,,,,,,0,,0,,,,,,HHV7,HCMV
SRR22753556,0,,,,0,,2,,,,,,,0,,2,,,,HHV7,HSV2_StrainG
SRR22753556,0,,,0,0,,,,,,,,0,0,,,,,,HHV7,HHV6B
SRR22753556,0,0,,,,,,4,,,0,,,,,,4,,,EBV,KSHV
SRR22753556,0,0,,,,,,,0,,0,,,,,,,0,,EBV,VZV_Ellen
SRR22753556,0,0,,,,5,,,,,0,,,,5,,,,,EBV,HSV1_KOS
SRR22753556,0,0,0,,,,,,,,0,0,,,,,,,,EBV,HCMV
SRR22753556,0,0,,,,,2,,,,0,,,,,2,,,,EBV,HSV2_StrainG
SRR22753556,0,0,,0,,,,,,,0,,0,,,,,,,EBV,HHV6B
SRR22753556,0,,,,,,,4,0,,,,,,,,4,0,,KSHV,VZV_Ellen
SRR22753556,0,,,,,5,,4,,,,,,,5,,4,,,KSHV,HSV1_KOS
SRR22753556,0,,0,,,,,4,,,,0,,,,,4,,,KSHV,HCMV
SRR22753556,0,,,,,,2,4,,,,,,,,2,4,,,KSHV,HSV2_StrainG
SRR22753556,0,,,0,,,,4,,,,,0,,,,4,,,KSHV,HHV6B
SRR22753556,0,,,,,5,,,0,,,,,,5,,,0,,VZV_Ellen,HSV1_KOS
SRR22753556,0,,0,,,,,,0,,,0,,,,,,0,,VZV_Ellen,HCMV
SRR22753556,0,,,,,,2,,0,,,,,,,2,,0,,VZV_Ellen,HSV2_StrainG
SRR22753556,0,,,0,,,,,0,,,,0,,,,,0,,VZV_Ellen,HHV6B
SRR22753556,0,,0,,,5,,,,,,0,,,5,,,,,HSV1_KOS,HCMV
SRR22753556,0,,,,,5,2,,,,,,,,5,2,,,,HSV1_KOS,HSV2_StrainG
SRR22753556,0,,,0,,5,,,,,,,0,,5,,,,,HSV1_KOS,HHV6B
SRR22753556,0,,0,,,,2,,,,,0,,,,2,,,,HCMV,HSV2_StrainG
SRR22753556,0,,0,0,,,,,,,,0,0,,,,,,,HCMV,HHV6B
SRR22753556,0,,,0,,,2,,,,,,0,,,2,,,,HSV2_StrainG,HHV6B
SRR22753556,3,,,,,,,,,3,,,,,,,,,0,combined_herpes_viruses,combined_herpes_viruses
SRR22753556,0,,,,0,,,,,,,,,0,,,,,,HHV7,HHV7
SRR22753556,0,0,,,,,,,,,0,,,,,,,,,EBV,EBV
SRR22753556,4,,,,,,,4,,,,,,,,,0,,,KSHV,KSHV
SRR22753556,0,,,,,,,,0,,,,,,,,,0,,VZV_Ellen,VZV_Ellen
SRR22753556,5,,,,,5,,,,,,,,,0,,,,,HSV1_KOS,HSV1_KOS
SRR22753556,0,,0,,,,,,,,,0,,,,,,,,HCMV,HCMV
SRR22753556,2,,,,,,2,,,,,,,,,0,,,,HSV2_StrainG,HSV2_StrainG
SRR22753556,0,,,0,,,,,,,,,0,,,,,,,HHV6B,HHV6B
SRR22753426,0,0,,,,9,,,,,0,,,,9,,,,,EBV,HSV1_KOS
SRR22753426,0,0,,,,,,,,9,0,,,,,,,,9,EBV,combined_herpes_viruses
SRR22753426,0,0,0,,,,,,,,0,0,,,,,,,,EBV,HCMV
SRR22753426,0,0,,,,,,,0,,0,,,,,,,0,,EBV,VZV_Ellen
SRR22753426,0,0,,0,,,,,,,0,,0,,,,,,,EBV,HHV6B
SRR22753426,0,0,,,,,1,,,,0,,,,,1,,,,EBV,HSV2_StrainG
SRR22753426,0,0,,,,,,4,,,0,,,,,,4,,,EBV,KSHV
SRR22753426,0,0,,,0,,,,,,0,,,0,,,,,,EBV,HHV7
SRR22753426,3,,,,,9,,,,9,,,,,6,,,,6,HSV1_KOS,combined_herpes_viruses
SRR22753426,0,,0,,,9,,,,,,0,,,9,,,,,HSV1_KOS,HCMV
SRR22753426,0,,,,,9,,,0,,,,,,9,,,0,,HSV1_KOS,VZV_Ellen
SRR22753426,0,,,0,,9,,,,,,,0,,9,,,,,HSV1_KOS,HHV6B
SRR22753426,0,,,,,9,1,,,,,,,,9,1,,,,HSV1_KOS,HSV2_StrainG
SRR22753426,0,,,,,9,,4,,,,,,,9,,4,,,HSV1_KOS,KSHV
SRR22753426,0,,,,0,9,,,,,,,,0,9,,,,,HSV1_KOS,HHV7
SRR22753426,0,,0,,,,,,,9,,0,,,,,,,9,combined_herpes_viruses,HCMV
SRR22753426,0,,,,,,,,0,9,,,,,,,,0,9,combined_herpes_viruses,VZV_Ellen
SRR22753426,0,,,0,,,,,,9,,,0,,,,,,9,combined_herpes_viruses,HHV6B
SRR22753426,0,,,,,,1,,,9,,,,,,1,,,9,combined_herpes_viruses,HSV2_StrainG
SRR22753426,1,,,,,,,4,,9,,,,,,,3,,8,combined_herpes_viruses,KSHV
SRR22753426,0,,,,0,,,,,9,,,,0,,,,,9,combined_herpes_viruses,HHV7
SRR22753426,0,,0,,,,,,0,,,0,,,,,,0,,HCMV,VZV_Ellen
SRR22753426,0,,0,0,,,,,,,,0,0,,,,,,,HCMV,HHV6B
SRR22753426,0,,0,,,,1,,,,,0,,,,1,,,,HCMV,HSV2_StrainG
SRR22753426,0,,0,,,,,4,,,,0,,,,,4,,,HCMV,KSHV
SRR22753426,0,,0,,0,,,,,,,0,,0,,,,,,HCMV,HHV7
SRR22753426,0,,,0,,,,,0,,,,0,,,,,0,,VZV_Ellen,HHV6B
SRR22753426,0,,,,,,1,,0,,,,,,,1,,0,,VZV_Ellen,HSV2_StrainG
SRR22753426,0,,,,,,,4,0,,,,,,,,4,0,,VZV_Ellen,KSHV
SRR22753426,0,,,,0,,,,0,,,,,0,,,,0,,VZV_Ellen,HHV7
SRR22753426,0,,,0,,,1,,,,,,0,,,1,,,,HHV6B,HSV2_StrainG
SRR22753426,0,,,0,,,,4,,,,,0,,,,4,,,HHV6B,KSHV
SRR22753426,0,,,0,0,,,,,,,,0,0,,,,,,HHV6B,HHV7
SRR22753426,0,,,,,,1,4,,,,,,,,1,4,,,HSV2_StrainG,KSHV
SRR22753426,0,,,,0,,1,,,,,,,0,,1,,,,HSV2_StrainG,HHV7
SRR22753426,0,,,,0,,,4,,,,,,0,,,4,,,KSHV,HHV7
SRR22753426,0,0,,,,,,,,,0,,,,,,,,,EBV,EBV
SRR22753426,9,,,,,9,,,,,,,,,0,,,,,HSV1_KOS,HSV1_KOS
SRR22753426,9,,,,,,,,,9,,,,,,,,,0,combined_herpes_viruses,combined_herpes_viruses
SRR22753426,0,,0,,,,,,,,,0,,,,,,,,HCMV,HCMV
SRR22753426,0,,,,,,,,0,,,,,,,,,0,,VZV_Ellen,VZV_Ellen
SRR22753426,0,,,0,,,,,,,,,0,,,,,,,HHV6B,HHV6B
SRR22753426,1,,,,,,1,,,,,,,,,0,,,,HSV2_StrainG,HSV2_StrainG
SRR22753426,4,,,,,,,4,,,,,,,,,0,,,KSHV,KSHV
SRR22753426,0,,,,0,,,,,,,,,0,,,,,,HHV7,HHV7
SRR22753431,13,,,,,17,,,,13,,,,,4,,,,0,HSV1_KOS,combined_herpes_viruses
SRR22753431,0,,,,,17,1,,,,,,,,17,1,,,,HSV1_KOS,HSV2_StrainG
SRR22753431,0,,,0,,17,,,,,,,0,,17,,,,,HSV1_KOS,HHV6B
SRR22753431,0,,,,,17,,4,,,,,,,17,,4,,,HSV1_KOS,KSHV
SRR22753431,0,0,,,,17,,,,,0,,,,17,,,,,HSV1_KOS,EBV
SRR22753431,0,,0,,,17,,,,,,0,,,17,,,,,HSV1_KOS,HCMV
SRR22753431,0,,,,0,17,,,,,,,,0,17,,,,,HSV1_KOS,HHV7
SRR22753431,0,,,,,17,,,0,,,,,,17,,,0,,HSV1_KOS,VZV_Ellen
SRR22753431,0,,,,,,1,,,13,,,,,,1,,,13,combined_herpes_viruses,HSV2_StrainG
SRR22753431,0,,,0,,,,,,13,,,0,,,,,,13,combined_herpes_viruses,HHV6B
SRR22753431,0,,,,,,,4,,13,,,,,,,4,,13,combined_herpes_viruses,KSHV
SRR22753431,0,0,,,,,,,,13,0,,,,,,,,13,combined_herpes_viruses,EBV
SRR22753431,0,,0,,,,,,,13,,0,,,,,,,13,combined_herpes_viruses,HCMV
SRR22753431,0,,,,0,,,,,13,,,,0,,,,,13,combined_herpes_viruses,HHV7
SRR22753431,0,,,,,,,,0,13,,,,,,,,0,13,combined_herpes_viruses,VZV_Ellen
SRR22753431,0,,,0,,,1,,,,,,0,,,1,,,,HSV2_StrainG,HHV6B
SRR22753431,0,,,,,,1,4,,,,,,,,1,4,,,HSV2_StrainG,KSHV
SRR22753431,0,0,,,,,1,,,,0,,,,,1,,,,HSV2_StrainG,EBV
SRR22753431,0,,0,,,,1,,,,,0,,,,1,,,,HSV2_StrainG,HCMV
SRR22753431,0,,,,0,,1,,,,,,,0,,1,,,,HSV2_StrainG,HHV7
SRR22753431,0,,,,,,1,,0,,,,,,,1,,0,,HSV2_StrainG,VZV_Ellen
SRR22753431,0,,,0,,,,4,,,,,0,,,,4,,,HHV6B,KSHV
SRR22753431,0,0,,0,,,,,,,0,,0,,,,,,,HHV6B,EBV
SRR22753431,0,,0,0,,,,,,,,0,0,,,,,,,HHV6B,HCMV
SRR22753431,0,,,0,0,,,,,,,,0,0,,,,,,HHV6B,HHV7
SRR22753431,0,,,0,,,,,0,,,,0,,,,,0,,HHV6B,VZV_Ellen
SRR22753431,0,0,,,,,,4,,,0,,,,,,4,,,KSHV,EBV
SRR22753431,0,,0,,,,,4,,,,0,,,,,4,,,KSHV,HCMV
SRR22753431,0,,,,0,,,4,,,,,,0,,,4,,,KSHV,HHV7
SRR22753431,0,,,,,,,4,0,,,,,,,,4,0,,KSHV,VZV_Ellen
SRR22753431,0,0,0,,,,,,,,0,0,,,,,,,,EBV,HCMV
SRR22753431,0,0,,,0,,,,,,0,,,0,,,,,,EBV,HHV7
SRR22753431,0,0,,,,,,,0,,0,,,,,,,0,,EBV,VZV_Ellen
SRR22753431,0,,0,,0,,,,,,,0,,0,,,,,,HCMV,HHV7
SRR22753431,0,,0,,,,,,0,,,0,,,,,,0,,HCMV,VZV_Ellen
SRR22753431,0,,,,0,,,,0,,,,,0,,,,0,,HHV7,VZV_Ellen
SRR22753431,17,,,,,17,,,,,,,,,0,,,,,HSV1_KOS,HSV1_KOS
SRR22753431,13,,,,,,,,,13,,,,,,,,,0,combined_herpes_viruses,combined_herpes_viruses
SRR22753431,1,,,,,,1,,,,,,,,,0,,,,HSV2_StrainG,HSV2_StrainG
SRR22753431,0,,,0,,,,,,,,,0,,,,,,,HHV6B,HHV6B
SRR22753431,4,,,,,,,4,,,,,,,,,0,,,KSHV,KSHV
SRR22753431,0,0,,,,,,,,,0,,,,,,,,,EBV,EBV
SRR22753431,0,,0,,,,,,,,,0,,,,,,,,HCMV,HCMV
SRR22753431,0,,,,0,,,,,,,,,0,,,,,,HHV7,HHV7
SRR22753431,0,,,,,,,,0,,,,,,,,,0,,VZV_Ellen,VZV_Ellen
SRR22753518,0,,,,,16,,4,,,,,,,16,,4,,,KSHV,HSV1_KOS
SRR22753518,0,,,,,,,4,0,,,,,,,,4,0,,KSHV,VZV_Ellen
SRR22753518,0,,0,,,,,4,,,,0,,,,,4,,,KSHV,HCMV
SRR22753518,0,,,,,,,4,,10,,,,,,,4,,10,KSHV,combined_herpes_viruses
SRR22753518,0,0,,,,,,4,,,0,,,,,,4,,,KSHV,EBV
SRR22753518,0,,,,0,,,4,,,,,,0,,,4,,,KSHV,HHV7
SRR22753518,0,,,,,,2,4,,,,,,,,2,4,,,KSHV,HSV2_StrainG
SRR22753518,0,,,0,,,,4,,,,,0,,,,4,,,KSHV,HHV6B
SRR22753518,0,,,,,16,,,0,,,,,,16,,,0,,HSV1_KOS,VZV_Ellen
SRR22753518,0,,0,,,16,,,,,,0,,,16,,,,,HSV1_KOS,HCMV
SRR22753518,5,,,,,16,,,,10,,,,,11,,,,5,HSV1_KOS,combined_herpes_viruses
SRR22753518,0,0,,,,16,,,,,0,,,,16,,,,,HSV1_KOS,EBV
SRR22753518,0,,,,0,16,,,,,,,,0,16,,,,,HSV1_KOS,HHV7
SRR22753518,0,,,,,16,2,,,,,,,,16,2,,,,HSV1_KOS,HSV2_StrainG
SRR22753518,0,,,0,,16,,,,,,,0,,16,,,,,HSV1_KOS,HHV6B
SRR22753518,0,,0,,,,,,0,,,0,,,,,,0,,VZV_Ellen,HCMV
SRR22753518,0,,,,,,,,0,10,,,,,,,,0,10,VZV_Ellen,combined_herpes_viruses
SRR22753518,0,0,,,,,,,0,,0,,,,,,,0,,VZV_Ellen,EBV
SRR22753518,0,,,,0,,,,0,,,,,0,,,,0,,VZV_Ellen,HHV7
SRR22753518,0,,,,,,2,,0,,,,,,,2,,0,,VZV_Ellen,HSV2_StrainG
SRR22753518,0,,,0,,,,,0,,,,0,,,,,0,,VZV_Ellen,HHV6B
SRR22753518,0,,0,,,,,,,10,,0,,,,,,,10,HCMV,combined_herpes_viruses
SRR22753518,0,0,0,,,,,,,,0,0,,,,,,,,HCMV,EBV
SRR22753518,0,,0,,0,,,,,,,0,,0,,,,,,HCMV,HHV7
SRR22753518,0,,0,,,,2,,,,,0,,,,2,,,,HCMV,HSV2_StrainG
SRR22753518,0,,0,0,,,,,,,,0,0,,,,,,,HCMV,HHV6B
SRR22753518,0,0,,,,,,,,10,0,,,,,,,,10,combined_herpes_viruses,EBV
SRR22753518,0,,,,0,,,,,10,,,,0,,,,,10,combined_herpes_viruses,HHV7
SRR22753518,1,,,,,,2,,,10,,,,,,1,,,9,combined_herpes_viruses,HSV2_StrainG
SRR22753518,0,,,0,,,,,,10,,,0,,,,,,10,combined_herpes_viruses,HHV6B
SRR22753518,0,0,,,0,,,,,,0,,,0,,,,,,EBV,HHV7
SRR22753518,0,0,,,,,2,,,,0,,,,,2,,,,EBV,HSV2_StrainG
SRR22753518,0,0,,0,,,,,,,0,,0,,,,,,,EBV,HHV6B
SRR22753518,0,,,,0,,2,,,,,,,0,,2,,,,HHV7,HSV2_StrainG
SRR22753518,0,,,0,0,,,,,,,,0,0,,,,,,HHV7,HHV6B
SRR22753518,0,,,0,,,2,,,,,,0,,,2,,,,HSV2_StrainG,HHV6B
SRR22753518,4,,,,,,,4,,,,,,,,,0,,,KSHV,KSHV
SRR22753518,16,,,,,16,,,,,,,,,0,,,,,HSV1_KOS,HSV1_KOS
SRR22753518,0,,,,,,,,0,,,,,,,,,0,,VZV_Ellen,VZV_Ellen
SRR22753518,0,,0,,,,,,,,,0,,,,,,,,HCMV,HCMV
SRR22753518,10,,,,,,,,,10,,,,,,,,,0,combined_herpes_viruses,combined_herpes_viruses
SRR22753518,0,0,,,,,,,,,0,,,,,,,,,EBV,EBV
SRR22753518,0,,,,0,,,,,,,,,0,,,,,,HHV7,HHV7
SRR22753518,2,,,,,,2,,,,,,,,,0,,,,HSV2_StrainG,HSV2_StrainG
SRR22753518,0,,,0,,,,,,,,,0,,,,,,,HHV6B,HHV6B
SRR22753436,0,,0,,,,,,1,,,0,,,,,,1,,VZV_Ellen,HCMV
SRR22753436,0,,,,,,0,,1,,,,,,,0,,1,,VZV_Ellen,HSV2_StrainG
SRR22753436,0,0,,,,,,,1,,0,,,,,,,1,,VZV_Ellen,EBV
SRR22753436,0,,,,,21,,,1,,,,,,21,,,1,,VZV_Ellen,HSV1_KOS
SRR22753436,0,,,,,,,3,1,,,,,,,,3,1,,VZV_Ellen,KSHV
SRR22753436,1,,,,,,,,1,18,,,,,,,,0,17,VZV_Ellen,combined_herpes_viruses
SRR22753436,0,,,0,,,,,1,,,,0,,,,,1,,VZV_Ellen,HHV6B
SRR22753436,0,,,,0,,,,1,,,,,0,,,,1,,VZV_Ellen,HHV7
SRR22753436,0,,0,,,,0,,,,,0,,,,0,,,,HCMV,HSV2_StrainG
SRR22753436,0,0,0,,,,,,,,0,0,,,,,,,,HCMV,EBV
SRR22753436,0,,0,,,21,,,,,,0,,,21,,,,,HCMV,HSV1_KOS
SRR22753436,0,,0,,,,,3,,,,0,,,,,3,,,HCMV,KSHV
SRR22753436,0,,0,,,,,,,18,,0,,,,,,,18,HCMV,combined_herpes_viruses
SRR22753436,0,,0,0,,,,,,,,0,0,,,,,,,HCMV,HHV6B
SRR22753436,0,,0,,0,,,,,,,0,,0,,,,,,HCMV,HHV7
SRR22753436,0,0,,,,,0,,,,0,,,,,0,,,,HSV2_StrainG,EBV
SRR22753436,0,,,,,21,0,,,,,,,,21,0,,,,HSV2_StrainG,HSV1_KOS
SRR22753436,0,,,,,,0,3,,,,,,,,0,3,,,HSV2_StrainG,KSHV
SRR22753436,0,,,,,,0,,,18,,,,,,0,,,18,HSV2_StrainG,combined_herpes_viruses
SRR22753436,0,,,0,,,0,,,,,,0,,,0,,,,HSV2_StrainG,HHV6B
SRR22753436,0,,,,0,,0,,,,,,,0,,0,,,,HSV2_StrainG,HHV7
SRR22753436,0,0,,,,21,,,,,0,,,,21,,,,,EBV,HSV1_KOS
SRR22753436,0,0,,,,,,3,,,0,,,,,,3,,,EBV,KSHV
SRR22753436,0,0,,,,,,,,18,0,,,,,,,,18,EBV,combined_herpes_viruses
SRR22753436,0,0,,0,,,,,,,0,,0,,,,,,,EBV,HHV6B
SRR22753436,0,0,,,0,,,,,,0,,,0,,,,,,EBV,HHV7
SRR22753436,0,,,,,21,,3,,,,,,,21,,3,,,HSV1_KOS,KSHV
SRR22753436,14,,,,,21,,,,18,,,,,7,,,,4,HSV1_KOS,combined_herpes_viruses
SRR22753436,0,,,0,,21,,,,,,,0,,21,,,,,HSV1_KOS,HHV6B
SRR22753436,0,,,,0,21,,,,,,,,0,21,,,,,HSV1_KOS,HHV7
SRR22753436,0,,,,,,,3,,18,,,,,,,3,,18,KSHV,combined_herpes_viruses
SRR22753436,0,,,0,,,,3,,,,,0,,,,3,,,KSHV,HHV6B
SRR22753436,0,,,,0,,,3,,,,,,0,,,3,,,KSHV,HHV7
SRR22753436,0,,,0,,,,,,18,,,0,,,,,,18,combined_herpes_viruses,HHV6B
SRR22753436,0,,,,0,,,,,18,,,,0,,,,,18,combined_herpes_viruses,HHV7
SRR22753436,0,,,0,0,,,,,,,,0,0,,,,,,HHV6B,HHV7
SRR22753436,1,,,,,,,,1,,,,,,,,,0,,VZV_Ellen,VZV_Ellen
SRR22753436,0,,0,,,,,,,,,0,,,,,,,,HCMV,HCMV
SRR22753436,0,,,,,,0,,,,,,,,,0,,,,HSV2_StrainG,HSV2_StrainG
SRR22753436,0,0,,,,,,,,,0,,,,,,,,,EBV,EBV
SRR22753436,21,,,,,21,,,,,,,,,0,,,,,HSV1_KOS,HSV1_KOS
SRR22753436,3,,,,,,,3,,,,,,,,,0,,,KSHV,KSHV
SRR22753436,18,,,,,,,,,18,,,,,,,,,0,combined_herpes_viruses,combined_herpes_viruses
SRR22753436,0,,,0,,,,,,,,,0,,,,,,,HHV6B,HHV6B
SRR22753436,0,,,,0,,,,,,,,,0,,,,,,HHV7,HHV7
SRR22753585,0,0,,,,,2,,,,0,,,,,2,,,,EBV,HSV2_StrainG
SRR22753585,0,0,,,,184,,,,,0,,,,184,,,,,EBV,HSV1_KOS
SRR22753585,0,0,,,,,,4,,,0,,,,,,4,,,EBV,KSHV
SRR22753585,0,0,,1,,,,,,,0,,1,,,,,,,EBV,HHV6B
SRR22753585,0,0,,,,,,,0,,0,,,,,,,0,,EBV,VZV_Ellen
SRR22753585,0,0,0,,,,,,,,0,0,,,,,,,,EBV,HCMV
SRR22753585,0,0,,,,,,,,116,0,,,,,,,,116,EBV,combined_herpes_viruses
SRR22753585,0,0,,,0,,,,,,0,,,0,,,,,,EBV,HHV7
SRR22753585,0,,,,,184,2,,,,,,,,184,2,,,,HSV2_StrainG,HSV1_KOS
SRR22753585,0,,,,,,2,4,,,,,,,,2,4,,,HSV2_StrainG,KSHV
SRR22753585,0,,,1,,,2,,,,,,1,,,2,,,,HSV2_StrainG,HHV6B
SRR22753585,0,,,,,,2,,0,,,,,,,2,,0,,HSV2_StrainG,VZV_Ellen
SRR22753585,0,,0,,,,2,,,,,0,,,,2,,,,HSV2_StrainG,HCMV
SRR22753585,1,,,,,,2,,,116,,,,,,1,,,115,HSV2_StrainG,combined_herpes_viruses
SRR22753585,0,,,,0,,2,,,,,,,0,,2,,,,HSV2_StrainG,HHV7
SRR22753585,0,,,,,184,,4,,,,,,,184,,4,,,HSV1_KOS,KSHV
SRR22753585,0,,,1,,184,,,,,,,1,,184,,,,,HSV1_KOS,HHV6B
SRR22753585,0,,,,,184,,,0,,,,,,184,,,0,,HSV1_KOS,VZV_Ellen
SRR22753585,0,,0,,,184,,,,,,0,,,184,,,,,HSV1_KOS,HCMV
SRR22753585,90,,,,,184,,,,116,,,,,94,,,,26,HSV1_KOS,combined_herpes_viruses
SRR22753585,0,,,,0,184,,,,,,,,0,184,,,,,HSV1_KOS,HHV7
SRR22753585,0,,,1,,,,4,,,,,1,,,,4,,,KSHV,HHV6B
SRR22753585,0,,,,,,,4,0,,,,,,,,4,0,,KSHV,VZV_Ellen
SRR22753585,0,,0,,,,,4,,,,0,,,,,4,,,KSHV,HCMV
SRR22753585,0,,,,,,,4,,116,,,,,,,4,,116,KSHV,combined_herpes_viruses
SRR22753585,0,,,,0,,,4,,,,,,0,,,4,,,KSHV,HHV7
SRR22753585,0,,,1,,,,,0,,,,1,,,,,0,,HHV6B,VZV_Ellen
SRR22753585,0,,0,1,,,,,,,,0,1,,,,,,,HHV6B,HCMV
SRR22753585,0,,,1,,,,,,116,,,1,,,,,,116,HHV6B,combined_herpes_viruses
SRR22753585,0,,,1,0,,,,,,,,1,0,,,,,,HHV6B,HHV7
SRR22753585,0,,0,,,,,,0,,,0,,,,,,0,,VZV_Ellen,HCMV
SRR22753585,0,,,,,,,,0,116,,,,,,,,0,116,VZV_Ellen,combined_herpes_viruses
SRR22753585,0,,,,0,,,,0,,,,,0,,,,0,,VZV_Ellen,HHV7
SRR22753585,0,,0,,,,,,,116,,0,,,,,,,116,HCMV,combined_herpes_viruses
SRR22753585,0,,0,,0,,,,,,,0,,0,,,,,,HCMV,HHV7
SRR22753585,0,,,,0,,,,,116,,,,0,,,,,116,combined_herpes_viruses,HHV7
SRR22753585,0,0,,,,,,,,,0,,,,,,,,,EBV,EBV
SRR22753585,2,,,,,,2,,,,,,,,,0,,,,HSV2_StrainG,HSV2_StrainG
SRR22753585,184,,,,,184,,,,,,,,,0,,,,,HSV1_KOS,HSV1_KOS
SRR22753585,4,,,,,,,4,,,,,,,,,0,,,KSHV,KSHV
SRR22753585,1,,,1,,,,,,,,,0,,,,,,,HHV6B,HHV6B
SRR22753585,0,,,,,,,,0,,,,,,,,,0,,VZV_Ellen,VZV_Ellen
SRR22753585,0,,0,,,,,,,,,0,,,,,,,,HCMV,HCMV
SRR22753585,116,,,,,,,,,116,,,,,,,,,0,combined_herpes_viruses,combined_herpes_viruses
SRR22753585,0,,,,0,,,,,,,,,0,,,,,,HHV7,HHV7
SRR22753437,0,,,,,13,,,0,,,,,,13,,,0,,HSV1_KOS,VZV_Ellen
SRR22753437,6,,,,,13,,,,12,,,,,7,,,,6,HSV1_KOS,combined_herpes_viruses
SRR22753437,0,,,,,13,1,,,,,,,,13,1,,,,HSV1_KOS,HSV2_StrainG
SRR22753437,0,,0,,,13,,,,,,0,,,13,,,,,HSV1_KOS,HCMV
SRR22753437,0,0,,,,13,,,,,0,,,,13,,,,,HSV1_KOS,EBV
SRR22753437,0,,,1,,13,,,,,,,1,,13,,,,,HSV1_KOS,HHV6B
SRR22753437,0,,,,,13,,0,,,,,,,13,,0,,,HSV1_KOS,KSHV
SRR22753437,0,,,,0,13,,,,,,,,0,13,,,,,HSV1_KOS,HHV7
SRR22753437,0,,,,,,,,0,12,,,,,,,,0,12,VZV_Ellen,combined_herpes_viruses
SRR22753437,0,,,,,,1,,0,,,,,,,1,,0,,VZV_Ellen,HSV2_StrainG
SRR22753437,0,,0,,,,,,0,,,0,,,,,,0,,VZV_Ellen,HCMV
SRR22753437,0,0,,,,,,,0,,0,,,,,,,0,,VZV_Ellen,EBV
SRR22753437,0,,,1,,,,,0,,,,1,,,,,0,,VZV_Ellen,HHV6B
SRR22753437,0,,,,,,,0,0,,,,,,,,0,0,,VZV_Ellen,KSHV
SRR22753437,0,,,,0,,,,0,,,,,0,,,,0,,VZV_Ellen,HHV7
SRR22753437,1,,,,,,1,,,12,,,,,,0,,,11,combined_herpes_viruses,HSV2_StrainG
SRR22753437,0,,0,,,,,,,12,,0,,,,,,,12,combined_herpes_viruses,HCMV
SRR22753437,0,0,,,,,,,,12,0,,,,,,,,12,combined_herpes_viruses,EBV
SRR22753437,0,,,1,,,,,,12,,,1,,,,,,12,combined_herpes_viruses,HHV6B
SRR22753437,0,,,,,,,0,,12,,,,,,,0,,12,combined_herpes_viruses,KSHV
SRR22753437,0,,,,0,,,,,12,,,,0,,,,,12,combined_herpes_viruses,HHV7
SRR22753437,0,,0,,,,1,,,,,0,,,,1,,,,HSV2_StrainG,HCMV
SRR22753437,0,0,,,,,1,,,,0,,,,,1,,,,HSV2_StrainG,EBV
SRR22753437,0,,,1,,,1,,,,,,1,,,1,,,,HSV2_StrainG,HHV6B
SRR22753437,0,,,,,,1,0,,,,,,,,1,0,,,HSV2_StrainG,KSHV
SRR22753437,0,,,,0,,1,,,,,,,0,,1,,,,HSV2_StrainG,HHV7
SRR22753437,0,0,0,,,,,,,,0,0,,,,,,,,HCMV,EBV
SRR22753437,0,,0,1,,,,,,,,0,1,,,,,,,HCMV,HHV6B
SRR22753437,0,,0,,,,,0,,,,0,,,,,0,,,HCMV,KSHV
SRR22753437,0,,0,,0,,,,,,,0,,0,,,,,,HCMV,HHV7
SRR22753437,0,0,,1,,,,,,,0,,1,,,,,,,EBV,HHV6B
SRR22753437,0,0,,,,,,0,,,0,,,,,,0,,,EBV,KSHV
SRR22753437,0,0,,,0,,,,,,0,,,0,,,,,,EBV,HHV7
SRR22753437,0,,,1,,,,0,,,,,1,,,,0,,,HHV6B,KSHV
SRR22753437,0,,,1,0,,,,,,,,1,0,,,,,,HHV6B,HHV7
SRR22753437,0,,,,0,,,0,,,,,,0,,,0,,,KSHV,HHV7
SRR22753437,13,,,,,13,,,,,,,,,0,,,,,HSV1_KOS,HSV1_KOS
SRR22753437,0,,,,,,,,0,,,,,,,,,0,,VZV_Ellen,VZV_Ellen
SRR22753437,12,,,,,,,,,12,,,,,,,,,0,combined_herpes_viruses,combined_herpes_viruses
SRR22753437,1,,,,,,1,,,,,,,,,0,,,,HSV2_StrainG,HSV2_StrainG
SRR22753437,0,,0,,,,,,,,,0,,,,,,,,HCMV,HCMV
SRR22753437,0,0,,,,,,,,,0,,,,,,,,,EBV,EBV
SRR22753437,1,,,1,,,,,,,,,0,,,,,,,HHV6B,HHV6B
SRR22753437,0,,,,,,,0,,,,,,,,,0,,,KSHV,KSHV
SRR22753437,0,,,,0,,,,,,,,,0,,,,,,HHV7,HHV7
SRR22753534,0,,,,0,,,,,2,,,,0,,,,,2,HHV7,combined_herpes_viruses
SRR22753534,0,,0,,0,,,,,,,0,,0,,,,,,HHV7,HCMV
SRR22753534,0,,,,0,,2,,,,,,,0,,2,,,,HHV7,HSV2_StrainG
SRR22753534,0,,,,0,2,,,,,,,,0,2,,,,,HHV7,HSV1_KOS
SRR22753534,0,0,,,0,,,,,,0,,,0,,,,,,HHV7,EBV
SRR22753534,0,,,1,0,,,,,,,,1,0,,,,,,HHV7,HHV6B
SRR22753534,0,,,,0,,,,0,,,,,0,,,,0,,HHV7,VZV_Ellen
SRR22753534,0,,,,0,,,2,,,,,,0,,,2,,,HHV7,KSHV
SRR22753534,0,,0,,,,,,,2,,0,,,,,,,2,combined_herpes_viruses,HCMV
SRR22753534,0,,,,,,2,,,2,,,,,,2,,,2,combined_herpes_viruses,HSV2_StrainG
SRR22753534,1,,,,,2,,,,2,,,,,1,,,,1,combined_herpes_viruses,HSV1_KOS
SRR22753534,0,0,,,,,,,,2,0,,,,,,,,2,combined_herpes_viruses,EBV
SRR22753534,0,,,1,,,,,,2,,,1,,,,,,2,combined_herpes_viruses,HHV6B
SRR22753534,0,,,,,,,,0,2,,,,,,,,0,2,combined_herpes_viruses,VZV_Ellen
SRR22753534,0,,,,,,,2,,2,,,,,,,2,,2,combined_herpes_viruses,KSHV
SRR22753534,0,,0,,,,2,,,,,0,,,,2,,,,HCMV,HSV2_StrainG
SRR22753534,0,,0,,,2,,,,,,0,,,2,,,,,HCMV,HSV1_KOS
SRR22753534,0,0,0,,,,,,,,0,0,,,,,,,,HCMV,EBV
SRR22753534,0,,0,1,,,,,,,,0,1,,,,,,,HCMV,HHV6B
SRR22753534,0,,0,,,,,,0,,,0,,,,,,0,,HCMV,VZV_Ellen
SRR22753534,0,,0,,,,,2,,,,0,,,,,2,,,HCMV,KSHV
SRR22753534,0,,,,,2,2,,,,,,,,2,2,,,,HSV2_StrainG,HSV1_KOS
SRR22753534,0,0,,,,,2,,,,0,,,,,2,,,,HSV2_StrainG,EBV
SRR22753534,0,,,1,,,2,,,,,,1,,,2,,,,HSV2_StrainG,HHV6B
SRR22753534,0,,,,,,2,,0,,,,,,,2,,0,,HSV2_StrainG,VZV_Ellen
SRR22753534,0,,,,,,2,2,,,,,,,,2,2,,,HSV2_StrainG,KSHV
SRR22753534,0,0,,,,2,,,,,0,,,,2,,,,,HSV1_KOS,EBV
SRR22753534,0,,,1,,2,,,,,,,1,,2,,,,,HSV1_KOS,HHV6B
SRR22753534,0,,,,,2,,,0,,,,,,2,,,0,,HSV1_KOS,VZV_Ellen
SRR22753534,0,,,,,2,,2,,,,,,,2,,2,,,HSV1_KOS,KSHV
SRR22753534,0,0,,1,,,,,,,0,,1,,,,,,,EBV,HHV6B
SRR22753534,0,0,,,,,,,0,,0,,,,,,,0,,EBV,VZV_Ellen
SRR22753534,0,0,,,,,,2,,,0,,,,,,2,,,EBV,KSHV
SRR22753534,0,,,1,,,,,0,,,,1,,,,,0,,HHV6B,VZV_Ellen
SRR22753534,0,,,1,,,,2,,,,,1,,,,2,,,HHV6B,KSHV
SRR22753534,0,,,,,,,2,0,,,,,,,,2,0,,VZV_Ellen,KSHV
SRR22753534,0,,,,0,,,,,,,,,0,,,,,,HHV7,HHV7
SRR22753534,2,,,,,,,,,2,,,,,,,,,0,combined_herpes_viruses,combined_herpes_viruses
SRR22753534,0,,0,,,,,,,,,0,,,,,,,,HCMV,HCMV
SRR22753534,2,,,,,,2,,,,,,,,,0,,,,HSV2_StrainG,HSV2_StrainG
SRR22753534,2,,,,,2,,,,,,,,,0,,,,,HSV1_KOS,HSV1_KOS
SRR22753534,0,0,,,,,,,,,0,,,,,,,,,EBV,EBV
SRR22753534,1,,,1,,,,,,,,,0,,,,,,,HHV6B,HHV6B
SRR22753534,0,,,,,,,,0,,,,,,,,,0,,VZV_Ellen,VZV_Ellen
SRR22753534,2,,,,,,,2,,,,,,,,,0,,,KSHV,KSHV
SRR22753540,0,,,,,3,,2,,,,,,,3,,2,,,HSV1_KOS,KSHV
SRR22753540,0,0,,,,3,,,,,0,,,,3,,,,,HSV1_KOS,EBV
SRR22753540,0,,,,,3,3,,,,,,,,3,3,,,,HSV1_KOS,HSV2_StrainG
SRR22753540,0,,0,,,3,,,,,,0,,,3,,,,,HSV1_KOS,HCMV
SRR22753540,0,,,,,3,,,0,,,,,,3,,,0,,HSV1_KOS,VZV_Ellen
SRR22753540,0,,,,0,3,,,,,,,,0,3,,,,,HSV1_KOS,HHV7
SRR22753540,0,,,0,,3,,,,,,,0,,3,,,,,HSV1_KOS,HHV6B
SRR22753540,2,,,,,3,,,,2,,,,,1,,,,0,HSV1_KOS,combined_herpes_viruses
SRR22753540,0,0,,,,,,2,,,0,,,,,,2,,,KSHV,EBV
SRR22753540,0,,,,,,3,2,,,,,,,,3,2,,,KSHV,HSV2_StrainG
SRR22753540,0,,0,,,,,2,,,,0,,,,,2,,,KSHV,HCMV
SRR22753540,0,,,,,,,2,0,,,,,,,,2,0,,KSHV,VZV_Ellen
SRR22753540,0,,,,0,,,2,,,,,,0,,,2,,,KSHV,HHV7
SRR22753540,0,,,0,,,,2,,,,,0,,,,2,,,KSHV,HHV6B
SRR22753540,0,,,,,,,2,,2,,,,,,,2,,2,KSHV,combined_herpes_viruses
SRR22753540,0,0,,,,,3,,,,0,,,,,3,,,,EBV,HSV2_StrainG
SRR22753540,0,0,0,,,,,,,,0,0,,,,,,,,EBV,HCMV
SRR22753540,0,0,,,,,,,0,,0,,,,,,,0,,EBV,VZV_Ellen
SRR22753540,0,0,,,0,,,,,,0,,,0,,,,,,EBV,HHV7
SRR22753540,0,0,,0,,,,,,,0,,0,,,,,,,EBV,HHV6B
SRR22753540,0,0,,,,,,,,2,0,,,,,,,,2,EBV,combined_herpes_viruses
SRR22753540,0,,0,,,,3,,,,,0,,,,3,,,,HSV2_StrainG,HCMV
SRR22753540,0,,,,,,3,,0,,,,,,,3,,0,,HSV2_StrainG,VZV_Ellen
SRR22753540,0,,,,0,,3,,,,,,,0,,3,,,,HSV2_StrainG,HHV7
SRR22753540,0,,,0,,,3,,,,,,0,,,3,,,,HSV2_StrainG,HHV6B
SRR22753540,0,,,,,,3,,,2,,,,,,3,,,2,HSV2_StrainG,combined_herpes_viruses
SRR22753540,0,,0,,,,,,0,,,0,,,,,,0,,HCMV,VZV_Ellen
SRR22753540,0,,0,,0,,,,,,,0,,0,,,,,,HCMV,HHV7
SRR22753540,0,,0,0,,,,,,,,0,0,,,,,,,HCMV,HHV6B
SRR22753540,0,,0,,,,,,,2,,0,,,,,,,2,HCMV,combined_herpes_viruses
SRR22753540,0,,,,0,,,,0,,,,,0,,,,0,,VZV_Ellen,HHV7
SRR22753540,0,,,0,,,,,0,,,,0,,,,,0,,VZV_Ellen,HHV6B
SRR22753540,0,,,,,,,,0,2,,,,,,,,0,2,VZV_Ellen,combined_herpes_viruses
SRR22753540,0,,,0,0,,,,,,,,0,0,,,,,,HHV7,HHV6B
SRR22753540,0,,,,0,,,,,2,,,,0,,,,,2,HHV7,combined_herpes_viruses
SRR22753540,0,,,0,,,,,,2,,,0,,,,,,2,HHV6B,combined_herpes_viruses
SRR22753540,3,,,,,3,,,,,,,,,0,,,,,HSV1_KOS,HSV1_KOS
SRR22753540,2,,,,,,,2,,,,,,,,,0,,,KSHV,KSHV
SRR22753540,0,0,,,,,,,,,0,,,,,,,,,EBV,EBV
SRR22753540,3,,,,,,3,,,,,,,,,0,,,,HSV2_StrainG,HSV2_StrainG
SRR22753540,0,,0,,,,,,,,,0,,,,,,,,HCMV,HCMV
SRR22753540,0,,,,,,,,0,,,,,,,,,0,,VZV_Ellen,VZV_Ellen
SRR22753540,0,,,,0,,,,,,,,,0,,,,,,HHV7,HHV7
SRR22753540,0,,,0,,,,,,,,,0,,,,,,,HHV6B,HHV6B
SRR22753540,2,,,,,,,,,2,,,,,,,,,0,combined_herpes_viruses,combined_herpes_viruses
SRR22753466,0,,0,,,204,,,,,,0,,,204,,,,,HSV1_KOS,HCMV
SRR22753466,0,,,2,,204,,,,,,,2,,204,,,,,HSV1_KOS,HHV6B
SRR22753466,131,,,,,204,,,,175,,,,,73,,,,44,HSV1_KOS,combined_herpes_viruses
SRR22753466,0,,,,,204,,,0,,,,,,204,,,0,,HSV1_KOS,VZV_Ellen
SRR22753466,0,,,,0,204,,,,,,,,0,204,,,,,HSV1_KOS,HHV7
SRR22753466,0,,,,,204,3,,,,,,,,204,3,,,,HSV1_KOS,HSV2_StrainG
SRR22753466,0,,,,,204,,5,,,,,,,204,,5,,,HSV1_KOS,KSHV
SRR22753466,0,0,,,,204,,,,,0,,,,204,,,,,HSV1_KOS,EBV
SRR22753466,0,,0,2,,,,,,,,0,2,,,,,,,HCMV,HHV6B
SRR22753466,0,,0,,,,,,,175,,0,,,,,,,175,HCMV,combined_herpes_viruses
SRR22753466,0,,0,,,,,,0,,,0,,,,,,0,,HCMV,VZV_Ellen
SRR22753466,0,,0,,0,,,,,,,0,,0,,,,,,HCMV,HHV7
SRR22753466,0,,0,,,,3,,,,,0,,,,3,,,,HCMV,HSV2_StrainG
SRR22753466,0,,0,,,,,5,,,,0,,,,,5,,,HCMV,KSHV
SRR22753466,0,0,0,,,,,,,,0,0,,,,,,,,HCMV,EBV
SRR22753466,0,,,2,,,,,,175,,,2,,,,,,175,HHV6B,combined_herpes_viruses
SRR22753466,0,,,2,,,,,0,,,,2,,,,,0,,HHV6B,VZV_Ellen
SRR22753466,0,,,2,0,,,,,,,,2,0,,,,,,HHV6B,HHV7
SRR22753466,0,,,2,,,3,,,,,,2,,,3,,,,HHV6B,HSV2_StrainG
SRR22753466,0,,,2,,,,5,,,,,2,,,,5,,,HHV6B,KSHV
SRR22753466,0,0,,2,,,,,,,0,,2,,,,,,,HHV6B,EBV
SRR22753466,0,,,,,,,,0,175,,,,,,,,0,175,combined_herpes_viruses,VZV_Ellen
SRR22753466,0,,,,0,,,,,175,,,,0,,,,,175,combined_herpes_viruses,HHV7
SRR22753466,1,,,,,,3,,,175,,,,,,2,,,174,combined_herpes_viruses,HSV2_StrainG
SRR22753466,0,,,,,,,5,,175,,,,,,,5,,175,combined_herpes_viruses,KSHV
SRR22753466,0,0,,,,,,,,175,0,,,,,,,,175,combined_herpes_viruses,EBV
SRR22753466,0,,,,0,,,,0,,,,,0,,,,0,,VZV_Ellen,HHV7
SRR22753466,0,,,,,,3,,0,,,,,,,3,,0,,VZV_Ellen,HSV2_StrainG
SRR22753466,0,,,,,,,5,0,,,,,,,,5,0,,VZV_Ellen,KSHV
SRR22753466,0,0,,,,,,,0,,0,,,,,,,0,,VZV_Ellen,EBV
SRR22753466,0,,,,0,,3,,,,,,,0,,3,,,,HHV7,HSV2_StrainG
SRR22753466,0,,,,0,,,5,,,,,,0,,,5,,,HHV7,KSHV
SRR22753466,0,0,,,0,,,,,,0,,,0,,,,,,HHV7,EBV
SRR22753466,0,,,,,,3,5,,,,,,,,3,5,,,HSV2_StrainG,KSHV
SRR22753466,0,0,,,,,3,,,,0,,,,,3,,,,HSV2_StrainG,EBV
SRR22753466,0,0,,,,,,5,,,0,,,,,,5,,,KSHV,EBV
SRR22753466,204,,,,,204,,,,,,,,,0,,,,,HSV1_KOS,HSV1_KOS
SRR22753466,0,,0,,,,,,,,,0,,,,,,,,HCMV,HCMV
SRR22753466,2,,,2,,,,,,,,,0,,,,,,,HHV6B,HHV6B
SRR22753466,175,,,,,,,,,175,,,,,,,,,0,combined_herpes_viruses,combined_herpes_viruses
SRR22753466,0,,,,,,,,0,,,,,,,,,0,,VZV_Ellen,VZV_Ellen
SRR22753466,0,,,,0,,,,,,,,,0,,,,,,HHV7,HHV7
SRR22753466,3,,,,,,3,,,,,,,,,0,,,,HSV2_StrainG,HSV2_StrainG
SRR22753466,5,,,,,,,5,,,,,,,,,0,,,KSHV,KSHV
SRR22753466,0,0,,,,,,,,,0,,,,,,,,,EBV,EBV
SRR22753527,0,,,,0,,,,0,,,,,0,,,,0,,VZV_Ellen,HHV7
SRR22753527,0,,,,,,,7,0,,,,,,,,7,0,,VZV_Ellen,KSHV
SRR22753527,0,,0,,,,,,0,,,0,,,,,,0,,VZV_Ellen,HCMV
SRR22753527,0,0,,,,,,,0,,0,,,,,,,0,,VZV_Ellen,EBV
SRR22753527,0,,,,,,,,0,9,,,,,,,,0,9,VZV_Ellen,combined_herpes_viruses
SRR22753527,0,,,0,,,,,0,,,,0,,,,,0,,VZV_Ellen,HHV6B
SRR22753527,0,,,,,5,,,0,,,,,,5,,,0,,VZV_Ellen,HSV1_KOS
SRR22753527,0,,,,,,3,,0,,,,,,,3,,0,,VZV_Ellen,HSV2_StrainG
SRR22753527,0,,,,0,,,7,,,,,,0,,,7,,,HHV7,KSHV
SRR22753527,0,,0,,0,,,,,,,0,,0,,,,,,HHV7,HCMV
SRR22753527,0,0,,,0,,,,,,0,,,0,,,,,,HHV7,EBV
SRR22753527,0,,,,0,,,,,9,,,,0,,,,,9,HHV7,combined_herpes_viruses
SRR22753527,0,,,0,0,,,,,,,,0,0,,,,,,HHV7,HHV6B
SRR22753527,0,,,,0,5,,,,,,,,0,5,,,,,HHV7,HSV1_KOS
SRR22753527,0,,,,0,,3,,,,,,,0,,3,,,,HHV7,HSV2_StrainG
SRR22753527,0,,0,,,,,7,,,,0,,,,,7,,,KSHV,HCMV
SRR22753527,0,0,,,,,,7,,,0,,,,,,7,,,KSHV,EBV
SRR22753527,3,,,,,,,7,,9,,,,,,,4,,6,KSHV,combined_herpes_viruses
SRR22753527,0,,,0,,,,7,,,,,0,,,,7,,,KSHV,HHV6B
SRR22753527,0,,,,,5,,7,,,,,,,5,,7,,,KSHV,HSV1_KOS
SRR22753527,0,,,,,,3,7,,,,,,,,3,7,,,KSHV,HSV2_StrainG
SRR22753527,0,0,0,,,,,,,,0,0,,,,,,,,HCMV,EBV
SRR22753527,0,,0,,,,,,,9,,0,,,,,,,9,HCMV,combined_herpes_viruses
SRR22753527,0,,0,0,,,,,,,,0,0,,,,,,,HCMV,HHV6B
SRR22753527,0,,0,,,5,,,,,,0,,,5,,,,,HCMV,HSV1_KOS
SRR22753527,0,,0,,,,3,,,,,0,,,,3,,,,HCMV,HSV2_StrainG
SRR22753527,0,0,,,,,,,,9,0,,,,,,,,9,EBV,combined_herpes_viruses
SRR22753527,0,0,,0,,,,,,,0,,0,,,,,,,EBV,HHV6B
SRR22753527,0,0,,,,5,,,,,0,,,,5,,,,,EBV,HSV1_KOS
SRR22753527,0,0,,,,,3,,,,0,,,,,3,,,,EBV,HSV2_StrainG
SRR22753527,0,,,0,,,,,,9,,,0,,,,,,9,combined_herpes_viruses,HHV6B
SRR22753527,2,,,,,5,,,,9,,,,,3,,,,7,combined_herpes_viruses,HSV1_KOS
SRR22753527,0,,,,,,3,,,9,,,,,,3,,,9,combined_herpes_viruses,HSV2_StrainG
SRR22753527,0,,,0,,5,,,,,,,0,,5,,,,,HHV6B,HSV1_KOS
SRR22753527,0,,,0,,,3,,,,,,0,,,3,,,,HHV6B,HSV2_StrainG
SRR22753527,0,,,,,5,3,,,,,,,,5,3,,,,HSV1_KOS,HSV2_StrainG
SRR22753527,0,,,,,,,,0,,,,,,,,,0,,VZV_Ellen,VZV_Ellen
SRR22753527,0,,,,0,,,,,,,,,0,,,,,,HHV7,HHV7
SRR22753527,7,,,,,,,7,,,,,,,,,0,,,KSHV,KSHV
SRR22753527,0,,0,,,,,,,,,0,,,,,,,,HCMV,HCMV
SRR22753527,0,0,,,,,,,,,0,,,,,,,,,EBV,EBV
SRR22753527,9,,,,,,,,,9,,,,,,,,,0,combined_herpes_viruses,combined_herpes_viruses
SRR22753527,0,,,0,,,,,,,,,0,,,,,,,HHV6B,HHV6B
SRR22753527,5,,,,,5,,,,,,,,,0,,,,,HSV1_KOS,HSV1_KOS
SRR22753527,3,,,,,,3,,,,,,,,,0,,,,HSV2_StrainG,HSV2_StrainG
SRR22753586,0,,,,,,,5,0,,,,,,,,5,0,,VZV_Ellen,KSHV
SRR22753586,0,0,,,,,,,0,,0,,,,,,,0,,VZV_Ellen,EBV
SRR22753586,0,,,,0,,,,0,,,,,0,,,,0,,VZV_Ellen,HHV7
SRR22753586,0,,0,,,,,,0,,,0,,,,,,0,,VZV_Ellen,HCMV
SRR22753586,0,,,,,,2,,0,,,,,,,2,,0,,VZV_Ellen,HSV2_StrainG
SRR22753586,0,,,2,,,,,0,,,,2,,,,,0,,VZV_Ellen,HHV6B
SRR22753586,0,,,,,,,,0,35,,,,,,,,0,35,VZV_Ellen,combined_herpes_viruses
SRR22753586,0,,,,,59,,,0,,,,,,59,,,0,,VZV_Ellen,HSV1_KOS
SRR22753586,0,0,,,,,,5,,,0,,,,,,5,,,KSHV,EBV
SRR22753586,0,,,,0,,,5,,,,,,0,,,5,,,KSHV,HHV7
SRR22753586,0,,0,,,,,5,,,,0,,,,,5,,,KSHV,HCMV
SRR22753586,0,,,,,,2,5,,,,,,,,2,5,,,KSHV,HSV2_StrainG
SRR22753586,1,,,2,,,,5,,,,,1,,,,4,,,KSHV,HHV6B
SRR22753586,2,,,,,,,5,,35,,,,,,,3,,33,KSHV,combined_herpes_viruses
SRR22753586,0,,,,,59,,5,,,,,,,59,,5,,,KSHV,HSV1_KOS
SRR22753586,0,0,,,0,,,,,,0,,,0,,,,,,EBV,HHV7
SRR22753586,0,0,0,,,,,,,,0,0,,,,,,,,EBV,HCMV
SRR22753586,0,0,,,,,2,,,,0,,,,,2,,,,EBV,HSV2_StrainG
SRR22753586,0,0,,2,,,,,,,0,,2,,,,,,,EBV,HHV6B
SRR22753586,0,0,,,,,,,,35,0,,,,,,,,35,EBV,combined_herpes_viruses
SRR22753586,0,0,,,,59,,,,,0,,,,59,,,,,EBV,HSV1_KOS
SRR22753586,0,,0,,0,,,,,,,0,,0,,,,,,HHV7,HCMV
SRR22753586,0,,,,0,,2,,,,,,,0,,2,,,,HHV7,HSV2_StrainG
SRR22753586,0,,,2,0,,,,,,,,2,0,,,,,,HHV7,HHV6B
SRR22753586,0,,,,0,,,,,35,,,,0,,,,,35,HHV7,combined_herpes_viruses
SRR22753586,0,,,,0,59,,,,,,,,0,59,,,,,HHV7,HSV1_KOS
SRR22753586,0,,0,,,,2,,,,,0,,,,2,,,,HCMV,HSV2_StrainG
SRR22753586,0,,0,2,,,,,,,,0,2,,,,,,,HCMV,HHV6B
SRR22753586,0,,0,,,,,,,35,,0,,,,,,,35,HCMV,combined_herpes_viruses
SRR22753586,0,,0,,,59,,,,,,0,,,59,,,,,HCMV,HSV1_KOS
SRR22753586,0,,,2,,,2,,,,,,2,,,2,,,,HSV2_StrainG,HHV6B
SRR22753586,1,,,,,,2,,,35,,,,,,1,,,34,HSV2_StrainG,combined_herpes_viruses
SRR22753586,0,,,,,59,2,,,,,,,,59,2,,,,HSV2_StrainG,HSV1_KOS
SRR22753586,1,,,2,,,,,,35,,,1,,,,,,34,HHV6B,combined_herpes_viruses
SRR22753586,0,,,2,,59,,,,,,,2,,59,,,,,HHV6B,HSV1_KOS
SRR22753586,24,,,,,59,,,,35,,,,,35,,,,11,combined_herpes_viruses,HSV1_KOS
SRR22753586,0,,,,,,,,0,,,,,,,,,0,,VZV_Ellen,VZV_Ellen
SRR22753586,5,,,,,,,5,,,,,,,,,0,,,KSHV,KSHV
SRR22753586,0,0,,,,,,,,,0,,,,,,,,,EBV,EBV
SRR22753586,0,,,,0,,,,,,,,,0,,,,,,HHV7,HHV7
SRR22753586,0,,0,,,,,,,,,0,,,,,,,,HCMV,HCMV
SRR22753586,2,,,,,,2,,,,,,,,,0,,,,HSV2_StrainG,HSV2_StrainG
SRR22753586,2,,,2,,,,,,,,,0,,,,,,,HHV6B,HHV6B
SRR22753586,35,,,,,,,,,35,,,,,,,,,0,combined_herpes_viruses,combined_herpes_viruses
SRR22753586,59,,,,,59,,,,,,,,,0,,,,,HSV1_KOS,HSV1_KOS
SRR22753381,0,,,,0,63,,,,,,,,0,63,,,,,HSV1_KOS,HHV7
SRR22753381,0,,,,,63,4,,,,,,,,63,4,,,,HSV1_KOS,HSV2_StrainG
SRR22753381,0,,,,,63,,,0,,,,,,63,,,0,,HSV1_KOS,VZV_Ellen
SRR22753381,0,,,1,,63,,,,,,,1,,63,,,,,HSV1_KOS,HHV6B
SRR22753381,0,,0,,,63,,,,,,0,,,63,,,,,HSV1_KOS,HCMV
SRR22753381,34,,,,,63,,,,50,,,,,29,,,,16,HSV1_KOS,combined_herpes_viruses
SRR22753381,0,0,,,,63,,,,,0,,,,63,,,,,HSV1_KOS,EBV
SRR22753381,0,,,,,63,,9,,,,,,,63,,9,,,HSV1_KOS,KSHV
SRR22753381,0,,,,0,,4,,,,,,,0,,4,,,,HHV7,HSV2_StrainG
SRR22753381,0,,,,0,,,,0,,,,,0,,,,0,,HHV7,VZV_Ellen
SRR22753381,0,,,1,0,,,,,,,,1,0,,,,,,HHV7,HHV6B
SRR22753381,0,,0,,0,,,,,,,0,,0,,,,,,HHV7,HCMV
SRR22753381,0,,,,0,,,,,50,,,,0,,,,,50,HHV7,combined_herpes_viruses
SRR22753381,0,0,,,0,,,,,,0,,,0,,,,,,HHV7,EBV
SRR22753381,0,,,,0,,,9,,,,,,0,,,9,,,HHV7,KSHV
SRR22753381,0,,,,,,4,,0,,,,,,,4,,0,,HSV2_StrainG,VZV_Ellen
SRR22753381,1,,,1,,,4,,,,,,0,,,3,,,,HSV2_StrainG,HHV6B
SRR22753381,0,,0,,,,4,,,,,0,,,,4,,,,HSV2_StrainG,HCMV
SRR22753381,1,,,,,,4,,,50,,,,,,3,,,49,HSV2_StrainG,combined_herpes_viruses
SRR22753381,0,0,,,,,4,,,,0,,,,,4,,,,HSV2_StrainG,EBV
SRR22753381,1,,,,,,4,9,,,,,,,,3,8,,,HSV2_StrainG,KSHV
SRR22753381,0,,,1,,,,,0,,,,1,,,,,0,,VZV_Ellen,HHV6B
SRR22753381,0,,0,,,,,,0,,,0,,,,,,0,,VZV_Ellen,HCMV
SRR22753381,0,,,,,,,,0,50,,,,,,,,0,50,VZV_Ellen,combined_herpes_viruses
SRR22753381,0,0,,,,,,,0,,0,,,,,,,0,,VZV_Ellen,EBV
SRR22753381,0,,,,,,,9,0,,,,,,,,9,0,,VZV_Ellen,KSHV
SRR22753381,0,,0,1,,,,,,,,0,1,,,,,,,HHV6B,HCMV
SRR22753381,0,,,1,,,,,,50,,,1,,,,,,50,HHV6B,combined_herpes_viruses
SRR22753381,0,0,,1,,,,,,,0,,1,,,,,,,HHV6B,EBV
SRR22753381,1,,,1,,,,9,,,,,0,,,,8,,,HHV6B,KSHV
SRR22753381,0,,0,,,,,,,50,,0,,,,,,,50,HCMV,combined_herpes_viruses
SRR22753381,0,0,0,,,,,,,,0,0,,,,,,,,HCMV,EBV
SRR22753381,0,,0,,,,,9,,,,0,,,,,9,,,HCMV,KSHV
SRR22753381,0,0,,,,,,,,50,0,,,,,,,,50,combined_herpes_viruses,EBV
SRR22753381,2,,,,,,,9,,50,,,,,,,7,,48,combined_herpes_viruses,KSHV
SRR22753381,0,0,,,,,,9,,,0,,,,,,9,,,EBV,KSHV
SRR22753381,63,,,,,63,,,,,,,,,0,,,,,HSV1_KOS,HSV1_KOS
SRR22753381,0,,,,0,,,,,,,,,0,,,,,,HHV7,HHV7
SRR22753381,4,,,,,,4,,,,,,,,,0,,,,HSV2_StrainG,HSV2_StrainG
SRR22753381,0,,,,,,,,0,,,,,,,,,0,,VZV_Ellen,VZV_Ellen
SRR22753381,1,,,1,,,,,,,,,0,,,,,,,HHV6B,HHV6B
SRR22753381,0,,0,,,,,,,,,0,,,,,,,,HCMV,HCMV
SRR22753381,50,,,,,,,,,50,,,,,,,,,0,combined_herpes_viruses,combined_herpes_viruses
SRR22753381,0,0,,,,,,,,,0,,,,,,,,,EBV,EBV
SRR22753381,9,,,,,,,9,,,,,,,,,0,,,KSHV,KSHV
SRR22753565,0,,,0,,5,,,,,,,0,,5,,,,,HHV6B,HSV1_KOS
SRR22753565,0,0,,0,,,,,,,0,,0,,,,,,,HHV6B,EBV
SRR22753565,0,,,0,,,5,,,,,,0,,,5,,,,HHV6B,HSV2_StrainG
SRR22753565,0,,,0,,,,,,6,,,0,,,,,,6,HHV6B,combined_herpes_viruses
SRR22753565,0,,,0,0,,,,,,,,0,0,,,,,,HHV6B,HHV7
SRR22753565,0,,,0,,,,10,,,,,0,,,,10,,,HHV6B,KSHV
SRR22753565,0,,0,0,,,,,,,,0,0,,,,,,,HHV6B,HCMV
SRR22753565,0,,,0,,,,,0,,,,0,,,,,0,,HHV6B,VZV_Ellen
SRR22753565,0,0,,,,5,,,,,0,,,,5,,,,,HSV1_KOS,EBV
SRR22753565,0,,,,,5,5,,,,,,,,5,5,,,,HSV1_KOS,HSV2_StrainG
SRR22753565,2,,,,,5,,,,6,,,,,3,,,,4,HSV1_KOS,combined_herpes_viruses
SRR22753565,0,,,,0,5,,,,,,,,0,5,,,,,HSV1_KOS,HHV7
SRR22753565,0,,,,,5,,10,,,,,,,5,,10,,,HSV1_KOS,KSHV
SRR22753565,0,,0,,,5,,,,,,0,,,5,,,,,HSV1_KOS,HCMV
SRR22753565,0,,,,,5,,,0,,,,,,5,,,0,,HSV1_KOS,VZV_Ellen
SRR22753565,0,0,,,,,5,,,,0,,,,,5,,,,EBV,HSV2_StrainG
SRR22753565,0,0,,,,,,,,6,0,,,,,,,,6,EBV,combined_herpes_viruses
SRR22753565,0,0,,,0,,,,,,0,,,0,,,,,,EBV,HHV7
SRR22753565,0,0,,,,,,10,,,0,,,,,,10,,,EBV,KSHV
SRR22753565,0,0,0,,,,,,,,0,0,,,,,,,,EBV,HCMV
SRR22753565,0,0,,,,,,,0,,0,,,,,,,0,,EBV,VZV_Ellen
SRR22753565,0,,,,,,5,,,6,,,,,,5,,,6,HSV2_StrainG,combined_herpes_viruses
SRR22753565,0,,,,0,,5,,,,,,,0,,5,,,,HSV2_StrainG,HHV7
SRR22753565,0,,,,,,5,10,,,,,,,,5,10,,,HSV2_StrainG,KSHV
SRR22753565,0,,0,,,,5,,,,,0,,,,5,,,,HSV2_StrainG,HCMV
SRR22753565,0,,,,,,5,,0,,,,,,,5,,0,,HSV2_StrainG,VZV_Ellen
SRR22753565,0,,,,0,,,,,6,,,,0,,,,,6,combined_herpes_viruses,HHV7
SRR22753565,3,,,,,,,10,,6,,,,,,,7,,3,combined_herpes_viruses,KSHV
SRR22753565,0,,0,,,,,,,6,,0,,,,,,,6,combined_herpes_viruses,HCMV
SRR22753565,0,,,,,,,,0,6,,,,,,,,0,6,combined_herpes_viruses,VZV_Ellen
SRR22753565,0,,,,0,,,10,,,,,,0,,,10,,,HHV7,KSHV
SRR22753565,0,,0,,0,,,,,,,0,,0,,,,,,HHV7,HCMV
SRR22753565,0,,,,0,,,,0,,,,,0,,,,0,,HHV7,VZV_Ellen
SRR22753565,0,,0,,,,,10,,,,0,,,,,10,,,KSHV,HCMV
SRR22753565,0,,,,,,,10,0,,,,,,,,10,0,,KSHV,VZV_Ellen
SRR22753565,0,,0,,,,,,0,,,0,,,,,,0,,HCMV,VZV_Ellen
SRR22753565,0,,,0,,,,,,,,,0,,,,,,,HHV6B,HHV6B
SRR22753565,5,,,,,5,,,,,,,,,0,,,,,HSV1_KOS,HSV1_KOS
SRR22753565,0,0,,,,,,,,,0,,,,,,,,,EBV,EBV
SRR22753565,5,,,,,,5,,,,,,,,,0,,,,HSV2_StrainG,HSV2_StrainG
SRR22753565,6,,,,,,,,,6,,,,,,,,,0,combined_herpes_viruses,combined_herpes_viruses
SRR22753565,0,,,,0,,,,,,,,,0,,,,,,HHV7,HHV7
SRR22753565,10,,,,,,,10,,,,,,,,,0,,,KSHV,KSHV
SRR22753565,0,,0,,,,,,,,,0,,,,,,,,HCMV,HCMV
SRR22753565,0,,,,,,,,0,,,,,,,,,0,,VZV_Ellen,VZV_Ellen
SRR22753401,0,,,,,560,5,,,,,,,,560,5,,,,HSV1_KOS,HSV2_StrainG
SRR22753401,0,,,,,560,,,0,,,,,,560,,,0,,HSV1_KOS,VZV_Ellen
SRR22753401,0,,,,0,560,,,,,,,,0,560,,,,,HSV1_KOS,HHV7
SRR22753401,0,,,0,,560,,,,,,,0,,560,,,,,HSV1_KOS,HHV6B
SRR22753401,0,0,,,,560,,,,,0,,,,560,,,,,HSV1_KOS,EBV
SRR22753401,0,,1,,,560,,,,,,1,,,560,,,,,HSV1_KOS,HCMV
SRR22753401,0,,,,,560,,2,,,,,,,560,,2,,,HSV1_KOS,KSHV
SRR22753401,290,,,,,560,,,,386,,,,,270,,,,96,HSV1_KOS,combined_herpes_viruses
SRR22753401,0,,,,,,5,,0,,,,,,,5,,0,,HSV2_StrainG,VZV_Ellen
SRR22753401,0,,,,0,,5,,,,,,,0,,5,,,,HSV2_StrainG,HHV7
SRR22753401,0,,,0,,,5,,,,,,0,,,5,,,,HSV2_StrainG,HHV6B
SRR22753401,0,0,,,,,5,,,,0,,,,,5,,,,HSV2_StrainG,EBV
SRR22753401,1,,1,,,,5,,,,,0,,,,4,,,,HSV2_StrainG,HCMV
SRR22753401,0,,,,,,5,2,,,,,,,,5,2,,,HSV2_StrainG,KSHV
SRR22753401,2,,,,,,5,,,386,,,,,,3,,,384,HSV2_StrainG,combined_herpes_viruses
SRR22753401,0,,,,0,,,,0,,,,,0,,,,0,,VZV_Ellen,HHV7
SRR22753401,0,,,0,,,,,0,,,,0,,,,,0,,VZV_Ellen,HHV6B
SRR22753401,0,0,,,,,,,0,,0,,,,,,,0,,VZV_Ellen,EBV
SRR22753401,0,,1,,,,,,0,,,1,,,,,,0,,VZV_Ellen,HCMV
SRR22753401,0,,,,,,,2,0,,,,,,,,2,0,,VZV_Ellen,KSHV
SRR22753401,0,,,,,,,,0,386,,,,,,,,0,386,VZV_Ellen,combined_herpes_viruses
SRR22753401,0,,,0,0,,,,,,,,0,0,,,,,,HHV7,HHV6B
SRR22753401,0,0,,,0,,,,,,0,,,0,,,,,,HHV7,EBV
SRR22753401,0,,1,,0,,,,,,,1,,0,,,,,,HHV7,HCMV
SRR22753401,0,,,,0,,,2,,,,,,0,,,2,,,HHV7,KSHV
SRR22753401,0,,,,0,,,,,386,,,,0,,,,,386,HHV7,combined_herpes_viruses
SRR22753401,0,0,,0,,,,,,,0,,0,,,,,,,HHV6B,EBV
SRR22753401,0,,1,0,,,,,,,,1,0,,,,,,,HHV6B,HCMV
SRR22753401,0,,,0,,,,2,,,,,0,,,,2,,,HHV6B,KSHV
SRR22753401,0,,,0,,,,,,386,,,0,,,,,,386,HHV6B,combined_herpes_viruses
SRR22753401,0,0,1,,,,,,,,0,1,,,,,,,,EBV,HCMV
SRR22753401,0,0,,,,,,2,,,0,,,,,,2,,,EBV,KSHV
SRR22753401,0,0,,,,,,,,386,0,,,,,,,,386,EBV,combined_herpes_viruses
SRR22753401,0,,1,,,,,2,,,,1,,,,,2,,,HCMV,KSHV
SRR22753401,1,,1,,,,,,,386,,0,,,,,,,385,HCMV,combined_herpes_viruses
SRR22753401,0,,,,,,,2,,386,,,,,,,2,,386,KSHV,combined_herpes_viruses
SRR22753401,560,,,,,560,,,,,,,,,0,,,,,HSV1_KOS,HSV1_KOS
SRR22753401,5,,,,,,5,,,,,,,,,0,,,,HSV2_StrainG,HSV2_StrainG
SRR22753401,0,,,,,,,,0,,,,,,,,,0,,VZV_Ellen,VZV_Ellen
SRR22753401,0,,,,0,,,,,,,,,0,,,,,,HHV7,HHV7
SRR22753401,0,,,0,,,,,,,,,0,,,,,,,HHV6B,HHV6B
SRR22753401,0,0,,,,,,,,,0,,,,,,,,,EBV,EBV
SRR22753401,1,,1,,,,,,,,,0,,,,,,,,HCMV,HCMV
SRR22753401,2,,,,,,,2,,,,,,,,,0,,,KSHV,KSHV
SRR22753401,386,,,,,,,,,386,,,,,,,,,0,combined_herpes_viruses,combined_herpes_viruses
SRR22753507,0,,,,,,,,0,13,,,,,,,,0,13,combined_herpes_viruses,VZV_Ellen
SRR22753507,0,,0,,,,,,,13,,0,,,,,,,13,combined_herpes_viruses,HCMV
SRR22753507,0,,,0,,,,,,13,,,0,,,,,,13,combined_herpes_viruses,HHV6B
SRR22753507,1,,,,,,,7,,13,,,,,,,6,,12,combined_herpes_viruses,KSHV
SRR22753507,0,,,,0,,,,,13,,,,0,,,,,13,combined_herpes_viruses,HHV7
SRR22753507,1,,,,,,1,,,13,,,,,,0,,,12,combined_herpes_viruses,HSV2_StrainG
SRR22753507,0,0,,,,,,,,13,0,,,,,,,,13,combined_herpes_viruses,EBV
SRR22753507,7,,,,,13,,,,13,,,,,6,,,,6,combined_herpes_viruses,HSV1_KOS
SRR22753507,0,,0,,,,,,0,,,0,,,,,,0,,VZV_Ellen,HCMV
SRR22753507,0,,,0,,,,,0,,,,0,,,,,0,,VZV_Ellen,HHV6B
SRR22753507,0,,,,,,,7,0,,,,,,,,7,0,,VZV_Ellen,KSHV
SRR22753507,0,,,,0,,,,0,,,,,0,,,,0,,VZV_Ellen,HHV7
SRR22753507,0,,,,,,1,,0,,,,,,,1,,0,,VZV_Ellen,HSV2_StrainG
SRR22753507,0,0,,,,,,,0,,0,,,,,,,0,,VZV_Ellen,EBV
SRR22753507,0,,,,,13,,,0,,,,,,13,,,0,,VZV_Ellen,HSV1_KOS
SRR22753507,0,,0,0,,,,,,,,0,0,,,,,,,HCMV,HHV6B
SRR22753507,0,,0,,,,,7,,,,0,,,,,7,,,HCMV,KSHV
SRR22753507,0,,0,,0,,,,,,,0,,0,,,,,,HCMV,HHV7
SRR22753507,0,,0,,,,1,,,,,0,,,,1,,,,HCMV,HSV2_StrainG
SRR22753507,0,0,0,,,,,,,,0,0,,,,,,,,HCMV,EBV
SRR22753507,0,,0,,,13,,,,,,0,,,13,,,,,HCMV,HSV1_KOS
SRR22753507,0,,,0,,,,7,,,,,0,,,,7,,,HHV6B,KSHV
SRR22753507,0,,,0,0,,,,,,,,0,0,,,,,,HHV6B,HHV7
SRR22753507,0,,,0,,,1,,,,,,0,,,1,,,,HHV6B,HSV2_StrainG
SRR22753507,0,0,,0,,,,,,,0,,0,,,,,,,HHV6B,EBV
SRR22753507,0,,,0,,13,,,,,,,0,,13,,,,,HHV6B,HSV1_KOS
SRR22753507,0,,,,0,,,7,,,,,,0,,,7,,,KSHV,HHV7
SRR22753507,0,,,,,,1,7,,,,,,,,1,7,,,KSHV,HSV2_StrainG
SRR22753507,0,0,,,,,,7,,,0,,,,,,7,,,KSHV,EBV
SRR22753507,0,,,,,13,,7,,,,,,,13,,7,,,KSHV,HSV1_KOS
SRR22753507,0,,,,0,,1,,,,,,,0,,1,,,,HHV7,HSV2_StrainG
SRR22753507,0,0,,,0,,,,,,0,,,0,,,,,,HHV7,EBV
SRR22753507,0,,,,0,13,,,,,,,,0,13,,,,,HHV7,HSV1_KOS
SRR22753507,0,0,,,,,1,,,,0,,,,,1,,,,HSV2_StrainG,EBV
SRR22753507,0,,,,,13,1,,,,,,,,13,1,,,,HSV2_StrainG,HSV1_KOS
SRR22753507,0,0,,,,13,,,,,0,,,,13,,,,,EBV,HSV1_KOS
SRR22753507,13,,,,,,,,,13,,,,,,,,,0,combined_herpes_viruses,combined_herpes_viruses
SRR22753507,0,,,,,,,,0,,,,,,,,,0,,VZV_Ellen,VZV_Ellen
SRR22753507,0,,0,,,,,,,,,0,,,,,,,,HCMV,HCMV
SRR22753507,0,,,0,,,,,,,,,0,,,,,,,HHV6B,HHV6B
SRR22753507,7,,,,,,,7,,,,,,,,,0,,,KSHV,KSHV
SRR22753507,0,,,,0,,,,,,,,,0,,,,,,HHV7,HHV7
SRR22753507,1,,,,,,1,,,,,,,,,0,,,,HSV2_StrainG,HSV2_StrainG
SRR22753507,0,0,,,,,,,,,0,,,,,,,,,EBV,EBV
SRR22753507,13,,,,,13,,,,,,,,,0,,,,,HSV1_KOS,HSV1_KOS
SRR22753532,0,0,,,,9,,,,,0,,,,9,,,,,EBV,HSV1_KOS
SRR22753532,0,0,,,0,,,,,,0,,,0,,,,,,EBV,HHV7
SRR22753532,0,0,,,,,,,,9,0,,,,,,,,9,EBV,combined_herpes_viruses
SRR22753532,0,0,,0,,,,,,,0,,0,,,,,,,EBV,HHV6B
SRR22753532,0,0,,,,,,9,,,0,,,,,,9,,,EBV,KSHV
SRR22753532,0,0,0,,,,,,,,0,0,,,,,,,,EBV,HCMV
SRR22753532,0,0,,,,,2,,,,0,,,,,2,,,,EBV,HSV2_StrainG
SRR22753532,0,0,,,,,,,0,,0,,,,,,,0,,EBV,VZV_Ellen
SRR22753532,0,,,,0,9,,,,,,,,0,9,,,,,HSV1_KOS,HHV7
SRR22753532,6,,,,,9,,,,9,,,,,3,,,,3,HSV1_KOS,combined_herpes_viruses
SRR22753532,0,,,0,,9,,,,,,,0,,9,,,,,HSV1_KOS,HHV6B
SRR22753532,0,,,,,9,,9,,,,,,,9,,9,,,HSV1_KOS,KSHV
SRR22753532,0,,0,,,9,,,,,,0,,,9,,,,,HSV1_KOS,HCMV
SRR22753532,0,,,,,9,2,,,,,,,,9,2,,,,HSV1_KOS,HSV2_StrainG
SRR22753532,0,,,,,9,,,0,,,,,,9,,,0,,HSV1_KOS,VZV_Ellen
SRR22753532,0,,,,0,,,,,9,,,,0,,,,,9,HHV7,combined_herpes_viruses
SRR22753532,0,,,0,0,,,,,,,,0,0,,,,,,HHV7,HHV6B
SRR22753532,0,,,,0,,,9,,,,,,0,,,9,,,HHV7,KSHV
SRR22753532,0,,0,,0,,,,,,,0,,0,,,,,,HHV7,HCMV
SRR22753532,0,,,,0,,2,,,,,,,0,,2,,,,HHV7,HSV2_StrainG
SRR22753532,0,,,,0,,,,0,,,,,0,,,,0,,HHV7,VZV_Ellen
SRR22753532,0,,,0,,,,,,9,,,0,,,,,,9,combined_herpes_viruses,HHV6B
SRR22753532,3,,,,,,,9,,9,,,,,,,6,,6,combined_herpes_viruses,KSHV
SRR22753532,0,,0,,,,,,,9,,0,,,,,,,9,combined_herpes_viruses,HCMV
SRR22753532,0,,,,,,2,,,9,,,,,,2,,,9,combined_herpes_viruses,HSV2_StrainG
SRR22753532,0,,,,,,,,0,9,,,,,,,,0,9,combined_herpes_viruses,VZV_Ellen
SRR22753532,0,,,0,,,,9,,,,,0,,,,9,,,HHV6B,KSHV
SRR22753532,0,,0,0,,,,,,,,0,0,,,,,,,HHV6B,HCMV
SRR22753532,0,,,0,,,2,,,,,,0,,,2,,,,HHV6B,HSV2_StrainG
SRR22753532,0,,,0,,,,,0,,,,0,,,,,0,,HHV6B,VZV_Ellen
SRR22753532,0,,0,,,,,9,,,,0,,,,,9,,,KSHV,HCMV
SRR22753532,0,,,,,,2,9,,,,,,,,2,9,,,KSHV,HSV2_StrainG
SRR22753532,0,,,,,,,9,0,,,,,,,,9,0,,KSHV,VZV_Ellen
SRR22753532,0,,0,,,,2,,,,,0,,,,2,,,,HCMV,HSV2_StrainG
SRR22753532,0,,0,,,,,,0,,,0,,,,,,0,,HCMV,VZV_Ellen
SRR22753532,0,,,,,,2,,0,,,,,,,2,,0,,HSV2_StrainG,VZV_Ellen
SRR22753532,0,0,,,,,,,,,0,,,,,,,,,EBV,EBV
SRR22753532,9,,,,,9,,,,,,,,,0,,,,,HSV1_KOS,HSV1_KOS
SRR22753532,0,,,,0,,,,,,,,,0,,,,,,HHV7,HHV7
SRR22753532,9,,,,,,,,,9,,,,,,,,,0,combined_herpes_viruses,combined_herpes_viruses
SRR22753532,0,,,0,,,,,,,,,0,,,,,,,HHV6B,HHV6B
SRR22753532,9,,,,,,,9,,,,,,,,,0,,,KSHV,KSHV
SRR22753532,0,,0,,,,,,,,,0,,,,,,,,HCMV,HCMV
SRR22753532,2,,,,,,2,,,,,,,,,0,,,,HSV2_StrainG,HSV2_StrainG
SRR22753532,0,,,,,,,,0,,,,,,,,,0,,VZV_Ellen,VZV_Ellen
SRR22753493,0,,,0,,,,,0,,,,0,,,,,0,,VZV_Ellen,HHV6B
SRR22753493,0,,0,,,,,,0,,,0,,,,,,0,,VZV_Ellen,HCMV
SRR22753493,0,,,,0,,,,0,,,,,0,,,,0,,VZV_Ellen,HHV7
SRR22753493,0,,,,,,,,0,9,,,,,,,,0,9,VZV_Ellen,combined_herpes_viruses
SRR22753493,0,,,,,7,,,0,,,,,,7,,,0,,VZV_Ellen,HSV1_KOS
SRR22753493,0,,,,,,10,,0,,,,,,,10,,0,,VZV_Ellen,HSV2_StrainG
SRR22753493,0,,,,,,,13,0,,,,,,,,13,0,,VZV_Ellen,KSHV
SRR22753493,0,0,,,,,,,0,,0,,,,,,,0,,VZV_Ellen,EBV
SRR22753493,0,,0,0,,,,,,,,0,0,,,,,,,HHV6B,HCMV
SRR22753493,0,,,0,0,,,,,,,,0,0,,,,,,HHV6B,HHV7
SRR22753493,0,,,0,,,,,,9,,,0,,,,,,9,HHV6B,combined_herpes_viruses
SRR22753493,0,,,0,,7,,,,,,,0,,7,,,,,HHV6B,HSV1_KOS
SRR22753493,0,,,0,,,10,,,,,,0,,,10,,,,HHV6B,HSV2_StrainG
SRR22753493,0,,,0,,,,13,,,,,0,,,,13,,,HHV6B,KSHV
SRR22753493,0,0,,0,,,,,,,0,,0,,,,,,,HHV6B,EBV
SRR22753493,0,,0,,0,,,,,,,0,,0,,,,,,HCMV,HHV7
SRR22753493,0,,0,,,,,,,9,,0,,,,,,,9,HCMV,combined_herpes_viruses
SRR22753493,0,,0,,,7,,,,,,0,,,7,,,,,HCMV,HSV1_KOS
SRR22753493,0,,0,,,,10,,,,,0,,,,10,,,,HCMV,HSV2_StrainG
SRR22753493,0,,0,,,,,13,,,,0,,,,,13,,,HCMV,KSHV
SRR22753493,0,0,0,,,,,,,,0,0,,,,,,,,HCMV,EBV
SRR22753493,0,,,,0,,,,,9,,,,0,,,,,9,HHV7,combined_herpes_viruses
SRR22753493,0,,,,0,7,,,,,,,,0,7,,,,,HHV7,HSV1_KOS
SRR22753493,0,,,,0,,10,,,,,,,0,,10,,,,HHV7,HSV2_StrainG
SRR22753493,0,,,,0,,,13,,,,,,0,,,13,,,HHV7,KSHV
SRR22753493,0,0,,,0,,,,,,0,,,0,,,,,,HHV7,EBV
SRR22753493,2,,,,,7,,,,9,,,,,5,,,,7,combined_herpes_viruses,HSV1_KOS
SRR22753493,1,,,,,,10,,,9,,,,,,9,,,8,combined_herpes_viruses,HSV2_StrainG
SRR22753493,4,,,,,,,13,,9,,,,,,,9,,5,combined_herpes_viruses,KSHV
SRR22753493,0,0,,,,,,,,9,0,,,,,,,,9,combined_herpes_viruses,EBV
SRR22753493,0,,,,,7,10,,,,,,,,7,10,,,,HSV1_KOS,HSV2_StrainG
SRR22753493,0,,,,,7,,13,,,,,,,7,,13,,,HSV1_KOS,KSHV
SRR22753493,0,0,,,,7,,,,,0,,,,7,,,,,HSV1_KOS,EBV
SRR22753493,0,,,,,,10,13,,,,,,,,10,13,,,HSV2_StrainG,KSHV
SRR22753493,0,0,,,,,10,,,,0,,,,,10,,,,HSV2_StrainG,EBV
SRR22753493,0,0,,,,,,13,,,0,,,,,,13,,,KSHV,EBV
SRR22753493,0,,,,,,,,0,,,,,,,,,0,,VZV_Ellen,VZV_Ellen
SRR22753493,0,,,0,,,,,,,,,0,,,,,,,HHV6B,HHV6B
SRR22753493,0,,0,,,,,,,,,0,,,,,,,,HCMV,HCMV
SRR22753493,0,,,,0,,,,,,,,,0,,,,,,HHV7,HHV7
SRR22753493,9,,,,,,,,,9,,,,,,,,,0,combined_herpes_viruses,combined_herpes_viruses
SRR22753493,7,,,,,7,,,,,,,,,0,,,,,HSV1_KOS,HSV1_KOS
SRR22753493,10,,,,,,10,,,,,,,,,0,,,,HSV2_StrainG,HSV2_StrainG
SRR22753493,13,,,,,,,13,,,,,,,,,0,,,KSHV,KSHV
SRR22753493,0,0,,,,,,,,,0,,,,,,,,,EBV,EBV
SRR22753531,0,,0,,,,,,0,,,0,,,,,,0,,HCMV,VZV_Ellen
SRR22753531,0,,0,,,11,,,,,,0,,,11,,,,,HCMV,HSV1_KOS
SRR22753531,0,0,0,,,,,,,,0,0,,,,,,,,HCMV,EBV
SRR22753531,0,,0,,,,,,,7,,0,,,,,,,7,HCMV,combined_herpes_viruses
SRR22753531,0,,0,,,,,10,,,,0,,,,,10,,,HCMV,KSHV
SRR22753531,0,,0,,0,,,,,,,0,,0,,,,,,HCMV,HHV7
SRR22753531,0,,0,0,,,,,,,,0,0,,,,,,,HCMV,HHV6B
SRR22753531,0,,0,,,,14,,,,,0,,,,14,,,,HCMV,HSV2_StrainG
SRR22753531,0,,,,,11,,,0,,,,,,11,,,0,,VZV_Ellen,HSV1_KOS
SRR22753531,0,0,,,,,,,0,,0,,,,,,,0,,VZV_Ellen,EBV
SRR22753531,0,,,,,,,,0,7,,,,,,,,0,7,VZV_Ellen,combined_herpes_viruses
SRR22753531,0,,,,,,,10,0,,,,,,,,10,0,,VZV_Ellen,KSHV
SRR22753531,0,,,,0,,,,0,,,,,0,,,,0,,VZV_Ellen,HHV7
SRR22753531,0,,,0,,,,,0,,,,0,,,,,0,,VZV_Ellen,HHV6B
SRR22753531,0,,,,,,14,,0,,,,,,,14,,0,,VZV_Ellen,HSV2_StrainG
SRR22753531,0,0,,,,11,,,,,0,,,,11,,,,,HSV1_KOS,EBV
SRR22753531,5,,,,,11,,,,7,,,,,6,,,,2,HSV1_KOS,combined_herpes_viruses
SRR22753531,0,,,,,11,,10,,,,,,,11,,10,,,HSV1_KOS,KSHV
SRR22753531,0,,,,0,11,,,,,,,,0,11,,,,,HSV1_KOS,HHV7
SRR22753531,0,,,0,,11,,,,,,,0,,11,,,,,HSV1_KOS,HHV6B
SRR22753531,0,,,,,11,14,,,,,,,,11,14,,,,HSV1_KOS,HSV2_StrainG
SRR22753531,0,0,,,,,,,,7,0,,,,,,,,7,EBV,combined_herpes_viruses
SRR22753531,0,0,,,,,,10,,,0,,,,,,10,,,EBV,KSHV
SRR22753531,0,0,,,0,,,,,,0,,,0,,,,,,EBV,HHV7
SRR22753531,0,0,,0,,,,,,,0,,0,,,,,,,EBV,HHV6B
SRR22753531,0,0,,,,,14,,,,0,,,,,14,,,,EBV,HSV2_StrainG
SRR22753531,0,,,,,,,10,,7,,,,,,,10,,7,combined_herpes_viruses,KSHV
SRR22753531,0,,,,0,,,,,7,,,,0,,,,,7,combined_herpes_viruses,HHV7
SRR22753531,0,,,0,,,,,,7,,,0,,,,,,7,combined_herpes_viruses,HHV6B
SRR22753531,0,,,,,,14,,,7,,,,,,14,,,7,combined_herpes_viruses,HSV2_StrainG
SRR22753531,0,,,,0,,,10,,,,,,0,,,10,,,KSHV,HHV7
SRR22753531,0,,,0,,,,10,,,,,0,,,,10,,,KSHV,HHV6B
SRR22753531,0,,,,,,14,10,,,,,,,,14,10,,,KSHV,HSV2_StrainG
SRR22753531,0,,,0,0,,,,,,,,0,0,,,,,,HHV7,HHV6B
SRR22753531,0,,,,0,,14,,,,,,,0,,14,,,,HHV7,HSV2_StrainG
SRR22753531,0,,,0,,,14,,,,,,0,,,14,,,,HHV6B,HSV2_StrainG
SRR22753531,0,,0,,,,,,,,,0,,,,,,,,HCMV,HCMV
SRR22753531,0,,,,,,,,0,,,,,,,,,0,,VZV_Ellen,VZV_Ellen
SRR22753531,11,,,,,11,,,,,,,,,0,,,,,HSV1_KOS,HSV1_KOS
SRR22753531,0,0,,,,,,,,,0,,,,,,,,,EBV,EBV
SRR22753531,7,,,,,,,,,7,,,,,,,,,0,combined_herpes_viruses,combined_herpes_viruses
SRR22753531,10,,,,,,,10,,,,,,,,,0,,,KSHV,KSHV
SRR22753531,0,,,,0,,,,,,,,,0,,,,,,HHV7,HHV7
SRR22753531,0,,,0,,,,,,,,,0,,,,,,,HHV6B,HHV6B
SRR22753531,14,,,,,,14,,,,,,,,,0,,,,HSV2_StrainG,HSV2_StrainG
SRR22753427,0,,,,,,,3,0,,,,,,,,3,0,,KSHV,VZV_Ellen
SRR22753427,1,,,,,,,3,,9,,,,,,,2,,8,KSHV,combined_herpes_viruses
SRR22753427,0,,,,,12,,3,,,,,,,12,,3,,,KSHV,HSV1_KOS
SRR22753427,0,1,,,,,,3,,,1,,,,,,3,,,KSHV,EBV
SRR22753427,0,,0,,,,,3,,,,0,,,,,3,,,KSHV,HCMV
SRR22753427,1,,,2,,,,3,,,,,1,,,,2,,,KSHV,HHV6B
SRR22753427,1,,,,,,3,3,,,,,,,,2,2,,,KSHV,HSV2_StrainG
SRR22753427,0,,,,0,,,3,,,,,,0,,,3,,,KSHV,HHV7
SRR22753427,0,,,,,,,,0,9,,,,,,,,0,9,VZV_Ellen,combined_herpes_viruses
SRR22753427,0,,,,,12,,,0,,,,,,12,,,0,,VZV_Ellen,HSV1_KOS
SRR22753427,0,1,,,,,,,0,,1,,,,,,,0,,VZV_Ellen,EBV
SRR22753427,0,,0,,,,,,0,,,0,,,,,,0,,VZV_Ellen,HCMV
SRR22753427,0,,,2,,,,,0,,,,2,,,,,0,,VZV_Ellen,HHV6B
SRR22753427,0,,,,,,3,,0,,,,,,,3,,0,,VZV_Ellen,HSV2_StrainG
SRR22753427,0,,,,0,,,,0,,,,,0,,,,0,,VZV_Ellen,HHV7
SRR22753427,4,,,,,12,,,,9,,,,,8,,,,5,combined_herpes_viruses,HSV1_KOS
SRR22753427,1,1,,,,,,,,9,0,,,,,,,,8,combined_herpes_viruses,EBV
SRR22753427,0,,0,,,,,,,9,,0,,,,,,,9,combined_herpes_viruses,HCMV
SRR22753427,2,,,2,,,,,,9,,,0,,,,,,7,combined_herpes_viruses,HHV6B
SRR22753427,1,,,,,,3,,,9,,,,,,2,,,8,combined_herpes_viruses,HSV2_StrainG
SRR22753427,0,,,,0,,,,,9,,,,0,,,,,9,combined_herpes_viruses,HHV7
SRR22753427,0,1,,,,12,,,,,1,,,,12,,,,,HSV1_KOS,EBV
SRR22753427,0,,0,,,12,,,,,,0,,,12,,,,,HSV1_KOS,HCMV
SRR22753427,0,,,2,,12,,,,,,,2,,12,,,,,HSV1_KOS,HHV6B
SRR22753427,0,,,,,12,3,,,,,,,,12,3,,,,HSV1_KOS,HSV2_StrainG
SRR22753427,0,,,,0,12,,,,,,,,0,12,,,,,HSV1_KOS,HHV7
SRR22753427,0,1,0,,,,,,,,1,0,,,,,,,,EBV,HCMV
SRR22753427,0,1,,2,,,,,,,1,,2,,,,,,,EBV,HHV6B
SRR22753427,0,1,,,,,3,,,,1,,,,,3,,,,EBV,HSV2_StrainG
SRR22753427,0,1,,,0,,,,,,1,,,0,,,,,,EBV,HHV7
SRR22753427,0,,0,2,,,,,,,,0,2,,,,,,,HCMV,HHV6B
SRR22753427,0,,0,,,,3,,,,,0,,,,3,,,,HCMV,HSV2_StrainG
SRR22753427,0,,0,,0,,,,,,,0,,0,,,,,,HCMV,HHV7
SRR22753427,1,,,2,,,3,,,,,,1,,,2,,,,HHV6B,HSV2_StrainG
SRR22753427,0,,,2,0,,,,,,,,2,0,,,,,,HHV6B,HHV7
SRR22753427,0,,,,0,,3,,,,,,,0,,3,,,,HSV2_StrainG,HHV7
SRR22753427,3,,,,,,,3,,,,,,,,,0,,,KSHV,KSHV
SRR22753427,0,,,,,,,,0,,,,,,,,,0,,VZV_Ellen,VZV_Ellen
SRR22753427,9,,,,,,,,,9,,,,,,,,,0,combined_herpes_viruses,combined_herpes_viruses
SRR22753427,12,,,,,12,,,,,,,,,0,,,,,HSV1_KOS,HSV1_KOS
SRR22753427,1,1,,,,,,,,,0,,,,,,,,,EBV,EBV
SRR22753427,0,,0,,,,,,,,,0,,,,,,,,HCMV,HCMV
SRR22753427,2,,,2,,,,,,,,,0,,,,,,,HHV6B,HHV6B
SRR22753427,3,,,,,,3,,,,,,,,,0,,,,HSV2_StrainG,HSV2_StrainG
SRR22753427,0,,,,0,,,,,,,,,0,,,,,,HHV7,HHV7
SRR22753465,0,0,,,,,4,,,,0,,,,,4,,,,HSV2_StrainG,EBV
SRR22753465,0,,,0,,,4,,,,,,0,,,4,,,,HSV2_StrainG,HHV6B
SRR22753465,2,,,,,,4,,,290,,,,,,2,,,288,HSV2_StrainG,combined_herpes_viruses
SRR22753465,0,,,,,,4,7,,,,,,,,4,7,,,HSV2_StrainG,KSHV
SRR22753465,0,,,,,,4,,0,,,,,,,4,,0,,HSV2_StrainG,VZV_Ellen
SRR22753465,0,,,,,357,4,,,,,,,,357,4,,,,HSV2_StrainG,HSV1_KOS
SRR22753465,0,,,,0,,4,,,,,,,0,,4,,,,HSV2_StrainG,HHV7
SRR22753465,0,,0,,,,4,,,,,0,,,,4,,,,HSV2_StrainG,HCMV
SRR22753465,0,0,,0,,,,,,,0,,0,,,,,,,EBV,HHV6B
SRR22753465,0,0,,,,,,,,290,0,,,,,,,,290,EBV,combined_herpes_viruses
SRR22753465,0,0,,,,,,7,,,0,,,,,,7,,,EBV,KSHV
SRR22753465,0,0,,,,,,,0,,0,,,,,,,0,,EBV,VZV_Ellen
SRR22753465,0,0,,,,357,,,,,0,,,,357,,,,,EBV,HSV1_KOS
SRR22753465,0,0,,,0,,,,,,0,,,0,,,,,,EBV,HHV7
SRR22753465,0,0,0,,,,,,,,0,0,,,,,,,,EBV,HCMV
SRR22753465,0,,,0,,,,,,290,,,0,,,,,,290,HHV6B,combined_herpes_viruses
SRR22753465,0,,,0,,,,7,,,,,0,,,,7,,,HHV6B,KSHV
SRR22753465,0,,,0,,,,,0,,,,0,,,,,0,,HHV6B,VZV_Ellen
SRR22753465,0,,,0,,357,,,,,,,0,,357,,,,,HHV6B,HSV1_KOS
SRR22753465,0,,,0,0,,,,,,,,0,0,,,,,,HHV6B,HHV7
SRR22753465,0,,0,0,,,,,,,,0,0,,,,,,,HHV6B,HCMV
SRR22753465,2,,,,,,,7,,290,,,,,,,5,,288,combined_herpes_viruses,KSHV
SRR22753465,0,,,,,,,,0,290,,,,,,,,0,290,combined_herpes_viruses,VZV_Ellen
SRR22753465,222,,,,,357,,,,290,,,,,135,,,,68,combined_herpes_viruses,HSV1_KOS
SRR22753465,0,,,,0,,,,,290,,,,0,,,,,290,combined_herpes_viruses,HHV7
SRR22753465,0,,0,,,,,,,290,,0,,,,,,,290,combined_herpes_viruses,HCMV
SRR22753465,0,,,,,,,7,0,,,,,,,,7,0,,KSHV,VZV_Ellen
SRR22753465,0,,,,,357,,7,,,,,,,357,,7,,,KSHV,HSV1_KOS
SRR22753465,0,,,,0,,,7,,,,,,0,,,7,,,KSHV,HHV7
SRR22753465,0,,0,,,,,7,,,,0,,,,,7,,,KSHV,HCMV
SRR22753465,0,,,,,357,,,0,,,,,,357,,,0,,VZV_Ellen,HSV1_KOS
SRR22753465,0,,,,0,,,,0,,,,,0,,,,0,,VZV_Ellen,HHV7
SRR22753465,0,,0,,,,,,0,,,0,,,,,,0,,VZV_Ellen,HCMV
SRR22753465,0,,,,0,357,,,,,,,,0,357,,,,,HSV1_KOS,HHV7
SRR22753465,0,,0,,,357,,,,,,0,,,357,,,,,HSV1_KOS,HCMV
SRR22753465,0,,0,,0,,,,,,,0,,0,,,,,,HHV7,HCMV
SRR22753465,4,,,,,,4,,,,,,,,,0,,,,HSV2_StrainG,HSV2_StrainG
SRR22753465,0,0,,,,,,,,,0,,,,,,,,,EBV,EBV
SRR22753465,0,,,0,,,,,,,,,0,,,,,,,HHV6B,HHV6B
SRR22753465,290,,,,,,,,,290,,,,,,,,,0,combined_herpes_viruses,combined_herpes_viruses
SRR22753465,7,,,,,,,7,,,,,,,,,0,,,KSHV,KSHV
SRR22753465,0,,,,,,,,0,,,,,,,,,0,,VZV_Ellen,VZV_Ellen
SRR22753465,357,,,,,357,,,,,,,,,0,,,,,HSV1_KOS,HSV1_KOS
SRR22753465,0,,,,0,,,,,,,,,0,,,,,,HHV7,HHV7
SRR22753465,0,,0,,,,,,,,,0,,,,,,,,HCMV,HCMV
SRR22753403,0,,0,,,522,,,,,,0,,,522,,,,,HSV1_KOS,HCMV
SRR22753403,0,,,0,,522,,,,,,,0,,522,,,,,HSV1_KOS,HHV6B
SRR22753403,0,14,,,,522,,,,,14,,,,522,,,,,HSV1_KOS,EBV
SRR22753403,0,,,,,522,,1,,,,,,,522,,1,,,HSV1_KOS,KSHV
SRR22753403,0,,,,,522,,,0,,,,,,522,,,0,,HSV1_KOS,VZV_Ellen
SRR22753403,327,,,,,522,,,,418,,,,,195,,,,91,HSV1_KOS,combined_herpes_viruses
SRR22753403,0,,,,,522,0,,,,,,,,522,0,,,,HSV1_KOS,HSV2_StrainG
SRR22753403,0,,,,0,522,,,,,,,,0,522,,,,,HSV1_KOS,HHV7
SRR22753403,0,,0,0,,,,,,,,0,0,,,,,,,HCMV,HHV6B
SRR22753403,0,14,0,,,,,,,,14,0,,,,,,,,HCMV,EBV
SRR22753403,0,,0,,,,,1,,,,0,,,,,1,,,HCMV,KSHV
SRR22753403,0,,0,,,,,,0,,,0,,,,,,0,,HCMV,VZV_Ellen
SRR22753403,0,,0,,,,,,,418,,0,,,,,,,418,HCMV,combined_herpes_viruses
SRR22753403,0,,0,,,,0,,,,,0,,,,0,,,,HCMV,HSV2_StrainG
SRR22753403,0,,0,,0,,,,,,,0,,0,,,,,,HCMV,HHV7
SRR22753403,0,14,,0,,,,,,,14,,0,,,,,,,HHV6B,EBV
SRR22753403,0,,,0,,,,1,,,,,0,,,,1,,,HHV6B,KSHV
SRR22753403,0,,,0,,,,,0,,,,0,,,,,0,,HHV6B,VZV_Ellen
SRR22753403,0,,,0,,,,,,418,,,0,,,,,,418,HHV6B,combined_herpes_viruses
SRR22753403,0,,,0,,,0,,,,,,0,,,0,,,,HHV6B,HSV2_StrainG
SRR22753403,0,,,0,0,,,,,,,,0,0,,,,,,HHV6B,HHV7
SRR22753403,0,14,,,,,,1,,,14,,,,,,1,,,EBV,KSHV
SRR22753403,0,14,,,,,,,0,,14,,,,,,,0,,EBV,VZV_Ellen
SRR22753403,14,14,,,,,,,,418,0,,,,,,,,404,EBV,combined_herpes_viruses
SRR22753403,0,14,,,,,0,,,,14,,,,,0,,,,EBV,HSV2_StrainG
SRR22753403,0,14,,,0,,,,,,14,,,0,,,,,,EBV,HHV7
SRR22753403,0,,,,,,,1,0,,,,,,,,1,0,,KSHV,VZV_Ellen
SRR22753403,0,,,,,,,1,,418,,,,,,,1,,418,KSHV,combined_herpes_viruses
SRR22753403,0,,,,,,0,1,,,,,,,,0,1,,,KSHV,HSV2_StrainG
SRR22753403,0,,,,0,,,1,,,,,,0,,,1,,,KSHV,HHV7
SRR22753403,0,,,,,,,,0,418,,,,,,,,0,418,VZV_Ellen,combined_herpes_viruses
SRR22753403,0,,,,,,0,,0,,,,,,,0,,0,,VZV_Ellen,HSV2_StrainG
SRR22753403,0,,,,0,,,,0,,,,,0,,,,0,,VZV_Ellen,HHV7
SRR22753403,0,,,,,,0,,,418,,,,,,0,,,418,combined_herpes_viruses,HSV2_StrainG
SRR22753403,0,,,,0,,,,,418,,,,0,,,,,418,combined_herpes_viruses,HHV7
SRR22753403,0,,,,0,,0,,,,,,,0,,0,,,,HSV2_StrainG,HHV7
SRR22753403,522,,,,,522,,,,,,,,,0,,,,,HSV1_KOS,HSV1_KOS
SRR22753403,0,,0,,,,,,,,,0,,,,,,,,HCMV,HCMV
SRR22753403,0,,,0,,,,,,,,,0,,,,,,,HHV6B,HHV6B
SRR22753403,14,14,,,,,,,,,0,,,,,,,,,EBV,EBV
SRR22753403,1,,,,,,,1,,,,,,,,,0,,,KSHV,KSHV
SRR22753403,0,,,,,,,,0,,,,,,,,,0,,VZV_Ellen,VZV_Ellen
SRR22753403,418,,,,,,,,,418,,,,,,,,,0,combined_herpes_viruses,combined_herpes_viruses
SRR22753403,0,,,,,,0,,,,,,,,,0,,,,HSV2_StrainG,HSV2_StrainG
SRR22753403,0,,,,0,,,,,,,,,0,,,,,,HHV7,HHV7
SRR22753486,0,,,,0,,,,,6,,,,0,,,,,6,HHV7,combined_herpes_viruses
SRR22753486,0,,0,,0,,,,,,,0,,0,,,,,,HHV7,HCMV
SRR22753486,0,,,,0,,6,,,,,,,0,,6,,,,HHV7,HSV2_StrainG
SRR22753486,0,,,,0,7,,,,,,,,0,7,,,,,HHV7,HSV1_KOS
SRR22753486,0,0,,,0,,,,,,0,,,0,,,,,,HHV7,EBV
SRR22753486,0,,,,0,,,,0,,,,,0,,,,0,,HHV7,VZV_Ellen
SRR22753486,0,,,,0,,,6,,,,,,0,,,6,,,HHV7,KSHV
SRR22753486,0,,,1,0,,,,,,,,1,0,,,,,,HHV7,HHV6B
SRR22753486,0,,0,,,,,,,6,,0,,,,,,,6,combined_herpes_viruses,HCMV
SRR22753486,0,,,,,,6,,,6,,,,,,6,,,6,combined_herpes_viruses,HSV2_StrainG
SRR22753486,4,,,,,7,,,,6,,,,,3,,,,2,combined_herpes_viruses,HSV1_KOS
SRR22753486,0,0,,,,,,,,6,0,,,,,,,,6,combined_herpes_viruses,EBV
SRR22753486,0,,,,,,,,0,6,,,,,,,,0,6,combined_herpes_viruses,VZV_Ellen
SRR22753486,2,,,,,,,6,,6,,,,,,,4,,4,combined_herpes_viruses,KSHV
SRR22753486,0,,,1,,,,,,6,,,1,,,,,,6,combined_herpes_viruses,HHV6B
SRR22753486,0,,0,,,,6,,,,,0,,,,6,,,,HCMV,HSV2_StrainG
SRR22753486,0,,0,,,7,,,,,,0,,,7,,,,,HCMV,HSV1_KOS
SRR22753486,0,0,0,,,,,,,,0,0,,,,,,,,HCMV,EBV
SRR22753486,0,,0,,,,,,0,,,0,,,,,,0,,HCMV,VZV_Ellen
SRR22753486,0,,0,,,,,6,,,,0,,,,,6,,,HCMV,KSHV
SRR22753486,0,,0,1,,,,,,,,0,1,,,,,,,HCMV,HHV6B
SRR22753486,0,,,,,7,6,,,,,,,,7,6,,,,HSV2_StrainG,HSV1_KOS
SRR22753486,0,0,,,,,6,,,,0,,,,,6,,,,HSV2_StrainG,EBV
SRR22753486,0,,,,,,6,,0,,,,,,,6,,0,,HSV2_StrainG,VZV_Ellen
SRR22753486,0,,,,,,6,6,,,,,,,,6,6,,,HSV2_StrainG,KSHV
SRR22753486,0,,,1,,,6,,,,,,1,,,6,,,,HSV2_StrainG,HHV6B
SRR22753486,0,0,,,,7,,,,,0,,,,7,,,,,HSV1_KOS,EBV
SRR22753486,0,,,,,7,,,0,,,,,,7,,,0,,HSV1_KOS,VZV_Ellen
SRR22753486,0,,,,,7,,6,,,,,,,7,,6,,,HSV1_KOS,KSHV
SRR22753486,0,,,1,,7,,,,,,,1,,7,,,,,HSV1_KOS,HHV6B
SRR22753486,0,0,,,,,,,0,,0,,,,,,,0,,EBV,VZV_Ellen
SRR22753486,0,0,,,,,,6,,,0,,,,,,6,,,EBV,KSHV
SRR22753486,0,0,,1,,,,,,,0,,1,,,,,,,EBV,HHV6B
SRR22753486,0,,,,,,,6,0,,,,,,,,6,0,,VZV_Ellen,KSHV
SRR22753486,0,,,1,,,,,0,,,,1,,,,,0,,VZV_Ellen,HHV6B
SRR22753486,0,,,1,,,,6,,,,,1,,,,6,,,KSHV,HHV6B
SRR22753486,0,,,,0,,,,,,,,,0,,,,,,HHV7,HHV7
SRR22753486,6,,,,,,,,,6,,,,,,,,,0,combined_herpes_viruses,combined_herpes_viruses
SRR22753486,0,,0,,,,,,,,,0,,,,,,,,HCMV,HCMV
SRR22753486,6,,,,,,6,,,,,,,,,0,,,,HSV2_StrainG,HSV2_StrainG
SRR22753486,7,,,,,7,,,,,,,,,0,,,,,HSV1_KOS,HSV1_KOS
SRR22753486,0,0,,,,,,,,,0,,,,,,,,,EBV,EBV
SRR22753486,0,,,,,,,,0,,,,,,,,,0,,VZV_Ellen,VZV_Ellen
SRR22753486,6,,,,,,,6,,,,,,,,,0,,,KSHV,KSHV
SRR22753486,1,,,1,,,,,,,,,0,,,,,,,HHV6B,HHV6B
SRR22753471,0,,,,0,,,,0,,,,,0,,,,0,,VZV_Ellen,HHV7
SRR22753471,0,,0,,,,,,0,,,0,,,,,,0,,VZV_Ellen,HCMV
SRR22753471,0,,,,,,,,0,9,,,,,,,,0,9,VZV_Ellen,combined_herpes_viruses
SRR22753471,0,0,,,,,,,0,,0,,,,,,,0,,VZV_Ellen,EBV
SRR22753471,0,,,,,,,3,0,,,,,,,,3,0,,VZV_Ellen,KSHV
SRR22753471,0,,,,,,4,,0,,,,,,,4,,0,,VZV_Ellen,HSV2_StrainG
SRR22753471,0,,,4,,,,,0,,,,4,,,,,0,,VZV_Ellen,HHV6B
SRR22753471,0,,,,,8,,,0,,,,,,8,,,0,,VZV_Ellen,HSV1_KOS
SRR22753471,0,,0,,0,,,,,,,0,,0,,,,,,HHV7,HCMV
SRR22753471,0,,,,0,,,,,9,,,,0,,,,,9,HHV7,combined_herpes_viruses
SRR22753471,0,0,,,0,,,,,,0,,,0,,,,,,HHV7,EBV
SRR22753471,0,,,,0,,,3,,,,,,0,,,3,,,HHV7,KSHV
SRR22753471,0,,,,0,,4,,,,,,,0,,4,,,,HHV7,HSV2_StrainG
SRR22753471,0,,,4,0,,,,,,,,4,0,,,,,,HHV7,HHV6B
SRR22753471,0,,,,0,8,,,,,,,,0,8,,,,,HHV7,HSV1_KOS
SRR22753471,0,,0,,,,,,,9,,0,,,,,,,9,HCMV,combined_herpes_viruses
SRR22753471,0,0,0,,,,,,,,0,0,,,,,,,,HCMV,EBV
SRR22753471,0,,0,,,,,3,,,,0,,,,,3,,,HCMV,KSHV
SRR22753471,0,,0,,,,4,,,,,0,,,,4,,,,HCMV,HSV2_StrainG
SRR22753471,0,,0,4,,,,,,,,0,4,,,,,,,HCMV,HHV6B
SRR22753471,0,,0,,,8,,,,,,0,,,8,,,,,HCMV,HSV1_KOS
SRR22753471,0,0,,,,,,,,9,0,,,,,,,,9,combined_herpes_viruses,EBV
SRR22753471,1,,,,,,,3,,9,,,,,,,2,,8,combined_herpes_viruses,KSHV
SRR22753471,2,,,,,,4,,,9,,,,,,2,,,7,combined_herpes_viruses,HSV2_StrainG
SRR22753471,4,,,4,,,,,,9,,,0,,,,,,5,combined_herpes_viruses,HHV6B
SRR22753471,5,,,,,8,,,,9,,,,,3,,,,4,combined_herpes_viruses,HSV1_KOS
SRR22753471,0,0,,,,,,3,,,0,,,,,,3,,,EBV,KSHV
SRR22753471,0,0,,,,,4,,,,0,,,,,4,,,,EBV,HSV2_StrainG
SRR22753471,0,0,,4,,,,,,,0,,4,,,,,,,EBV,HHV6B
SRR22753471,0,0,,,,8,,,,,0,,,,8,,,,,EBV,HSV1_KOS
SRR22753471,1,,,,,,4,3,,,,,,,,3,2,,,KSHV,HSV2_StrainG
SRR22753471,1,,,4,,,,3,,,,,3,,,,2,,,KSHV,HHV6B
SRR22753471,0,,,,,8,,3,,,,,,,8,,3,,,KSHV,HSV1_KOS
SRR22753471,2,,,4,,,4,,,,,,2,,,2,,,,HSV2_StrainG,HHV6B
SRR22753471,0,,,,,8,4,,,,,,,,8,4,,,,HSV2_StrainG,HSV1_KOS
SRR22753471,0,,,4,,8,,,,,,,4,,8,,,,,HHV6B,HSV1_KOS
SRR22753471,0,,,,,,,,0,,,,,,,,,0,,VZV_Ellen,VZV_Ellen
SRR22753471,0,,,,0,,,,,,,,,0,,,,,,HHV7,HHV7
SRR22753471,0,,0,,,,,,,,,0,,,,,,,,HCMV,HCMV
SRR22753471,9,,,,,,,,,9,,,,,,,,,0,combined_herpes_viruses,combined_herpes_viruses
SRR22753471,0,0,,,,,,,,,0,,,,,,,,,EBV,EBV
SRR22753471,3,,,,,,,3,,,,,,,,,0,,,KSHV,KSHV
SRR22753471,4,,,,,,4,,,,,,,,,0,,,,HSV2_StrainG,HSV2_StrainG
SRR22753471,4,,,4,,,,,,,,,0,,,,,,,HHV6B,HHV6B
SRR22753471,8,,,,,8,,,,,,,,,0,,,,,HSV1_KOS,HSV1_KOS
SRR22753488,0,0,,,0,,,,,,0,,,0,,,,,,EBV,HHV7
SRR22753488,0,0,,,,34,,,,,0,,,,34,,,,,EBV,HSV1_KOS
SRR22753488,0,0,,,,,7,,,,0,,,,,7,,,,EBV,HSV2_StrainG
SRR22753488,0,0,1,,,,,,,,0,1,,,,,,,,EBV,HCMV
SRR22753488,0,0,,0,,,,,,,0,,0,,,,,,,EBV,HHV6B
SRR22753488,0,0,,,,,,,,24,0,,,,,,,,24,EBV,combined_herpes_viruses
SRR22753488,0,0,,,,,,11,,,0,,,,,,11,,,EBV,KSHV
SRR22753488,0,0,,,,,,,0,,0,,,,,,,0,,EBV,VZV_Ellen
SRR22753488,0,,,,0,34,,,,,,,,0,34,,,,,HHV7,HSV1_KOS
SRR22753488,0,,,,0,,7,,,,,,,0,,7,,,,HHV7,HSV2_StrainG
SRR22753488,0,,1,,0,,,,,,,1,,0,,,,,,HHV7,HCMV
SRR22753488,0,,,0,0,,,,,,,,0,0,,,,,,HHV7,HHV6B
SRR22753488,0,,,,0,,,,,24,,,,0,,,,,24,HHV7,combined_herpes_viruses
SRR22753488,0,,,,0,,,11,,,,,,0,,,11,,,HHV7,KSHV
SRR22753488,0,,,,0,,,,0,,,,,0,,,,0,,HHV7,VZV_Ellen
SRR22753488,0,,,,,34,7,,,,,,,,34,7,,,,HSV1_KOS,HSV2_StrainG
SRR22753488,0,,1,,,34,,,,,,1,,,34,,,,,HSV1_KOS,HCMV
SRR22753488,0,,,0,,34,,,,,,,0,,34,,,,,HSV1_KOS,HHV6B
SRR22753488,15,,,,,34,,,,24,,,,,19,,,,9,HSV1_KOS,combined_herpes_viruses
SRR22753488,0,,,,,34,,11,,,,,,,34,,11,,,HSV1_KOS,KSHV
SRR22753488,0,,,,,34,,,0,,,,,,34,,,0,,HSV1_KOS,VZV_Ellen
SRR22753488,0,,1,,,,7,,,,,1,,,,7,,,,HSV2_StrainG,HCMV
SRR22753488,0,,,0,,,7,,,,,,0,,,7,,,,HSV2_StrainG,HHV6B
SRR22753488,1,,,,,,7,,,24,,,,,,6,,,23,HSV2_StrainG,combined_herpes_viruses
SRR22753488,0,,,,,,7,11,,,,,,,,7,11,,,HSV2_StrainG,KSHV
SRR22753488,0,,,,,,7,,0,,,,,,,7,,0,,HSV2_StrainG,VZV_Ellen
SRR22753488,0,,1,0,,,,,,,,1,0,,,,,,,HCMV,HHV6B
SRR22753488,0,,1,,,,,,,24,,1,,,,,,,24,HCMV,combined_herpes_viruses
SRR22753488,0,,1,,,,,11,,,,1,,,,,11,,,HCMV,KSHV
SRR22753488,0,,1,,,,,,0,,,1,,,,,,0,,HCMV,VZV_Ellen
SRR22753488,0,,,0,,,,,,24,,,0,,,,,,24,HHV6B,combined_herpes_viruses
SRR22753488,0,,,0,,,,11,,,,,0,,,,11,,,HHV6B,KSHV
SRR22753488,0,,,0,,,,,0,,,,0,,,,,0,,HHV6B,VZV_Ellen
SRR22753488,2,,,,,,,11,,24,,,,,,,9,,22,combined_herpes_viruses,KSHV
SRR22753488,0,,,,,,,,0,24,,,,,,,,0,24,combined_herpes_viruses,VZV_Ellen
SRR22753488,0,,,,,,,11,0,,,,,,,,11,0,,KSHV,VZV_Ellen
SRR22753488,0,0,,,,,,,,,0,,,,,,,,,EBV,EBV
SRR22753488,0,,,,0,,,,,,,,,0,,,,,,HHV7,HHV7
SRR22753488,34,,,,,34,,,,,,,,,0,,,,,HSV1_KOS,HSV1_KOS
SRR22753488,7,,,,,,7,,,,,,,,,0,,,,HSV2_StrainG,HSV2_StrainG
SRR22753488,1,,1,,,,,,,,,0,,,,,,,,HCMV,HCMV
SRR22753488,0,,,0,,,,,,,,,0,,,,,,,HHV6B,HHV6B
SRR22753488,24,,,,,,,,,24,,,,,,,,,0,combined_herpes_viruses,combined_herpes_viruses
SRR22753488,11,,,,,,,11,,,,,,,,,0,,,KSHV,KSHV
SRR22753488,0,,,,,,,,0,,,,,,,,,0,,VZV_Ellen,VZV_Ellen
SRR22753557,0,0,,,,,3,,,,0,,,,,3,,,,HSV2_StrainG,EBV
SRR22753557,0,,,,,,3,2,,,,,,,,3,2,,,HSV2_StrainG,KSHV
SRR22753557,0,,,0,,,3,,,,,,0,,,3,,,,HSV2_StrainG,HHV6B
SRR22753557,0,,,,,,3,,0,,,,,,,3,,0,,HSV2_StrainG,VZV_Ellen
SRR22753557,0,,,,,2,3,,,,,,,,2,3,,,,HSV2_StrainG,HSV1_KOS
SRR22753557,0,,,,0,,3,,,,,,,0,,3,,,,HSV2_StrainG,HHV7
SRR22753557,0,,0,,,,3,,,,,0,,,,3,,,,HSV2_StrainG,HCMV
SRR22753557,0,,,,,,3,,,1,,,,,,3,,,1,HSV2_StrainG,combined_herpes_viruses
SRR22753557,0,0,,,,,,2,,,0,,,,,,2,,,EBV,KSHV
SRR22753557,0,0,,0,,,,,,,0,,0,,,,,,,EBV,HHV6B
SRR22753557,0,0,,,,,,,0,,0,,,,,,,0,,EBV,VZV_Ellen
SRR22753557,0,0,,,,2,,,,,0,,,,2,,,,,EBV,HSV1_KOS
SRR22753557,0,0,,,0,,,,,,0,,,0,,,,,,EBV,HHV7
SRR22753557,0,0,0,,,,,,,,0,0,,,,,,,,EBV,HCMV
SRR22753557,0,0,,,,,,,,1,0,,,,,,,,1,EBV,combined_herpes_viruses
SRR22753557,0,,,0,,,,2,,,,,0,,,,2,,,KSHV,HHV6B
SRR22753557,0,,,,,,,2,0,,,,,,,,2,0,,KSHV,VZV_Ellen
SRR22753557,0,,,,,2,,2,,,,,,,2,,2,,,KSHV,HSV1_KOS
SRR22753557,0,,,,0,,,2,,,,,,0,,,2,,,KSHV,HHV7
SRR22753557,0,,0,,,,,2,,,,0,,,,,2,,,KSHV,HCMV
SRR22753557,0,,,,,,,2,,1,,,,,,,2,,1,KSHV,combined_herpes_viruses
SRR22753557,0,,,0,,,,,0,,,,0,,,,,0,,HHV6B,VZV_Ellen
SRR22753557,0,,,0,,2,,,,,,,0,,2,,,,,HHV6B,HSV1_KOS
SRR22753557,0,,,0,0,,,,,,,,0,0,,,,,,HHV6B,HHV7
SRR22753557,0,,0,0,,,,,,,,0,0,,,,,,,HHV6B,HCMV
SRR22753557,0,,,0,,,,,,1,,,0,,,,,,1,HHV6B,combined_herpes_viruses
SRR22753557,0,,,,,2,,,0,,,,,,2,,,0,,VZV_Ellen,HSV1_KOS
SRR22753557,0,,,,0,,,,0,,,,,0,,,,0,,VZV_Ellen,HHV7
SRR22753557,0,,0,,,,,,0,,,0,,,,,,0,,VZV_Ellen,HCMV
SRR22753557,0,,,,,,,,0,1,,,,,,,,0,1,VZV_Ellen,combined_herpes_viruses
SRR22753557,0,,,,0,2,,,,,,,,0,2,,,,,HSV1_KOS,HHV7
SRR22753557,0,,0,,,2,,,,,,0,,,2,,,,,HSV1_KOS,HCMV
SRR22753557,1,,,,,2,,,,1,,,,,1,,,,0,HSV1_KOS,combined_herpes_viruses
SRR22753557,0,,0,,0,,,,,,,0,,0,,,,,,HHV7,HCMV
SRR22753557,0,,,,0,,,,,1,,,,0,,,,,1,HHV7,combined_herpes_viruses
SRR22753557,0,,0,,,,,,,1,,0,,,,,,,1,HCMV,combined_herpes_viruses
SRR22753557,3,,,,,,3,,,,,,,,,0,,,,HSV2_StrainG,HSV2_StrainG
SRR22753557,0,0,,,,,,,,,0,,,,,,,,,EBV,EBV
SRR22753557,2,,,,,,,2,,,,,,,,,0,,,KSHV,KSHV
SRR22753557,0,,,0,,,,,,,,,0,,,,,,,HHV6B,HHV6B
SRR22753557,0,,,,,,,,0,,,,,,,,,0,,VZV_Ellen,VZV_Ellen
SRR22753557,2,,,,,2,,,,,,,,,0,,,,,HSV1_KOS,HSV1_KOS
SRR22753557,0,,,,0,,,,,,,,,0,,,,,,HHV7,HHV7
SRR22753557,0,,0,,,,,,,,,0,,,,,,,,HCMV,HCMV
SRR22753557,1,,,,,,,,,1,,,,,,,,,0,combined_herpes_viruses,combined_herpes_viruses
SRR22753483,0,,,,0,,,,,9,,,,0,,,,,9,combined_herpes_viruses,HHV7
SRR22753483,0,,0,,,,,,,9,,0,,,,,,,9,combined_herpes_viruses,HCMV
SRR22753483,0,1,,,,,,,,9,1,,,,,,,,9,combined_herpes_viruses,EBV
SRR22753483,0,,,,,3,,,,9,,,,,3,,,,9,combined_herpes_viruses,HSV1_KOS
SRR22753483,2,,,,,,,8,,9,,,,,,,6,,7,combined_herpes_viruses,KSHV
SRR22753483,0,,,,,,11,,,9,,,,,,11,,,9,combined_herpes_viruses,HSV2_StrainG
SRR22753483,0,,,,,,,,1,9,,,,,,,,1,9,combined_herpes_viruses,VZV_Ellen
SRR22753483,0,,,0,,,,,,9,,,0,,,,,,9,combined_herpes_viruses,HHV6B
SRR22753483,0,,0,,0,,,,,,,0,,0,,,,,,HHV7,HCMV
SRR22753483,0,1,,,0,,,,,,1,,,0,,,,,,HHV7,EBV
SRR22753483,0,,,,0,3,,,,,,,,0,3,,,,,HHV7,HSV1_KOS
SRR22753483,0,,,,0,,,8,,,,,,0,,,8,,,HHV7,KSHV
SRR22753483,0,,,,0,,11,,,,,,,0,,11,,,,HHV7,HSV2_StrainG
SRR22753483,0,,,,0,,,,1,,,,,0,,,,1,,HHV7,VZV_Ellen
SRR22753483,0,,,0,0,,,,,,,,0,0,,,,,,HHV7,HHV6B
SRR22753483,0,1,0,,,,,,,,1,0,,,,,,,,HCMV,EBV
SRR22753483,0,,0,,,3,,,,,,0,,,3,,,,,HCMV,HSV1_KOS
SRR22753483,0,,0,,,,,8,,,,0,,,,,8,,,HCMV,KSHV
SRR22753483,0,,0,,,,11,,,,,0,,,,11,,,,HCMV,HSV2_StrainG
SRR22753483,0,,0,,,,,,1,,,0,,,,,,1,,HCMV,VZV_Ellen
SRR22753483,0,,0,0,,,,,,,,0,0,,,,,,,HCMV,HHV6B
SRR22753483,0,1,,,,3,,,,,1,,,,3,,,,,EBV,HSV1_KOS
SRR22753483,0,1,,,,,,8,,,1,,,,,,8,,,EBV,KSHV
SRR22753483,0,1,,,,,11,,,,1,,,,,11,,,,EBV,HSV2_StrainG
SRR22753483,0,1,,,,,,,1,,1,,,,,,,1,,EBV,VZV_Ellen
SRR22753483,0,1,,0,,,,,,,1,,0,,,,,,,EBV,HHV6B
SRR22753483,0,,,,,3,,8,,,,,,,3,,8,,,HSV1_KOS,KSHV
SRR22753483,0,,,,,3,11,,,,,,,,3,11,,,,HSV1_KOS,HSV2_StrainG
SRR22753483,0,,,,,3,,,1,,,,,,3,,,1,,HSV1_KOS,VZV_Ellen
SRR22753483,0,,,0,,3,,,,,,,0,,3,,,,,HSV1_KOS,HHV6B
SRR22753483,0,,,,,,11,8,,,,,,,,11,8,,,KSHV,HSV2_StrainG
SRR22753483,0,,,,,,,8,1,,,,,,,,8,1,,KSHV,VZV_Ellen
SRR22753483,0,,,0,,,,8,,,,,0,,,,8,,,KSHV,HHV6B
SRR22753483,0,,,,,,11,,1,,,,,,,11,,1,,HSV2_StrainG,VZV_Ellen
SRR22753483,0,,,0,,,11,,,,,,0,,,11,,,,HSV2_StrainG,HHV6B
SRR22753483,0,,,0,,,,,1,,,,0,,,,,1,,VZV_Ellen,HHV6B
SRR22753483,9,,,,,,,,,9,,,,,,,,,0,combined_herpes_viruses,combined_herpes_viruses
SRR22753483,0,,,,0,,,,,,,,,0,,,,,,HHV7,HHV7
SRR22753483,0,,0,,,,,,,,,0,,,,,,,,HCMV,HCMV
SRR22753483,1,1,,,,,,,,,0,,,,,,,,,EBV,EBV
SRR22753483,3,,,,,3,,,,,,,,,0,,,,,HSV1_KOS,HSV1_KOS
SRR22753483,8,,,,,,,8,,,,,,,,,0,,,KSHV,KSHV
SRR22753483,11,,,,,,11,,,,,,,,,0,,,,HSV2_StrainG,HSV2_StrainG
SRR22753483,1,,,,,,,,1,,,,,,,,,0,,VZV_Ellen,VZV_Ellen
SRR22753483,0,,,0,,,,,,,,,0,,,,,,,HHV6B,HHV6B
SRR22753544,0,,,,,1,,,,0,,,,,1,,,,0,combined_herpes_viruses,HSV1_KOS
SRR22753544,0,,,,,,,2,,0,,,,,,,2,,0,combined_herpes_viruses,KSHV
SRR22753544,0,,,,,,0,,,0,,,,,,0,,,0,combined_herpes_viruses,HSV2_StrainG
SRR22753544,0,0,,,,,,,,0,0,,,,,,,,0,combined_herpes_viruses,EBV
SRR22753544,0,,,,,,,,0,0,,,,,,,,0,0,combined_herpes_viruses,VZV_Ellen
SRR22753544,0,,,,0,,,,,0,,,,0,,,,,0,combined_herpes_viruses,HHV7
SRR22753544,0,,0,,,,,,,0,,0,,,,,,,0,combined_herpes_viruses,HCMV
SRR22753544,0,,,2,,,,,,0,,,2,,,,,,0,combined_herpes_viruses,HHV6B
SRR22753544,0,,,,,1,,2,,,,,,,1,,2,,,HSV1_KOS,KSHV
SRR22753544,0,,,,,1,0,,,,,,,,1,0,,,,HSV1_KOS,HSV2_StrainG
SRR22753544,0,0,,,,1,,,,,0,,,,1,,,,,HSV1_KOS,EBV
SRR22753544,0,,,,,1,,,0,,,,,,1,,,0,,HSV1_KOS,VZV_Ellen
SRR22753544,0,,,,0,1,,,,,,,,0,1,,,,,HSV1_KOS,HHV7
SRR22753544,0,,0,,,1,,,,,,0,,,1,,,,,HSV1_KOS,HCMV
SRR22753544,0,,,2,,1,,,,,,,2,,1,,,,,HSV1_KOS,HHV6B
SRR22753544,0,,,,,,0,2,,,,,,,,0,2,,,KSHV,HSV2_StrainG
SRR22753544,0,0,,,,,,2,,,0,,,,,,2,,,KSHV,EBV
SRR22753544,0,,,,,,,2,0,,,,,,,,2,0,,KSHV,VZV_Ellen
SRR22753544,0,,,,0,,,2,,,,,,0,,,2,,,KSHV,HHV7
SRR22753544,0,,0,,,,,2,,,,0,,,,,2,,,KSHV,HCMV
SRR22753544,1,,,2,,,,2,,,,,1,,,,1,,,KSHV,HHV6B
SRR22753544,0,0,,,,,0,,,,0,,,,,0,,,,HSV2_StrainG,EBV
SRR22753544,0,,,,,,0,,0,,,,,,,0,,0,,HSV2_StrainG,VZV_Ellen
SRR22753544,0,,,,0,,0,,,,,,,0,,0,,,,HSV2_StrainG,HHV7
SRR22753544,0,,0,,,,0,,,,,0,,,,0,,,,HSV2_StrainG,HCMV
SRR22753544,0,,,2,,,0,,,,,,2,,,0,,,,HSV2_StrainG,HHV6B
SRR22753544,0,0,,,,,,,0,,0,,,,,,,0,,EBV,VZV_Ellen
SRR22753544,0,0,,,0,,,,,,0,,,0,,,,,,EBV,HHV7
SRR22753544,0,0,0,,,,,,,,0,0,,,,,,,,EBV,HCMV
SRR22753544,0,0,,2,,,,,,,0,,2,,,,,,,EBV,HHV6B
SRR22753544,0,,,,0,,,,0,,,,,0,,,,0,,VZV_Ellen,HHV7
SRR22753544,0,,0,,,,,,0,,,0,,,,,,0,,VZV_Ellen,HCMV
SRR22753544,0,,,2,,,,,0,,,,2,,,,,0,,VZV_Ellen,HHV6B
SRR22753544,0,,0,,0,,,,,,,0,,0,,,,,,HHV7,HCMV
SRR22753544,0,,,2,0,,,,,,,,2,0,,,,,,HHV7,HHV6B
SRR22753544,0,,0,2,,,,,,,,0,2,,,,,,,HCMV,HHV6B
SRR22753544,0,,,,,,,,,0,,,,,,,,,0,combined_herpes_viruses,combined_herpes_viruses
SRR22753544,1,,,,,1,,,,,,,,,0,,,,,HSV1_KOS,HSV1_KOS
SRR22753544,2,,,,,,,2,,,,,,,,,0,,,KSHV,KSHV
SRR22753544,0,,,,,,0,,,,,,,,,0,,,,HSV2_StrainG,HSV2_StrainG
SRR22753544,0,0,,,,,,,,,0,,,,,,,,,EBV,EBV
SRR22753544,0,,,,,,,,0,,,,,,,,,0,,VZV_Ellen,VZV_Ellen
SRR22753544,0,,,,0,,,,,,,,,0,,,,,,HHV7,HHV7
SRR22753544,0,,0,,,,,,,,,0,,,,,,,,HCMV,HCMV
SRR22753544,2,,,2,,,,,,,,,0,,,,,,,HHV6B,HHV6B
SRR22753490,0,,,,,,10,,,20,,,,,,10,,,20,HSV2_StrainG,combined_herpes_viruses
SRR22753490,0,,,,,,10,,0,,,,,,,10,,0,,HSV2_StrainG,VZV_Ellen
SRR22753490,0,,,0,,,10,,,,,,0,,,10,,,,HSV2_StrainG,HHV6B
SRR22753490,0,0,,,,,10,,,,0,,,,,10,,,,HSV2_StrainG,EBV
SRR22753490,0,,,,0,,10,,,,,,,0,,10,,,,HSV2_StrainG,HHV7
SRR22753490,0,,0,,,,10,,,,,0,,,,10,,,,HSV2_StrainG,HCMV
SRR22753490,0,,,,,,10,13,,,,,,,,10,13,,,HSV2_StrainG,KSHV
SRR22753490,0,,,,,31,10,,,,,,,,31,10,,,,HSV2_StrainG,HSV1_KOS
SRR22753490,0,,,,,,,,0,20,,,,,,,,0,20,combined_herpes_viruses,VZV_Ellen
SRR22753490,0,,,0,,,,,,20,,,0,,,,,,20,combined_herpes_viruses,HHV6B
SRR22753490,0,0,,,,,,,,20,0,,,,,,,,20,combined_herpes_viruses,EBV
SRR22753490,0,,,,0,,,,,20,,,,0,,,,,20,combined_herpes_viruses,HHV7
SRR22753490,0,,0,,,,,,,20,,0,,,,,,,20,combined_herpes_viruses,HCMV
SRR22753490,1,,,,,,,13,,20,,,,,,,12,,19,combined_herpes_viruses,KSHV
SRR22753490,15,,,,,31,,,,20,,,,,16,,,,5,combined_herpes_viruses,HSV1_KOS
SRR22753490,0,,,0,,,,,0,,,,0,,,,,0,,VZV_Ellen,HHV6B
SRR22753490,0,0,,,,,,,0,,0,,,,,,,0,,VZV_Ellen,EBV
SRR22753490,0,,,,0,,,,0,,,,,0,,,,0,,VZV_Ellen,HHV7
SRR22753490,0,,0,,,,,,0,,,0,,,,,,0,,VZV_Ellen,HCMV
SRR22753490,0,,,,,,,13,0,,,,,,,,13,0,,VZV_Ellen,KSHV
SRR22753490,0,,,,,31,,,0,,,,,,31,,,0,,VZV_Ellen,HSV1_KOS
SRR22753490,0,0,,0,,,,,,,0,,0,,,,,,,HHV6B,EBV
SRR22753490,0,,,0,0,,,,,,,,0,0,,,,,,HHV6B,HHV7
SRR22753490,0,,0,0,,,,,,,,0,0,,,,,,,HHV6B,HCMV
SRR22753490,0,,,0,,,,13,,,,,0,,,,13,,,HHV6B,KSHV
SRR22753490,0,,,0,,31,,,,,,,0,,31,,,,,HHV6B,HSV1_KOS
SRR22753490,0,0,,,0,,,,,,0,,,0,,,,,,EBV,HHV7
SRR22753490,0,0,0,,,,,,,,0,0,,,,,,,,EBV,HCMV
SRR22753490,0,0,,,,,,13,,,0,,,,,,13,,,EBV,KSHV
SRR22753490,0,0,,,,31,,,,,0,,,,31,,,,,EBV,HSV1_KOS
SRR22753490,0,,0,,0,,,,,,,0,,0,,,,,,HHV7,HCMV
SRR22753490,0,,,,0,,,13,,,,,,0,,,13,,,HHV7,KSHV
SRR22753490,0,,,,0,31,,,,,,,,0,31,,,,,HHV7,HSV1_KOS
SRR22753490,0,,0,,,,,13,,,,0,,,,,13,,,HCMV,KSHV
SRR22753490,0,,0,,,31,,,,,,0,,,31,,,,,HCMV,HSV1_KOS
SRR22753490,0,,,,,31,,13,,,,,,,31,,13,,,KSHV,HSV1_KOS
SRR22753490,10,,,,,,10,,,,,,,,,0,,,,HSV2_StrainG,HSV2_StrainG
SRR22753490,20,,,,,,,,,20,,,,,,,,,0,combined_herpes_viruses,combined_herpes_viruses
SRR22753490,0,,,,,,,,0,,,,,,,,,0,,VZV_Ellen,VZV_Ellen
SRR22753490,0,,,0,,,,,,,,,0,,,,,,,HHV6B,HHV6B
SRR22753490,0,0,,,,,,,,,0,,,,,,,,,EBV,EBV
SRR22753490,0,,,,0,,,,,,,,,0,,,,,,HHV7,HHV7
SRR22753490,0,,0,,,,,,,,,0,,,,,,,,HCMV,HCMV
SRR22753490,13,,,,,,,13,,,,,,,,,0,,,KSHV,KSHV
SRR22753490,31,,,,,31,,,,,,,,,0,,,,,HSV1_KOS,HSV1_KOS
SRR22753554,0,,,0,,,,2,,,,,0,,,,2,,,KSHV,HHV6B
SRR22753554,0,,,,,,,2,,1,,,,,,,2,,1,KSHV,combined_herpes_viruses
SRR22753554,0,0,,,,,,2,,,0,,,,,,2,,,KSHV,EBV
SRR22753554,0,,0,,,,,2,,,,0,,,,,2,,,KSHV,HCMV
SRR22753554,0,,,,,1,,2,,,,,,,1,,2,,,KSHV,HSV1_KOS
SRR22753554,0,,,,,,5,2,,,,,,,,5,2,,,KSHV,HSV2_StrainG
SRR22753554,0,,,,0,,,2,,,,,,0,,,2,,,KSHV,HHV7
SRR22753554,0,,,,,,,2,0,,,,,,,,2,0,,KSHV,VZV_Ellen
SRR22753554,0,,,0,,,,,,1,,,0,,,,,,1,HHV6B,combined_herpes_viruses
SRR22753554,0,0,,0,,,,,,,0,,0,,,,,,,HHV6B,EBV
SRR22753554,0,,0,0,,,,,,,,0,0,,,,,,,HHV6B,HCMV
SRR22753554,0,,,0,,1,,,,,,,0,,1,,,,,HHV6B,HSV1_KOS
SRR22753554,0,,,0,,,5,,,,,,0,,,5,,,,HHV6B,HSV2_StrainG
SRR22753554,0,,,0,0,,,,,,,,0,0,,,,,,HHV6B,HHV7
SRR22753554,0,,,0,,,,,0,,,,0,,,,,0,,HHV6B,VZV_Ellen
SRR22753554,0,0,,,,,,,,1,0,,,,,,,,1,combined_herpes_viruses,EBV
SRR22753554,0,,0,,,,,,,1,,0,,,,,,,1,combined_herpes_viruses,HCMV
SRR22753554,1,,,,,1,,,,1,,,,,0,,,,0,combined_herpes_viruses,HSV1_KOS
SRR22753554,0,,,,,,5,,,1,,,,,,5,,,1,combined_herpes_viruses,HSV2_StrainG
SRR22753554,0,,,,0,,,,,1,,,,0,,,,,1,combined_herpes_viruses,HHV7
SRR22753554,0,,,,,,,,0,1,,,,,,,,0,1,combined_herpes_viruses,VZV_Ellen
SRR22753554,0,0,0,,,,,,,,0,0,,,,,,,,EBV,HCMV
SRR22753554,0,0,,,,1,,,,,0,,,,1,,,,,EBV,HSV1_KOS
SRR22753554,0,0,,,,,5,,,,0,,,,,5,,,,EBV,HSV2_StrainG
SRR22753554,0,0,,,0,,,,,,0,,,0,,,,,,EBV,HHV7
SRR22753554,0,0,,,,,,,0,,0,,,,,,,0,,EBV,VZV_Ellen
SRR22753554,0,,0,,,1,,,,,,0,,,1,,,,,HCMV,HSV1_KOS
SRR22753554,0,,0,,,,5,,,,,0,,,,5,,,,HCMV,HSV2_StrainG
SRR22753554,0,,0,,0,,,,,,,0,,0,,,,,,HCMV,HHV7
SRR22753554,0,,0,,,,,,0,,,0,,,,,,0,,HCMV,VZV_Ellen
SRR22753554,0,,,,,1,5,,,,,,,,1,5,,,,HSV1_KOS,HSV2_StrainG
SRR22753554,0,,,,0,1,,,,,,,,0,1,,,,,HSV1_KOS,HHV7
SRR22753554,0,,,,,1,,,0,,,,,,1,,,0,,HSV1_KOS,VZV_Ellen
SRR22753554,0,,,,0,,5,,,,,,,0,,5,,,,HSV2_StrainG,HHV7
SRR22753554,0,,,,,,5,,0,,,,,,,5,,0,,HSV2_StrainG,VZV_Ellen
SRR22753554,0,,,,0,,,,0,,,,,0,,,,0,,HHV7,VZV_Ellen
SRR22753554,2,,,,,,,2,,,,,,,,,0,,,KSHV,KSHV
SRR22753554,0,,,0,,,,,,,,,0,,,,,,,HHV6B,HHV6B
SRR22753554,1,,,,,,,,,1,,,,,,,,,0,combined_herpes_viruses,combined_herpes_viruses
SRR22753554,0,0,,,,,,,,,0,,,,,,,,,EBV,EBV
SRR22753554,0,,0,,,,,,,,,0,,,,,,,,HCMV,HCMV
SRR22753554,1,,,,,1,,,,,,,,,0,,,,,HSV1_KOS,HSV1_KOS
SRR22753554,5,,,,,,5,,,,,,,,,0,,,,HSV2_StrainG,HSV2_StrainG
SRR22753554,0,,,,0,,,,,,,,,0,,,,,,HHV7,HHV7
SRR22753554,0,,,,,,,,0,,,,,,,,,0,,VZV_Ellen,VZV_Ellen
SRR22753432,0,,,,0,,1,,,,,,,0,,1,,,,HSV2_StrainG,HHV7
SRR22753432,0,,0,,,,1,,,,,0,,,,1,,,,HSV2_StrainG,HCMV
SRR22753432,0,0,,,,,1,,,,0,,,,,1,,,,HSV2_StrainG,EBV
SRR22753432,0,,,,,17,1,,,,,,,,17,1,,,,HSV2_StrainG,HSV1_KOS
SRR22753432,0,,,,,,1,,0,,,,,,,1,,0,,HSV2_StrainG,VZV_Ellen
SRR22753432,0,,,,,,1,,,14,,,,,,1,,,14,HSV2_StrainG,combined_herpes_viruses
SRR22753432,0,,,0,,,1,,,,,,0,,,1,,,,HSV2_StrainG,HHV6B
SRR22753432,0,,,,,,1,1,,,,,,,,1,1,,,HSV2_StrainG,KSHV
SRR22753432,0,,0,,0,,,,,,,0,,0,,,,,,HHV7,HCMV
SRR22753432,0,0,,,0,,,,,,0,,,0,,,,,,HHV7,EBV
SRR22753432,0,,,,0,17,,,,,,,,0,17,,,,,HHV7,HSV1_KOS
SRR22753432,0,,,,0,,,,0,,,,,0,,,,0,,HHV7,VZV_Ellen
SRR22753432,0,,,,0,,,,,14,,,,0,,,,,14,HHV7,combined_herpes_viruses
SRR22753432,0,,,0,0,,,,,,,,0,0,,,,,,HHV7,HHV6B
SRR22753432,0,,,,0,,,1,,,,,,0,,,1,,,HHV7,KSHV
SRR22753432,0,0,0,,,,,,,,0,0,,,,,,,,HCMV,EBV
SRR22753432,0,,0,,,17,,,,,,0,,,17,,,,,HCMV,HSV1_KOS
SRR22753432,0,,0,,,,,,0,,,0,,,,,,0,,HCMV,VZV_Ellen
SRR22753432,0,,0,,,,,,,14,,0,,,,,,,14,HCMV,combined_herpes_viruses
SRR22753432,0,,0,0,,,,,,,,0,0,,,,,,,HCMV,HHV6B
SRR22753432,0,,0,,,,,1,,,,0,,,,,1,,,HCMV,KSHV
SRR22753432,0,0,,,,17,,,,,0,,,,17,,,,,EBV,HSV1_KOS
SRR22753432,0,0,,,,,,,0,,0,,,,,,,0,,EBV,VZV_Ellen
SRR22753432,0,0,,,,,,,,14,0,,,,,,,,14,EBV,combined_herpes_viruses
SRR22753432,0,0,,0,,,,,,,0,,0,,,,,,,EBV,HHV6B
SRR22753432,0,0,,,,,,1,,,0,,,,,,1,,,EBV,KSHV
SRR22753432,0,,,,,17,,,0,,,,,,17,,,0,,HSV1_KOS,VZV_Ellen
SRR22753432,10,,,,,17,,,,14,,,,,7,,,,4,HSV1_KOS,combined_herpes_viruses
SRR22753432,0,,,0,,17,,,,,,,0,,17,,,,,HSV1_KOS,HHV6B
SRR22753432,0,,,,,17,,1,,,,,,,17,,1,,,HSV1_KOS,KSHV
SRR22753432,0,,,,,,,,0,14,,,,,,,,0,14,VZV_Ellen,combined_herpes_viruses
SRR22753432,0,,,0,,,,,0,,,,0,,,,,0,,VZV_Ellen,HHV6B
SRR22753432,0,,,,,,,1,0,,,,,,,,1,0,,VZV_Ellen,KSHV
SRR22753432,0,,,0,,,,,,14,,,0,,,,,,14,combined_herpes_viruses,HHV6B
SRR22753432,0,,,,,,,1,,14,,,,,,,1,,14,combined_herpes_viruses,KSHV
SRR22753432,0,,,0,,,,1,,,,,0,,,,1,,,HHV6B,KSHV
SRR22753432,1,,,,,,1,,,,,,,,,0,,,,HSV2_StrainG,HSV2_StrainG
SRR22753432,0,,,,0,,,,,,,,,0,,,,,,HHV7,HHV7
SRR22753432,0,,0,,,,,,,,,0,,,,,,,,HCMV,HCMV
SRR22753432,0,0,,,,,,,,,0,,,,,,,,,EBV,EBV
SRR22753432,17,,,,,17,,,,,,,,,0,,,,,HSV1_KOS,HSV1_KOS
SRR22753432,0,,,,,,,,0,,,,,,,,,0,,VZV_Ellen,VZV_Ellen
SRR22753432,14,,,,,,,,,14,,,,,,,,,0,combined_herpes_viruses,combined_herpes_viruses
SRR22753432,0,,,0,,,,,,,,,0,,,,,,,HHV6B,HHV6B
SRR22753432,1,,,,,,,1,,,,,,,,,0,,,KSHV,KSHV
SRR22753365,0,,,,,,3,5,,,,,,,,3,5,,,KSHV,HSV2_StrainG
SRR22753365,0,0,,,,,,5,,,0,,,,,,5,,,KSHV,EBV
SRR22753365,0,,,,,168,,5,,,,,,,168,,5,,,KSHV,HSV1_KOS
SRR22753365,0,,,,0,,,5,,,,,,0,,,5,,,KSHV,HHV7
SRR22753365,1,,,,,,,5,,135,,,,,,,4,,134,KSHV,combined_herpes_viruses
SRR22753365,0,,0,,,,,5,,,,0,,,,,5,,,KSHV,HCMV
SRR22753365,0,,,0,,,,5,,,,,0,,,,5,,,KSHV,HHV6B
SRR22753365,0,,,,,,,5,0,,,,,,,,5,0,,KSHV,VZV_Ellen
SRR22753365,0,0,,,,,3,,,,0,,,,,3,,,,HSV2_StrainG,EBV
SRR22753365,0,,,,,168,3,,,,,,,,168,3,,,,HSV2_StrainG,HSV1_KOS
SRR22753365,0,,,,0,,3,,,,,,,0,,3,,,,HSV2_StrainG,HHV7
SRR22753365,0,,,,,,3,,,135,,,,,,3,,,135,HSV2_StrainG,combined_herpes_viruses
SRR22753365,0,,0,,,,3,,,,,0,,,,3,,,,HSV2_StrainG,HCMV
SRR22753365,0,,,0,,,3,,,,,,0,,,3,,,,HSV2_StrainG,HHV6B
SRR22753365,0,,,,,,3,,0,,,,,,,3,,0,,HSV2_StrainG,VZV_Ellen
SRR22753365,0,0,,,,168,,,,,0,,,,168,,,,,EBV,HSV1_KOS
SRR22753365,0,0,,,0,,,,,,0,,,0,,,,,,EBV,HHV7
SRR22753365,0,0,,,,,,,,135,0,,,,,,,,135,EBV,combined_herpes_viruses
SRR22753365,0,0,0,,,,,,,,0,0,,,,,,,,EBV,HCMV
SRR22753365,0,0,,0,,,,,,,0,,0,,,,,,,EBV,HHV6B
SRR22753365,0,0,,,,,,,0,,0,,,,,,,0,,EBV,VZV_Ellen
SRR22753365,0,,,,0,168,,,,,,,,0,168,,,,,HSV1_KOS,HHV7
SRR22753365,110,,,,,168,,,,135,,,,,58,,,,25,HSV1_KOS,combined_herpes_viruses
SRR22753365,0,,0,,,168,,,,,,0,,,168,,,,,HSV1_KOS,HCMV
SRR22753365,0,,,0,,168,,,,,,,0,,168,,,,,HSV1_KOS,HHV6B
SRR22753365,0,,,,,168,,,0,,,,,,168,,,0,,HSV1_KOS,VZV_Ellen
SRR22753365,0,,,,0,,,,,135,,,,0,,,,,135,HHV7,combined_herpes_viruses
SRR22753365,0,,0,,0,,,,,,,0,,0,,,,,,HHV7,HCMV
SRR22753365,0,,,0,0,,,,,,,,0,0,,,,,,HHV7,HHV6B
SRR22753365,0,,,,0,,,,0,,,,,0,,,,0,,HHV7,VZV_Ellen
SRR22753365,0,,0,,,,,,,135,,0,,,,,,,135,combined_herpes_viruses,HCMV
SRR22753365,0,,,0,,,,,,135,,,0,,,,,,135,combined_herpes_viruses,HHV6B
SRR22753365,0,,,,,,,,0,135,,,,,,,,0,135,combined_herpes_viruses,VZV_Ellen
SRR22753365,0,,0,0,,,,,,,,0,0,,,,,,,HCMV,HHV6B
SRR22753365,0,,0,,,,,,0,,,0,,,,,,0,,HCMV,VZV_Ellen
SRR22753365,0,,,0,,,,,0,,,,0,,,,,0,,HHV6B,VZV_Ellen
SRR22753365,5,,,,,,,5,,,,,,,,,0,,,KSHV,KSHV
SRR22753365,3,,,,,,3,,,,,,,,,0,,,,HSV2_StrainG,HSV2_StrainG
SRR22753365,0,0,,,,,,,,,0,,,,,,,,,EBV,EBV
SRR22753365,168,,,,,168,,,,,,,,,0,,,,,HSV1_KOS,HSV1_KOS
SRR22753365,0,,,,0,,,,,,,,,0,,,,,,HHV7,HHV7
SRR22753365,135,,,,,,,,,135,,,,,,,,,0,combined_herpes_viruses,combined_herpes_viruses
SRR22753365,0,,0,,,,,,,,,0,,,,,,,,HCMV,HCMV
SRR22753365,0,,,0,,,,,,,,,0,,,,,,,HHV6B,HHV6B
SRR22753365,0,,,,,,,,0,,,,,,,,,0,,VZV_Ellen,VZV_Ellen
SRR22753547,0,,,,,8,,,0,,,,,,8,,,0,,VZV_Ellen,HSV1_KOS
SRR22753547,0,,,,,,,,0,3,,,,,,,,0,3,VZV_Ellen,combined_herpes_viruses
SRR22753547,0,,,1,,,,,0,,,,1,,,,,0,,VZV_Ellen,HHV6B
SRR22753547,0,,,,0,,,,0,,,,,0,,,,0,,VZV_Ellen,HHV7
SRR22753547,0,,0,,,,,,0,,,0,,,,,,0,,VZV_Ellen,HCMV
SRR22753547,0,0,,,,,,,0,,0,,,,,,,0,,VZV_Ellen,EBV
SRR22753547,0,,,,,,33,,0,,,,,,,33,,0,,VZV_Ellen,HSV2_StrainG
SRR22753547,0,,,,,,,8,0,,,,,,,,8,0,,VZV_Ellen,KSHV
SRR22753547,2,,,,,8,,,,3,,,,,6,,,,1,HSV1_KOS,combined_herpes_viruses
SRR22753547,0,,,1,,8,,,,,,,1,,8,,,,,HSV1_KOS,HHV6B
SRR22753547,0,,,,0,8,,,,,,,,0,8,,,,,HSV1_KOS,HHV7
SRR22753547,0,,0,,,8,,,,,,0,,,8,,,,,HSV1_KOS,HCMV
SRR22753547,0,0,,,,8,,,,,0,,,,8,,,,,HSV1_KOS,EBV
SRR22753547,0,,,,,8,33,,,,,,,,8,33,,,,HSV1_KOS,HSV2_StrainG
SRR22753547,0,,,,,8,,8,,,,,,,8,,8,,,HSV1_KOS,KSHV
SRR22753547,0,,,1,,,,,,3,,,1,,,,,,3,combined_herpes_viruses,HHV6B
SRR22753547,0,,,,0,,,,,3,,,,0,,,,,3,combined_herpes_viruses,HHV7
SRR22753547,0,,0,,,,,,,3,,0,,,,,,,3,combined_herpes_viruses,HCMV
SRR22753547,0,0,,,,,,,,3,0,,,,,,,,3,combined_herpes_viruses,EBV
SRR22753547,0,,,,,,33,,,3,,,,,,33,,,3,combined_herpes_viruses,HSV2_StrainG
SRR22753547,0,,,,,,,8,,3,,,,,,,8,,3,combined_herpes_viruses,KSHV
SRR22753547,0,,,1,0,,,,,,,,1,0,,,,,,HHV6B,HHV7
SRR22753547,0,,0,1,,,,,,,,0,1,,,,,,,HHV6B,HCMV
SRR22753547,0,0,,1,,,,,,,0,,1,,,,,,,HHV6B,EBV
SRR22753547,0,,,1,,,33,,,,,,1,,,33,,,,HHV6B,HSV2_StrainG
SRR22753547,0,,,1,,,,8,,,,,1,,,,8,,,HHV6B,KSHV
SRR22753547,0,,0,,0,,,,,,,0,,0,,,,,,HHV7,HCMV
SRR22753547,0,0,,,0,,,,,,0,,,0,,,,,,HHV7,EBV
SRR22753547,0,,,,0,,33,,,,,,,0,,33,,,,HHV7,HSV2_StrainG
SRR22753547,0,,,,0,,,8,,,,,,0,,,8,,,HHV7,KSHV
SRR22753547,0,0,0,,,,,,,,0,0,,,,,,,,HCMV,EBV
SRR22753547,0,,0,,,,33,,,,,0,,,,33,,,,HCMV,HSV2_StrainG
SRR22753547,0,,0,,,,,8,,,,0,,,,,8,,,HCMV,KSHV
SRR22753547,0,0,,,,,33,,,,0,,,,,33,,,,EBV,HSV2_StrainG
SRR22753547,0,0,,,,,,8,,,0,,,,,,8,,,EBV,KSHV
SRR22753547,0,,,,,,33,8,,,,,,,,33,8,,,HSV2_StrainG,KSHV
SRR22753547,0,,,,,,,,0,,,,,,,,,0,,VZV_Ellen,VZV_Ellen
SRR22753547,8,,,,,8,,,,,,,,,0,,,,,HSV1_KOS,HSV1_KOS
SRR22753547,3,,,,,,,,,3,,,,,,,,,0,combined_herpes_viruses,combined_herpes_viruses
SRR22753547,1,,,1,,,,,,,,,0,,,,,,,HHV6B,HHV6B
SRR22753547,0,,,,0,,,,,,,,,0,,,,,,HHV7,HHV7
SRR22753547,0,,0,,,,,,,,,0,,,,,,,,HCMV,HCMV
SRR22753547,0,0,,,,,,,,,0,,,,,,,,,EBV,EBV
SRR22753547,33,,,,,,33,,,,,,,,,0,,,,HSV2_StrainG,HSV2_StrainG
SRR22753547,8,,,,,,,8,,,,,,,,,0,,,KSHV,KSHV
SRR22753384,0,,0,,0,,,,,,,0,,0,,,,,,HCMV,HHV7
SRR22753384,0,,0,,,16,,,,,,0,,,16,,,,,HCMV,HSV1_KOS
SRR22753384,0,,0,0,,,,,,,,0,0,,,,,,,HCMV,HHV6B
SRR22753384,0,,0,,,,,,0,,,0,,,,,,0,,HCMV,VZV_Ellen
SRR22753384,0,0,0,,,,,,,,0,0,,,,,,,,HCMV,EBV
SRR22753384,0,,0,,,,,,,15,,0,,,,,,,15,HCMV,combined_herpes_viruses
SRR22753384,0,,0,,,,,7,,,,0,,,,,7,,,HCMV,KSHV
SRR22753384,0,,0,,,,2,,,,,0,,,,2,,,,HCMV,HSV2_StrainG
SRR22753384,0,,,,0,16,,,,,,,,0,16,,,,,HHV7,HSV1_KOS
SRR22753384,0,,,0,0,,,,,,,,0,0,,,,,,HHV7,HHV6B
SRR22753384,0,,,,0,,,,0,,,,,0,,,,0,,HHV7,VZV_Ellen
SRR22753384,0,0,,,0,,,,,,0,,,0,,,,,,HHV7,EBV
SRR22753384,0,,,,0,,,,,15,,,,0,,,,,15,HHV7,combined_herpes_viruses
SRR22753384,0,,,,0,,,7,,,,,,0,,,7,,,HHV7,KSHV
SRR22753384,0,,,,0,,2,,,,,,,0,,2,,,,HHV7,HSV2_StrainG
SRR22753384,0,,,0,,16,,,,,,,0,,16,,,,,HSV1_KOS,HHV6B
SRR22753384,0,,,,,16,,,0,,,,,,16,,,0,,HSV1_KOS,VZV_Ellen
SRR22753384,0,0,,,,16,,,,,0,,,,16,,,,,HSV1_KOS,EBV
SRR22753384,10,,,,,16,,,,15,,,,,6,,,,5,HSV1_KOS,combined_herpes_viruses
SRR22753384,0,,,,,16,,7,,,,,,,16,,7,,,HSV1_KOS,KSHV
SRR22753384,0,,,,,16,2,,,,,,,,16,2,,,,HSV1_KOS,HSV2_StrainG
SRR22753384,0,,,0,,,,,0,,,,0,,,,,0,,HHV6B,VZV_Ellen
SRR22753384,0,0,,0,,,,,,,0,,0,,,,,,,HHV6B,EBV
SRR22753384,0,,,0,,,,,,15,,,0,,,,,,15,HHV6B,combined_herpes_viruses
SRR22753384,0,,,0,,,,7,,,,,0,,,,7,,,HHV6B,KSHV
SRR22753384,0,,,0,,,2,,,,,,0,,,2,,,,HHV6B,HSV2_StrainG
SRR22753384,0,0,,,,,,,0,,0,,,,,,,0,,VZV_Ellen,EBV
SRR22753384,0,,,,,,,,0,15,,,,,,,,0,15,VZV_Ellen,combined_herpes_viruses
SRR22753384,0,,,,,,,7,0,,,,,,,,7,0,,VZV_Ellen,KSHV
SRR22753384,0,,,,,,2,,0,,,,,,,2,,0,,VZV_Ellen,HSV2_StrainG
SRR22753384,0,0,,,,,,,,15,0,,,,,,,,15,EBV,combined_herpes_viruses
SRR22753384,0,0,,,,,,7,,,0,,,,,,7,,,EBV,KSHV
SRR22753384,0,0,,,,,2,,,,0,,,,,2,,,,EBV,HSV2_StrainG
SRR22753384,2,,,,,,,7,,15,,,,,,,5,,13,combined_herpes_viruses,KSHV
SRR22753384,0,,,,,,2,,,15,,,,,,2,,,15,combined_herpes_viruses,HSV2_StrainG
SRR22753384,0,,,,,,2,7,,,,,,,,2,7,,,KSHV,HSV2_StrainG
SRR22753384,0,,0,,,,,,,,,0,,,,,,,,HCMV,HCMV
SRR22753384,0,,,,0,,,,,,,,,0,,,,,,HHV7,HHV7
SRR22753384,16,,,,,16,,,,,,,,,0,,,,,HSV1_KOS,HSV1_KOS
SRR22753384,0,,,0,,,,,,,,,0,,,,,,,HHV6B,HHV6B
SRR22753384,0,,,,,,,,0,,,,,,,,,0,,VZV_Ellen,VZV_Ellen
SRR22753384,0,0,,,,,,,,,0,,,,,,,,,EBV,EBV
SRR22753384,15,,,,,,,,,15,,,,,,,,,0,combined_herpes_viruses,combined_herpes_viruses
SRR22753384,7,,,,,,,7,,,,,,,,,0,,,KSHV,KSHV
SRR22753384,2,,,,,,2,,,,,,,,,0,,,,HSV2_StrainG,HSV2_StrainG
SRR22753472,0,0,0,,,,,,,,0,0,,,,,,,,EBV,HCMV
SRR22753472,0,0,,,,,,5,,,0,,,,,,5,,,EBV,KSHV
SRR22753472,0,0,,,,347,,,,,0,,,,347,,,,,EBV,HSV1_KOS
SRR22753472,0,0,,,,,,,,252,0,,,,,,,,252,EBV,combined_herpes_viruses
SRR22753472,0,0,,1,,,,,,,0,,1,,,,,,,EBV,HHV6B
SRR22753472,0,0,,,,,1,,,,0,,,,,1,,,,EBV,HSV2_StrainG
SRR22753472,0,0,,,,,,,0,,0,,,,,,,0,,EBV,VZV_Ellen
SRR22753472,0,0,,,1,,,,,,0,,,1,,,,,,EBV,HHV7
SRR22753472,0,,0,,,,,5,,,,0,,,,,5,,,HCMV,KSHV
SRR22753472,0,,0,,,347,,,,,,0,,,347,,,,,HCMV,HSV1_KOS
SRR22753472,0,,0,,,,,,,252,,0,,,,,,,252,HCMV,combined_herpes_viruses
SRR22753472,0,,0,1,,,,,,,,0,1,,,,,,,HCMV,HHV6B
SRR22753472,0,,0,,,,1,,,,,0,,,,1,,,,HCMV,HSV2_StrainG
SRR22753472,0,,0,,,,,,0,,,0,,,,,,0,,HCMV,VZV_Ellen
SRR22753472,0,,0,,1,,,,,,,0,,1,,,,,,HCMV,HHV7
SRR22753472,0,,,,,347,,5,,,,,,,347,,5,,,KSHV,HSV1_KOS
SRR22753472,0,,,,,,,5,,252,,,,,,,5,,252,KSHV,combined_herpes_viruses
SRR22753472,0,,,1,,,,5,,,,,1,,,,5,,,KSHV,HHV6B
SRR22753472,0,,,,,,1,5,,,,,,,,1,5,,,KSHV,HSV2_StrainG
SRR22753472,0,,,,,,,5,0,,,,,,,,5,0,,KSHV,VZV_Ellen
SRR22753472,0,,,,1,,,5,,,,,,1,,,5,,,KSHV,HHV7
SRR22753472,202,,,,,347,,,,252,,,,,145,,,,50,HSV1_KOS,combined_herpes_viruses
SRR22753472,0,,,1,,347,,,,,,,1,,347,,,,,HSV1_KOS,HHV6B
SRR22753472,0,,,,,347,1,,,,,,,,347,1,,,,HSV1_KOS,HSV2_StrainG
SRR22753472,0,,,,,347,,,0,,,,,,347,,,0,,HSV1_KOS,VZV_Ellen
SRR22753472,0,,,,1,347,,,,,,,,1,347,,,,,HSV1_KOS,HHV7
SRR22753472,0,,,1,,,,,,252,,,1,,,,,,252,combined_herpes_viruses,HHV6B
SRR22753472,0,,,,,,1,,,252,,,,,,1,,,252,combined_herpes_viruses,HSV2_StrainG
SRR22753472,0,,,,,,,,0,252,,,,,,,,0,252,combined_herpes_viruses,VZV_Ellen
SRR22753472,0,,,,1,,,,,252,,,,1,,,,,252,combined_herpes_viruses,HHV7
SRR22753472,0,,,1,,,1,,,,,,1,,,1,,,,HHV6B,HSV2_StrainG
SRR22753472,0,,,1,,,,,0,,,,1,,,,,0,,HHV6B,VZV_Ellen
SRR22753472,0,,,1,1,,,,,,,,1,1,,,,,,HHV6B,HHV7
SRR22753472,0,,,,,,1,,0,,,,,,,1,,0,,HSV2_StrainG,VZV_Ellen
SRR22753472,0,,,,1,,1,,,,,,,1,,1,,,,HSV2_StrainG,HHV7
SRR22753472,0,,,,1,,,,0,,,,,1,,,,0,,VZV_Ellen,HHV7
SRR22753472,0,0,,,,,,,,,0,,,,,,,,,EBV,EBV
SRR22753472,0,,0,,,,,,,,,0,,,,,,,,HCMV,HCMV
SRR22753472,5,,,,,,,5,,,,,,,,,0,,,KSHV,KSHV
SRR22753472,347,,,,,347,,,,,,,,,0,,,,,HSV1_KOS,HSV1_KOS
SRR22753472,252,,,,,,,,,252,,,,,,,,,0,combined_herpes_viruses,combined_herpes_viruses
SRR22753472,1,,,1,,,,,,,,,0,,,,,,,HHV6B,HHV6B
SRR22753472,1,,,,,,1,,,,,,,,,0,,,,HSV2_StrainG,HSV2_StrainG
SRR22753472,0,,,,,,,,0,,,,,,,,,0,,VZV_Ellen,VZV_Ellen
SRR22753472,1,,,,1,,,,,,,,,0,,,,,,HHV7,HHV7
SRR22753587,0,,,,0,55,,,,,,,,0,55,,,,,HHV7,HSV1_KOS
SRR22753587,0,,0,,0,,,,,,,0,,0,,,,,,HHV7,HCMV
SRR22753587,0,,,,0,,2,,,,,,,0,,2,,,,HHV7,HSV2_StrainG
SRR22753587,0,,,,0,,,1,,,,,,0,,,1,,,HHV7,KSHV
SRR22753587,0,,,,0,,,,0,,,,,0,,,,0,,HHV7,VZV_Ellen
SRR22753587,0,,,0,0,,,,,,,,0,0,,,,,,HHV7,HHV6B
SRR22753587,0,1,,,0,,,,,,1,,,0,,,,,,HHV7,EBV
SRR22753587,0,,,,0,,,,,36,,,,0,,,,,36,HHV7,combined_herpes_viruses
SRR22753587,0,,0,,,55,,,,,,0,,,55,,,,,HSV1_KOS,HCMV
SRR22753587,0,,,,,55,2,,,,,,,,55,2,,,,HSV1_KOS,HSV2_StrainG
SRR22753587,0,,,,,55,,1,,,,,,,55,,1,,,HSV1_KOS,KSHV
SRR22753587,0,,,,,55,,,0,,,,,,55,,,0,,HSV1_KOS,VZV_Ellen
SRR22753587,0,,,0,,55,,,,,,,0,,55,,,,,HSV1_KOS,HHV6B
SRR22753587,0,1,,,,55,,,,,1,,,,55,,,,,HSV1_KOS,EBV
SRR22753587,28,,,,,55,,,,36,,,,,27,,,,8,HSV1_KOS,combined_herpes_viruses
SRR22753587,0,,0,,,,2,,,,,0,,,,2,,,,HCMV,HSV2_StrainG
SRR22753587,0,,0,,,,,1,,,,0,,,,,1,,,HCMV,KSHV
SRR22753587,0,,0,,,,,,0,,,0,,,,,,0,,HCMV,VZV_Ellen
SRR22753587,0,,0,0,,,,,,,,0,0,,,,,,,HCMV,HHV6B
SRR22753587,0,1,0,,,,,,,,1,0,,,,,,,,HCMV,EBV
SRR22753587,0,,0,,,,,,,36,,0,,,,,,,36,HCMV,combined_herpes_viruses
SRR22753587,0,,,,,,2,1,,,,,,,,2,1,,,HSV2_StrainG,KSHV
SRR22753587,0,,,,,,2,,0,,,,,,,2,,0,,HSV2_StrainG,VZV_Ellen
SRR22753587,0,,,0,,,2,,,,,,0,,,2,,,,HSV2_StrainG,HHV6B
SRR22753587,0,1,,,,,2,,,,1,,,,,2,,,,HSV2_StrainG,EBV
SRR22753587,1,,,,,,2,,,36,,,,,,1,,,35,HSV2_StrainG,combined_herpes_viruses
SRR22753587,0,,,,,,,1,0,,,,,,,,1,0,,KSHV,VZV_Ellen
SRR22753587,0,,,0,,,,1,,,,,0,,,,1,,,KSHV,HHV6B
SRR22753587,0,1,,,,,,1,,,1,,,,,,1,,,KSHV,EBV
SRR22753587,0,,,,,,,1,,36,,,,,,,1,,36,KSHV,combined_herpes_viruses
SRR22753587,0,,,0,,,,,0,,,,0,,,,,0,,VZV_Ellen,HHV6B
SRR22753587,0,1,,,,,,,0,,1,,,,,,,0,,VZV_Ellen,EBV
SRR22753587,0,,,,,,,,0,36,,,,,,,,0,36,VZV_Ellen,combined_herpes_viruses
SRR22753587,0,1,,0,,,,,,,1,,0,,,,,,,HHV6B,EBV
SRR22753587,0,,,0,,,,,,36,,,0,,,,,,36,HHV6B,combined_herpes_viruses
SRR22753587,0,1,,,,,,,,36,1,,,,,,,,36,EBV,combined_herpes_viruses
SRR22753587,0,,,,0,,,,,,,,,0,,,,,,HHV7,HHV7
SRR22753587,55,,,,,55,,,,,,,,,0,,,,,HSV1_KOS,HSV1_KOS
SRR22753587,0,,0,,,,,,,,,0,,,,,,,,HCMV,HCMV
SRR22753587,2,,,,,,2,,,,,,,,,0,,,,HSV2_StrainG,HSV2_StrainG
SRR22753587,1,,,,,,,1,,,,,,,,,0,,,KSHV,KSHV
SRR22753587,0,,,,,,,,0,,,,,,,,,0,,VZV_Ellen,VZV_Ellen
SRR22753587,0,,,0,,,,,,,,,0,,,,,,,HHV6B,HHV6B
SRR22753587,1,1,,,,,,,,,0,,,,,,,,,EBV,EBV
SRR22753587,36,,,,,,,,,36,,,,,,,,,0,combined_herpes_viruses,combined_herpes_viruses
SRR22753571,0,,,,0,,,4,,,,,,0,,,4,,,HHV7,KSHV
SRR22753571,0,0,,,0,,,,,,0,,,0,,,,,,HHV7,EBV
SRR22753571,0,,,,0,125,,,,,,,,0,125,,,,,HHV7,HSV1_KOS
SRR22753571,0,,,,0,,,,,91,,,,0,,,,,91,HHV7,combined_herpes_viruses
SRR22753571,0,,,,0,,5,,,,,,,0,,5,,,,HHV7,HSV2_StrainG
SRR22753571,0,,,3,0,,,,,,,,3,0,,,,,,HHV7,HHV6B
SRR22753571,0,,0,,0,,,,,,,0,,0,,,,,,HHV7,HCMV
SRR22753571,0,,,,0,,,,0,,,,,0,,,,0,,HHV7,VZV_Ellen
SRR22753571,0,0,,,,,,4,,,0,,,,,,4,,,KSHV,EBV
SRR22753571,0,,,,,125,,4,,,,,,,125,,4,,,KSHV,HSV1_KOS
SRR22753571,0,,,,,,,4,,91,,,,,,,4,,91,KSHV,combined_herpes_viruses
SRR22753571,0,,,,,,5,4,,,,,,,,5,4,,,KSHV,HSV2_StrainG
SRR22753571,1,,,3,,,,4,,,,,2,,,,3,,,KSHV,HHV6B
SRR22753571,0,,0,,,,,4,,,,0,,,,,4,,,KSHV,HCMV
SRR22753571,0,,,,,,,4,0,,,,,,,,4,0,,KSHV,VZV_Ellen
SRR22753571,0,0,,,,125,,,,,0,,,,125,,,,,EBV,HSV1_KOS
SRR22753571,0,0,,,,,,,,91,0,,,,,,,,91,EBV,combined_herpes_viruses
SRR22753571,0,0,,,,,5,,,,0,,,,,5,,,,EBV,HSV2_StrainG
SRR22753571,0,0,,3,,,,,,,0,,3,,,,,,,EBV,HHV6B
SRR22753571,0,0,0,,,,,,,,0,0,,,,,,,,EBV,HCMV
SRR22753571,0,0,,,,,,,0,,0,,,,,,,0,,EBV,VZV_Ellen
SRR22753571,77,,,,,125,,,,91,,,,,48,,,,14,HSV1_KOS,combined_herpes_viruses
SRR22753571,0,,,,,125,5,,,,,,,,125,5,,,,HSV1_KOS,HSV2_StrainG
SRR22753571,0,,,3,,125,,,,,,,3,,125,,,,,HSV1_KOS,HHV6B
SRR22753571,0,,0,,,125,,,,,,0,,,125,,,,,HSV1_KOS,HCMV
SRR22753571,0,,,,,125,,,0,,,,,,125,,,0,,HSV1_KOS,VZV_Ellen
SRR22753571,1,,,,,,5,,,91,,,,,,4,,,90,combined_herpes_viruses,HSV2_StrainG
SRR22753571,0,,,3,,,,,,91,,,3,,,,,,91,combined_herpes_viruses,HHV6B
SRR22753571,0,,0,,,,,,,91,,0,,,,,,,91,combined_herpes_viruses,HCMV
SRR22753571,0,,,,,,,,0,91,,,,,,,,0,91,combined_herpes_viruses,VZV_Ellen
SRR22753571,0,,,3,,,5,,,,,,3,,,5,,,,HSV2_StrainG,HHV6B
SRR22753571,0,,0,,,,5,,,,,0,,,,5,,,,HSV2_StrainG,HCMV
SRR22753571,0,,,,,,5,,0,,,,,,,5,,0,,HSV2_StrainG,VZV_Ellen
SRR22753571,0,,0,3,,,,,,,,0,3,,,,,,,HHV6B,HCMV
SRR22753571,0,,,3,,,,,0,,,,3,,,,,0,,HHV6B,VZV_Ellen
SRR22753571,0,,0,,,,,,0,,,0,,,,,,0,,HCMV,VZV_Ellen
SRR22753571,0,,,,0,,,,,,,,,0,,,,,,HHV7,HHV7
SRR22753571,4,,,,,,,4,,,,,,,,,0,,,KSHV,KSHV
SRR22753571,0,0,,,,,,,,,0,,,,,,,,,EBV,EBV
SRR22753571,125,,,,,125,,,,,,,,,0,,,,,HSV1_KOS,HSV1_KOS
SRR22753571,91,,,,,,,,,91,,,,,,,,,0,combined_herpes_viruses,combined_herpes_viruses
SRR22753571,5,,,,,,5,,,,,,,,,0,,,,HSV2_StrainG,HSV2_StrainG
SRR22753571,3,,,3,,,,,,,,,0,,,,,,,HHV6B,HHV6B
SRR22753571,0,,0,,,,,,,,,0,,,,,,,,HCMV,HCMV
SRR22753571,0,,,,,,,,0,,,,,,,,,0,,VZV_Ellen,VZV_Ellen
SRR22753417,0,,,0,,,,,0,,,,0,,,,,0,,HHV6B,VZV_Ellen
SRR22753417,0,0,,0,,,,,,,0,,0,,,,,,,HHV6B,EBV
SRR22753417,0,,,0,,11,,,,,,,0,,11,,,,,HHV6B,HSV1_KOS
SRR22753417,0,,,0,,,,,,7,,,0,,,,,,7,HHV6B,combined_herpes_viruses
SRR22753417,0,,,0,,,11,,,,,,0,,,11,,,,HHV6B,HSV2_StrainG
SRR22753417,0,,1,0,,,,,,,,1,0,,,,,,,HHV6B,HCMV
SRR22753417,0,,,0,0,,,,,,,,0,0,,,,,,HHV6B,HHV7
SRR22753417,0,,,0,,,,6,,,,,0,,,,6,,,HHV6B,KSHV
SRR22753417,0,0,,,,,,,0,,0,,,,,,,0,,VZV_Ellen,EBV
SRR22753417,0,,,,,11,,,0,,,,,,11,,,0,,VZV_Ellen,HSV1_KOS
SRR22753417,0,,,,,,,,0,7,,,,,,,,0,7,VZV_Ellen,combined_herpes_viruses
SRR22753417,0,,,,,,11,,0,,,,,,,11,,0,,VZV_Ellen,HSV2_StrainG
SRR22753417,0,,1,,,,,,0,,,1,,,,,,0,,VZV_Ellen,HCMV
SRR22753417,0,,,,0,,,,0,,,,,0,,,,0,,VZV_Ellen,HHV7
SRR22753417,0,,,,,,,6,0,,,,,,,,6,0,,VZV_Ellen,KSHV
SRR22753417,0,0,,,,11,,,,,0,,,,11,,,,,EBV,HSV1_KOS
SRR22753417,0,0,,,,,,,,7,0,,,,,,,,7,EBV,combined_herpes_viruses
SRR22753417,0,0,,,,,11,,,,0,,,,,11,,,,EBV,HSV2_StrainG
SRR22753417,0,0,1,,,,,,,,0,1,,,,,,,,EBV,HCMV
SRR22753417,0,0,,,0,,,,,,0,,,0,,,,,,EBV,HHV7
SRR22753417,0,0,,,,,,6,,,0,,,,,,6,,,EBV,KSHV
SRR22753417,5,,,,,11,,,,7,,,,,6,,,,2,HSV1_KOS,combined_herpes_viruses
SRR22753417,0,,,,,11,11,,,,,,,,11,11,,,,HSV1_KOS,HSV2_StrainG
SRR22753417,0,,1,,,11,,,,,,1,,,11,,,,,HSV1_KOS,HCMV
SRR22753417,0,,,,0,11,,,,,,,,0,11,,,,,HSV1_KOS,HHV7
SRR22753417,0,,,,,11,,6,,,,,,,11,,6,,,HSV1_KOS,KSHV
SRR22753417,0,,,,,,11,,,7,,,,,,11,,,7,combined_herpes_viruses,HSV2_StrainG
SRR22753417,0,,1,,,,,,,7,,1,,,,,,,7,combined_herpes_viruses,HCMV
SRR22753417,0,,,,0,,,,,7,,,,0,,,,,7,combined_herpes_viruses,HHV7
SRR22753417,1,,,,,,,6,,7,,,,,,,5,,6,combined_herpes_viruses,KSHV
SRR22753417,1,,1,,,,11,,,,,0,,,,10,,,,HSV2_StrainG,HCMV
SRR22753417,0,,,,0,,11,,,,,,,0,,11,,,,HSV2_StrainG,HHV7
SRR22753417,0,,,,,,11,6,,,,,,,,11,6,,,HSV2_StrainG,KSHV
SRR22753417,0,,1,,0,,,,,,,1,,0,,,,,,HCMV,HHV7
SRR22753417,0,,1,,,,,6,,,,1,,,,,6,,,HCMV,KSHV
SRR22753417,0,,,,0,,,6,,,,,,0,,,6,,,HHV7,KSHV
SRR22753417,0,,,0,,,,,,,,,0,,,,,,,HHV6B,HHV6B
SRR22753417,0,,,,,,,,0,,,,,,,,,0,,VZV_Ellen,VZV_Ellen
SRR22753417,0,0,,,,,,,,,0,,,,,,,,,EBV,EBV
SRR22753417,11,,,,,11,,,,,,,,,0,,,,,HSV1_KOS,HSV1_KOS
SRR22753417,7,,,,,,,,,7,,,,,,,,,0,combined_herpes_viruses,combined_herpes_viruses
SRR22753417,11,,,,,,11,,,,,,,,,0,,,,HSV2_StrainG,HSV2_StrainG
SRR22753417,1,,1,,,,,,,,,0,,,,,,,,HCMV,HCMV
SRR22753417,0,,,,0,,,,,,,,,0,,,,,,HHV7,HHV7
SRR22753417,6,,,,,,,6,,,,,,,,,0,,,KSHV,KSHV
SRR22753379,0,,0,,,,5,,,,,0,,,,5,,,,HSV2_StrainG,HCMV
SRR22753379,0,,,,0,,5,,,,,,,0,,5,,,,HSV2_StrainG,HHV7
SRR22753379,0,,,,,65,5,,,,,,,,65,5,,,,HSV2_StrainG,HSV1_KOS
SRR22753379,1,,,,,,5,,,44,,,,,,4,,,43,HSV2_StrainG,combined_herpes_viruses
SRR22753379,0,,,,,,5,6,,,,,,,,5,6,,,HSV2_StrainG,KSHV
SRR22753379,0,,,,,,5,,0,,,,,,,5,,0,,HSV2_StrainG,VZV_Ellen
SRR22753379,2,,,4,,,5,,,,,,2,,,3,,,,HSV2_StrainG,HHV6B
SRR22753379,0,0,,,,,5,,,,0,,,,,5,,,,HSV2_StrainG,EBV
SRR22753379,0,,0,,0,,,,,,,0,,0,,,,,,HCMV,HHV7
SRR22753379,0,,0,,,65,,,,,,0,,,65,,,,,HCMV,HSV1_KOS
SRR22753379,0,,0,,,,,,,44,,0,,,,,,,44,HCMV,combined_herpes_viruses
SRR22753379,0,,0,,,,,6,,,,0,,,,,6,,,HCMV,KSHV
SRR22753379,0,,0,,,,,,0,,,0,,,,,,0,,HCMV,VZV_Ellen
SRR22753379,0,,0,4,,,,,,,,0,4,,,,,,,HCMV,HHV6B
SRR22753379,0,0,0,,,,,,,,0,0,,,,,,,,HCMV,EBV
SRR22753379,0,,,,0,65,,,,,,,,0,65,,,,,HHV7,HSV1_KOS
SRR22753379,0,,,,0,,,,,44,,,,0,,,,,44,HHV7,combined_herpes_viruses
SRR22753379,0,,,,0,,,6,,,,,,0,,,6,,,HHV7,KSHV
SRR22753379,0,,,,0,,,,0,,,,,0,,,,0,,HHV7,VZV_Ellen
SRR22753379,0,,,4,0,,,,,,,,4,0,,,,,,HHV7,HHV6B
SRR22753379,0,0,,,0,,,,,,0,,,0,,,,,,HHV7,EBV
SRR22753379,33,,,,,65,,,,44,,,,,32,,,,11,HSV1_KOS,combined_herpes_viruses
SRR22753379,0,,,,,65,,6,,,,,,,65,,6,,,HSV1_KOS,KSHV
SRR22753379,0,,,,,65,,,0,,,,,,65,,,0,,HSV1_KOS,VZV_Ellen
SRR22753379,0,,,4,,65,,,,,,,4,,65,,,,,HSV1_KOS,HHV6B
SRR22753379,0,0,,,,65,,,,,0,,,,65,,,,,HSV1_KOS,EBV
SRR22753379,2,,,,,,,6,,44,,,,,,,4,,42,combined_herpes_viruses,KSHV
SRR22753379,0,,,,,,,,0,44,,,,,,,,0,44,combined_herpes_viruses,VZV_Ellen
SRR22753379,3,,,4,,,,,,44,,,1,,,,,,41,combined_herpes_viruses,HHV6B
SRR22753379,0,0,,,,,,,,44,0,,,,,,,,44,combined_herpes_viruses,EBV
SRR22753379,0,,,,,,,6,0,,,,,,,,6,0,,KSHV,VZV_Ellen
SRR22753379,0,,,4,,,,6,,,,,4,,,,6,,,KSHV,HHV6B
SRR22753379,0,0,,,,,,6,,,0,,,,,,6,,,KSHV,EBV
SRR22753379,0,,,4,,,,,0,,,,4,,,,,0,,VZV_Ellen,HHV6B
SRR22753379,0,0,,,,,,,0,,0,,,,,,,0,,VZV_Ellen,EBV
SRR22753379,0,0,,4,,,,,,,0,,4,,,,,,,HHV6B,EBV
SRR22753379,5,,,,,,5,,,,,,,,,0,,,,HSV2_StrainG,HSV2_StrainG
SRR22753379,0,,0,,,,,,,,,0,,,,,,,,HCMV,HCMV
SRR22753379,0,,,,0,,,,,,,,,0,,,,,,HHV7,HHV7
SRR22753379,65,,,,,65,,,,,,,,,0,,,,,HSV1_KOS,HSV1_KOS
SRR22753379,44,,,,,,,,,44,,,,,,,,,0,combined_herpes_viruses,combined_herpes_viruses
SRR22753379,6,,,,,,,6,,,,,,,,,0,,,KSHV,KSHV
SRR22753379,0,,,,,,,,0,,,,,,,,,0,,VZV_Ellen,VZV_Ellen
SRR22753379,4,,,4,,,,,,,,,0,,,,,,,HHV6B,HHV6B
SRR22753379,0,0,,,,,,,,,0,,,,,,,,,EBV,EBV
SRR22753517,0,,,,,,1,,0,,,,,,,1,,0,,VZV_Ellen,HSV2_StrainG
SRR22753517,0,,,,,22,,,0,,,,,,22,,,0,,VZV_Ellen,HSV1_KOS
SRR22753517,0,,,,,,,2,0,,,,,,,,2,0,,VZV_Ellen,KSHV
SRR22753517,0,0,,,,,,,0,,0,,,,,,,0,,VZV_Ellen,EBV
SRR22753517,0,,0,,,,,,0,,,0,,,,,,0,,VZV_Ellen,HCMV
SRR22753517,0,,,0,,,,,0,,,,0,,,,,0,,VZV_Ellen,HHV6B
SRR22753517,0,,,,0,,,,0,,,,,0,,,,0,,VZV_Ellen,HHV7
SRR22753517,0,,,,,,,,0,19,,,,,,,,0,19,VZV_Ellen,combined_herpes_viruses
SRR22753517,0,,,,,22,1,,,,,,,,22,1,,,,HSV2_StrainG,HSV1_KOS
SRR22753517,0,,,,,,1,2,,,,,,,,1,2,,,HSV2_StrainG,KSHV
SRR22753517,0,0,,,,,1,,,,0,,,,,1,,,,HSV2_StrainG,EBV
SRR22753517,0,,0,,,,1,,,,,0,,,,1,,,,HSV2_StrainG,HCMV
SRR22753517,0,,,0,,,1,,,,,,0,,,1,,,,HSV2_StrainG,HHV6B
SRR22753517,0,,,,0,,1,,,,,,,0,,1,,,,HSV2_StrainG,HHV7
SRR22753517,0,,,,,,1,,,19,,,,,,1,,,19,HSV2_StrainG,combined_herpes_viruses
SRR22753517,0,,,,,22,,2,,,,,,,22,,2,,,HSV1_KOS,KSHV
SRR22753517,0,0,,,,22,,,,,0,,,,22,,,,,HSV1_KOS,EBV
SRR22753517,0,,0,,,22,,,,,,0,,,22,,,,,HSV1_KOS,HCMV
SRR22753517,0,,,0,,22,,,,,,,0,,22,,,,,HSV1_KOS,HHV6B
SRR22753517,0,,,,0,22,,,,,,,,0,22,,,,,HSV1_KOS,HHV7
SRR22753517,9,,,,,22,,,,19,,,,,13,,,,10,HSV1_KOS,combined_herpes_viruses
SRR22753517,0,0,,,,,,2,,,0,,,,,,2,,,KSHV,EBV
SRR22753517,0,,0,,,,,2,,,,0,,,,,2,,,KSHV,HCMV
SRR22753517,0,,,0,,,,2,,,,,0,,,,2,,,KSHV,HHV6B
SRR22753517,0,,,,0,,,2,,,,,,0,,,2,,,KSHV,HHV7
SRR22753517,1,,,,,,,2,,19,,,,,,,1,,18,KSHV,combined_herpes_viruses
SRR22753517,0,0,0,,,,,,,,0,0,,,,,,,,EBV,HCMV
SRR22753517,0,0,,0,,,,,,,0,,0,,,,,,,EBV,HHV6B
SRR22753517,0,0,,,0,,,,,,0,,,0,,,,,,EBV,HHV7
SRR22753517,0,0,,,,,,,,19,0,,,,,,,,19,EBV,combined_herpes_viruses
SRR22753517,0,,0,0,,,,,,,,0,0,,,,,,,HCMV,HHV6B
SRR22753517,0,,0,,0,,,,,,,0,,0,,,,,,HCMV,HHV7
SRR22753517,0,,0,,,,,,,19,,0,,,,,,,19,HCMV,combined_herpes_viruses
SRR22753517,0,,,0,0,,,,,,,,0,0,,,,,,HHV6B,HHV7
SRR22753517,0,,,0,,,,,,19,,,0,,,,,,19,HHV6B,combined_herpes_viruses
SRR22753517,0,,,,0,,,,,19,,,,0,,,,,19,HHV7,combined_herpes_viruses
SRR22753517,0,,,,,,,,0,,,,,,,,,0,,VZV_Ellen,VZV_Ellen
SRR22753517,1,,,,,,1,,,,,,,,,0,,,,HSV2_StrainG,HSV2_StrainG
SRR22753517,22,,,,,22,,,,,,,,,0,,,,,HSV1_KOS,HSV1_KOS
SRR22753517,2,,,,,,,2,,,,,,,,,0,,,KSHV,KSHV
SRR22753517,0,0,,,,,,,,,0,,,,,,,,,EBV,EBV
SRR22753517,0,,0,,,,,,,,,0,,,,,,,,HCMV,HCMV
SRR22753517,0,,,0,,,,,,,,,0,,,,,,,HHV6B,HHV6B
SRR22753517,0,,,,0,,,,,,,,,0,,,,,,HHV7,HHV7
SRR22753517,19,,,,,,,,,19,,,,,,,,,0,combined_herpes_viruses,combined_herpes_viruses
SRR22753573,1,1,,,,,,,,114,0,,,,,,,,113,EBV,combined_herpes_viruses
SRR22753573,0,1,,,,,,,1,,1,,,,,,,1,,EBV,VZV_Ellen
SRR22753573,0,1,,,0,,,,,,1,,,0,,,,,,EBV,HHV7
SRR22753573,0,1,,,,,5,,,,1,,,,,5,,,,EBV,HSV2_StrainG
SRR22753573,0,1,,,,,,4,,,1,,,,,,4,,,EBV,KSHV
SRR22753573,0,1,,,,147,,,,,1,,,,147,,,,,EBV,HSV1_KOS
SRR22753573,0,1,,4,,,,,,,1,,4,,,,,,,EBV,HHV6B
SRR22753573,0,1,0,,,,,,,,1,0,,,,,,,,EBV,HCMV
SRR22753573,0,,,,,,,,1,114,,,,,,,,1,114,combined_herpes_viruses,VZV_Ellen
SRR22753573,0,,,,0,,,,,114,,,,0,,,,,114,combined_herpes_viruses,HHV7
SRR22753573,1,,,,,,5,,,114,,,,,,4,,,113,combined_herpes_viruses,HSV2_StrainG
SRR22753573,2,,,,,,,4,,114,,,,,,,2,,112,combined_herpes_viruses,KSHV
SRR22753573,74,,,,,147,,,,114,,,,,73,,,,40,combined_herpes_viruses,HSV1_KOS
SRR22753573,2,,,4,,,,,,114,,,2,,,,,,112,combined_herpes_viruses,HHV6B
SRR22753573,0,,0,,,,,,,114,,0,,,,,,,114,combined_herpes_viruses,HCMV
SRR22753573,0,,,,0,,,,1,,,,,0,,,,1,,VZV_Ellen,HHV7
SRR22753573,0,,,,,,5,,1,,,,,,,5,,1,,VZV_Ellen,HSV2_StrainG
SRR22753573,0,,,,,,,4,1,,,,,,,,4,1,,VZV_Ellen,KSHV
SRR22753573,0,,,,,147,,,1,,,,,,147,,,1,,VZV_Ellen,HSV1_KOS
SRR22753573,0,,,4,,,,,1,,,,4,,,,,1,,VZV_Ellen,HHV6B
SRR22753573,0,,0,,,,,,1,,,0,,,,,,1,,VZV_Ellen,HCMV
SRR22753573,0,,,,0,,5,,,,,,,0,,5,,,,HHV7,HSV2_StrainG
SRR22753573,0,,,,0,,,4,,,,,,0,,,4,,,HHV7,KSHV
SRR22753573,0,,,,0,147,,,,,,,,0,147,,,,,HHV7,HSV1_KOS
SRR22753573,0,,,4,0,,,,,,,,4,0,,,,,,HHV7,HHV6B
SRR22753573,0,,0,,0,,,,,,,0,,0,,,,,,HHV7,HCMV
SRR22753573,1,,,,,,5,4,,,,,,,,4,3,,,HSV2_StrainG,KSHV
SRR22753573,0,,,,,147,5,,,,,,,,147,5,,,,HSV2_StrainG,HSV1_KOS
SRR22753573,0,,,4,,,5,,,,,,4,,,5,,,,HSV2_StrainG,HHV6B
SRR22753573,0,,0,,,,5,,,,,0,,,,5,,,,HSV2_StrainG,HCMV
SRR22753573,0,,,,,147,,4,,,,,,,147,,4,,,KSHV,HSV1_KOS
SRR22753573,0,,,4,,,,4,,,,,4,,,,4,,,KSHV,HHV6B
SRR22753573,0,,0,,,,,4,,,,0,,,,,4,,,KSHV,HCMV
SRR22753573,0,,,4,,147,,,,,,,4,,147,,,,,HSV1_KOS,HHV6B
SRR22753573,0,,0,,,147,,,,,,0,,,147,,,,,HSV1_KOS,HCMV
SRR22753573,0,,0,4,,,,,,,,0,4,,,,,,,HHV6B,HCMV
SRR22753573,1,1,,,,,,,,,0,,,,,,,,,EBV,EBV
SRR22753573,114,,,,,,,,,114,,,,,,,,,0,combined_herpes_viruses,combined_herpes_viruses
SRR22753573,1,,,,,,,,1,,,,,,,,,0,,VZV_Ellen,VZV_Ellen
SRR22753573,0,,,,0,,,,,,,,,0,,,,,,HHV7,HHV7
SRR22753573,5,,,,,,5,,,,,,,,,0,,,,HSV2_StrainG,HSV2_StrainG
SRR22753573,4,,,,,,,4,,,,,,,,,0,,,KSHV,KSHV
SRR22753573,147,,,,,147,,,,,,,,,0,,,,,HSV1_KOS,HSV1_KOS
SRR22753573,4,,,4,,,,,,,,,0,,,,,,,HHV6B,HHV6B
SRR22753573,0,,0,,,,,,,,,0,,,,,,,,HCMV,HCMV
SRR22753421,0,,,0,0,,,,,,,,0,0,,,,,,HHV7,HHV6B
SRR22753421,0,,,,0,,,,,15,,,,0,,,,,15,HHV7,combined_herpes_viruses
SRR22753421,0,0,,,0,,,,,,0,,,0,,,,,,HHV7,EBV
SRR22753421,0,,,,0,,,,0,,,,,0,,,,0,,HHV7,VZV_Ellen
SRR22753421,0,,0,,0,,,,,,,0,,0,,,,,,HHV7,HCMV
SRR22753421,0,,,,0,22,,,,,,,,0,22,,,,,HHV7,HSV1_KOS
SRR22753421,0,,,,0,,7,,,,,,,0,,7,,,,HHV7,HSV2_StrainG
SRR22753421,0,,,,0,,,10,,,,,,0,,,10,,,HHV7,KSHV
SRR22753421,0,,,0,,,,,,15,,,0,,,,,,15,HHV6B,combined_herpes_viruses
SRR22753421,0,0,,0,,,,,,,0,,0,,,,,,,HHV6B,EBV
SRR22753421,0,,,0,,,,,0,,,,0,,,,,0,,HHV6B,VZV_Ellen
SRR22753421,0,,0,0,,,,,,,,0,0,,,,,,,HHV6B,HCMV
SRR22753421,0,,,0,,22,,,,,,,0,,22,,,,,HHV6B,HSV1_KOS
SRR22753421,0,,,0,,,7,,,,,,0,,,7,,,,HHV6B,HSV2_StrainG
SRR22753421,0,,,0,,,,10,,,,,0,,,,10,,,HHV6B,KSHV
SRR22753421,0,0,,,,,,,,15,0,,,,,,,,15,combined_herpes_viruses,EBV
SRR22753421,0,,,,,,,,0,15,,,,,,,,0,15,combined_herpes_viruses,VZV_Ellen
SRR22753421,0,,0,,,,,,,15,,0,,,,,,,15,combined_herpes_viruses,HCMV
SRR22753421,9,,,,,22,,,,15,,,,,13,,,,6,combined_herpes_viruses,HSV1_KOS
SRR22753421,0,,,,,,7,,,15,,,,,,7,,,15,combined_herpes_viruses,HSV2_StrainG
SRR22753421,3,,,,,,,10,,15,,,,,,,7,,12,combined_herpes_viruses,KSHV
SRR22753421,0,0,,,,,,,0,,0,,,,,,,0,,EBV,VZV_Ellen
SRR22753421,0,0,0,,,,,,,,0,0,,,,,,,,EBV,HCMV
SRR22753421,0,0,,,,22,,,,,0,,,,22,,,,,EBV,HSV1_KOS
SRR22753421,0,0,,,,,7,,,,0,,,,,7,,,,EBV,HSV2_StrainG
SRR22753421,0,0,,,,,,10,,,0,,,,,,10,,,EBV,KSHV
SRR22753421,0,,0,,,,,,0,,,0,,,,,,0,,VZV_Ellen,HCMV
SRR22753421,0,,,,,22,,,0,,,,,,22,,,0,,VZV_Ellen,HSV1_KOS
SRR22753421,0,,,,,,7,,0,,,,,,,7,,0,,VZV_Ellen,HSV2_StrainG
SRR22753421,0,,,,,,,10,0,,,,,,,,10,0,,VZV_Ellen,KSHV
SRR22753421,0,,0,,,22,,,,,,0,,,22,,,,,HCMV,HSV1_KOS
SRR22753421,0,,0,,,,7,,,,,0,,,,7,,,,HCMV,HSV2_StrainG
SRR22753421,0,,0,,,,,10,,,,0,,,,,10,,,HCMV,KSHV
SRR22753421,0,,,,,22,7,,,,,,,,22,7,,,,HSV1_KOS,HSV2_StrainG
SRR22753421,0,,,,,22,,10,,,,,,,22,,10,,,HSV1_KOS,KSHV
SRR22753421,0,,,,,,7,10,,,,,,,,7,10,,,HSV2_StrainG,KSHV
SRR22753421,0,,,,0,,,,,,,,,0,,,,,,HHV7,HHV7
SRR22753421,0,,,0,,,,,,,,,0,,,,,,,HHV6B,HHV6B
SRR22753421,15,,,,,,,,,15,,,,,,,,,0,combined_herpes_viruses,combined_herpes_viruses
SRR22753421,0,0,,,,,,,,,0,,,,,,,,,EBV,EBV
SRR22753421,0,,,,,,,,0,,,,,,,,,0,,VZV_Ellen,VZV_Ellen
SRR22753421,0,,0,,,,,,,,,0,,,,,,,,HCMV,HCMV
SRR22753421,22,,,,,22,,,,,,,,,0,,,,,HSV1_KOS,HSV1_KOS
SRR22753421,7,,,,,,7,,,,,,,,,0,,,,HSV2_StrainG,HSV2_StrainG
SRR22753421,10,,,,,,,10,,,,,,,,,0,,,KSHV,KSHV
SRR22753439,0,0,,,,,,,0,,0,,,,,,,0,,EBV,VZV_Ellen
SRR22753439,0,0,,,,,3,,,,0,,,,,3,,,,EBV,HSV2_StrainG
SRR22753439,0,0,,1,,,,,,,0,,1,,,,,,,EBV,HHV6B
SRR22753439,0,0,0,,,,,,,,0,0,,,,,,,,EBV,HCMV
SRR22753439,0,0,,,,,,6,,,0,,,,,,6,,,EBV,KSHV
SRR22753439,0,0,,,0,,,,,,0,,,0,,,,,,EBV,HHV7
SRR22753439,0,0,,,,14,,,,,0,,,,14,,,,,EBV,HSV1_KOS
SRR22753439,0,0,,,,,,,,14,0,,,,,,,,14,EBV,combined_herpes_viruses
SRR22753439,0,,,,,,3,,0,,,,,,,3,,0,,VZV_Ellen,HSV2_StrainG
SRR22753439,0,,,1,,,,,0,,,,1,,,,,0,,VZV_Ellen,HHV6B
SRR22753439,0,,0,,,,,,0,,,0,,,,,,0,,VZV_Ellen,HCMV
SRR22753439,0,,,,,,,6,0,,,,,,,,6,0,,VZV_Ellen,KSHV
SRR22753439,0,,,,0,,,,0,,,,,0,,,,0,,VZV_Ellen,HHV7
SRR22753439,0,,,,,14,,,0,,,,,,14,,,0,,VZV_Ellen,HSV1_KOS
SRR22753439,0,,,,,,,,0,14,,,,,,,,0,14,VZV_Ellen,combined_herpes_viruses
SRR22753439,0,,,1,,,3,,,,,,1,,,3,,,,HSV2_StrainG,HHV6B
SRR22753439,0,,0,,,,3,,,,,0,,,,3,,,,HSV2_StrainG,HCMV
SRR22753439,0,,,,,,3,6,,,,,,,,3,6,,,HSV2_StrainG,KSHV
SRR22753439,0,,,,0,,3,,,,,,,0,,3,,,,HSV2_StrainG,HHV7
SRR22753439,0,,,,,14,3,,,,,,,,14,3,,,,HSV2_StrainG,HSV1_KOS
SRR22753439,0,,,,,,3,,,14,,,,,,3,,,14,HSV2_StrainG,combined_herpes_viruses
SRR22753439,0,,0,1,,,,,,,,0,1,,,,,,,HHV6B,HCMV
SRR22753439,0,,,1,,,,6,,,,,1,,,,6,,,HHV6B,KSHV
SRR22753439,0,,,1,0,,,,,,,,1,0,,,,,,HHV6B,HHV7
SRR22753439,0,,,1,,14,,,,,,,1,,14,,,,,HHV6B,HSV1_KOS
SRR22753439,1,,,1,,,,,,14,,,0,,,,,,13,HHV6B,combined_herpes_viruses
SRR22753439,0,,0,,,,,6,,,,0,,,,,6,,,HCMV,KSHV
SRR22753439,0,,0,,0,,,,,,,0,,0,,,,,,HCMV,HHV7
SRR22753439,0,,0,,,14,,,,,,0,,,14,,,,,HCMV,HSV1_KOS
SRR22753439,0,,0,,,,,,,14,,0,,,,,,,14,HCMV,combined_herpes_viruses
SRR22753439,0,,,,0,,,6,,,,,,0,,,6,,,KSHV,HHV7
SRR22753439,0,,,,,14,,6,,,,,,,14,,6,,,KSHV,HSV1_KOS
SRR22753439,0,,,,,,,6,,14,,,,,,,6,,14,KSHV,combined_herpes_viruses
SRR22753439,0,,,,0,14,,,,,,,,0,14,,,,,HHV7,HSV1_KOS
SRR22753439,0,,,,0,,,,,14,,,,0,,,,,14,HHV7,combined_herpes_viruses
SRR22753439,7,,,,,14,,,,14,,,,,7,,,,7,HSV1_KOS,combined_herpes_viruses
SRR22753439,0,0,,,,,,,,,0,,,,,,,,,EBV,EBV
SRR22753439,0,,,,,,,,0,,,,,,,,,0,,VZV_Ellen,VZV_Ellen
SRR22753439,3,,,,,,3,,,,,,,,,0,,,,HSV2_StrainG,HSV2_StrainG
SRR22753439,1,,,1,,,,,,,,,0,,,,,,,HHV6B,HHV6B
SRR22753439,0,,0,,,,,,,,,0,,,,,,,,HCMV,HCMV
SRR22753439,6,,,,,,,6,,,,,,,,,0,,,KSHV,KSHV
SRR22753439,0,,,,0,,,,,,,,,0,,,,,,HHV7,HHV7
SRR22753439,14,,,,,14,,,,,,,,,0,,,,,HSV1_KOS,HSV1_KOS
SRR22753439,14,,,,,,,,,14,,,,,,,,,0,combined_herpes_viruses,combined_herpes_viruses
SRR22753570,0,,0,,,,2,,,,,0,,,,2,,,,HSV2_StrainG,HCMV
SRR22753570,0,,,3,,,2,,,,,,3,,,2,,,,HSV2_StrainG,HHV6B
SRR22753570,0,0,,,,,2,,,,0,,,,,2,,,,HSV2_StrainG,EBV
SRR22753570,0,,,,0,,2,,,,,,,0,,2,,,,HSV2_StrainG,HHV7
SRR22753570,0,,,,,,2,,1,,,,,,,2,,1,,HSV2_StrainG,VZV_Ellen
SRR22753570,0,,,,,86,2,,,,,,,,86,2,,,,HSV2_StrainG,HSV1_KOS
SRR22753570,0,,,,,,2,,,58,,,,,,2,,,58,HSV2_StrainG,combined_herpes_viruses
SRR22753570,0,,,,,,2,6,,,,,,,,2,6,,,HSV2_StrainG,KSHV
SRR22753570,0,,0,3,,,,,,,,0,3,,,,,,,HCMV,HHV6B
SRR22753570,0,0,0,,,,,,,,0,0,,,,,,,,HCMV,EBV
SRR22753570,0,,0,,0,,,,,,,0,,0,,,,,,HCMV,HHV7
SRR22753570,0,,0,,,,,,1,,,0,,,,,,1,,HCMV,VZV_Ellen
SRR22753570,0,,0,,,86,,,,,,0,,,86,,,,,HCMV,HSV1_KOS
SRR22753570,0,,0,,,,,,,58,,0,,,,,,,58,HCMV,combined_herpes_viruses
SRR22753570,0,,0,,,,,6,,,,0,,,,,6,,,HCMV,KSHV
SRR22753570,0,0,,3,,,,,,,0,,3,,,,,,,HHV6B,EBV
SRR22753570,0,,,3,0,,,,,,,,3,0,,,,,,HHV6B,HHV7
SRR22753570,0,,,3,,,,,1,,,,3,,,,,1,,HHV6B,VZV_Ellen
SRR22753570,0,,,3,,86,,,,,,,3,,86,,,,,HHV6B,HSV1_KOS
SRR22753570,0,,,3,,,,,,58,,,3,,,,,,58,HHV6B,combined_herpes_viruses
SRR22753570,0,,,3,,,,6,,,,,3,,,,6,,,HHV6B,KSHV
SRR22753570,0,0,,,0,,,,,,0,,,0,,,,,,EBV,HHV7
SRR22753570,0,0,,,,,,,1,,0,,,,,,,1,,EBV,VZV_Ellen
SRR22753570,0,0,,,,86,,,,,0,,,,86,,,,,EBV,HSV1_KOS
SRR22753570,0,0,,,,,,,,58,0,,,,,,,,58,EBV,combined_herpes_viruses
SRR22753570,0,0,,,,,,6,,,0,,,,,,6,,,EBV,KSHV
SRR22753570,0,,,,0,,,,1,,,,,0,,,,1,,HHV7,VZV_Ellen
SRR22753570,0,,,,0,86,,,,,,,,0,86,,,,,HHV7,HSV1_KOS
SRR22753570,0,,,,0,,,,,58,,,,0,,,,,58,HHV7,combined_herpes_viruses
SRR22753570,0,,,,0,,,6,,,,,,0,,,6,,,HHV7,KSHV
SRR22753570,0,,,,,86,,,1,,,,,,86,,,1,,VZV_Ellen,HSV1_KOS
SRR22753570,0,,,,,,,,1,58,,,,,,,,1,58,VZV_Ellen,combined_herpes_viruses
SRR22753570,0,,,,,,,6,1,,,,,,,,6,1,,VZV_Ellen,KSHV
SRR22753570,45,,,,,86,,,,58,,,,,41,,,,13,HSV1_KOS,combined_herpes_viruses
SRR22753570,0,,,,,86,,6,,,,,,,86,,6,,,HSV1_KOS,KSHV
SRR22753570,1,,,,,,,6,,58,,,,,,,5,,57,combined_herpes_viruses,KSHV
SRR22753570,2,,,,,,2,,,,,,,,,0,,,,HSV2_StrainG,HSV2_StrainG
SRR22753570,0,,0,,,,,,,,,0,,,,,,,,HCMV,HCMV
SRR22753570,3,,,3,,,,,,,,,0,,,,,,,HHV6B,HHV6B
SRR22753570,0,0,,,,,,,,,0,,,,,,,,,EBV,EBV
SRR22753570,0,,,,0,,,,,,,,,0,,,,,,HHV7,HHV7
SRR22753570,1,,,,,,,,1,,,,,,,,,0,,VZV_Ellen,VZV_Ellen
SRR22753570,86,,,,,86,,,,,,,,,0,,,,,HSV1_KOS,HSV1_KOS
SRR22753570,58,,,,,,,,,58,,,,,,,,,0,combined_herpes_viruses,combined_herpes_viruses
SRR22753570,6,,,,,,,6,,,,,,,,,0,,,KSHV,KSHV
SRR22753548,0,,,,0,,,,,11,,,,0,,,,,11,combined_herpes_viruses,HHV7
SRR22753548,0,,,,,,,,0,11,,,,,,,,0,11,combined_herpes_viruses,VZV_Ellen
SRR22753548,1,,,,,,,10,,11,,,,,,,9,,10,combined_herpes_viruses,KSHV
SRR22753548,0,,0,,,,,,,11,,0,,,,,,,11,combined_herpes_viruses,HCMV
SRR22753548,0,0,,,,,,,,11,0,,,,,,,,11,combined_herpes_viruses,EBV
SRR22753548,6,,,,,13,,,,11,,,,,7,,,,5,combined_herpes_viruses,HSV1_KOS
SRR22753548,0,,,0,,,,,,11,,,0,,,,,,11,combined_herpes_viruses,HHV6B
SRR22753548,0,,,,,,20,,,11,,,,,,20,,,11,combined_herpes_viruses,HSV2_StrainG
SRR22753548,0,,,,0,,,,0,,,,,0,,,,0,,HHV7,VZV_Ellen
SRR22753548,0,,,,0,,,10,,,,,,0,,,10,,,HHV7,KSHV
SRR22753548,0,,0,,0,,,,,,,0,,0,,,,,,HHV7,HCMV
SRR22753548,0,0,,,0,,,,,,0,,,0,,,,,,HHV7,EBV
SRR22753548,0,,,,0,13,,,,,,,,0,13,,,,,HHV7,HSV1_KOS
SRR22753548,0,,,0,0,,,,,,,,0,0,,,,,,HHV7,HHV6B
SRR22753548,0,,,,0,,20,,,,,,,0,,20,,,,HHV7,HSV2_StrainG
SRR22753548,0,,,,,,,10,0,,,,,,,,10,0,,VZV_Ellen,KSHV
SRR22753548,0,,0,,,,,,0,,,0,,,,,,0,,VZV_Ellen,HCMV
SRR22753548,0,0,,,,,,,0,,0,,,,,,,0,,VZV_Ellen,EBV
SRR22753548,0,,,,,13,,,0,,,,,,13,,,0,,VZV_Ellen,HSV1_KOS
SRR22753548,0,,,0,,,,,0,,,,0,,,,,0,,VZV_Ellen,HHV6B
SRR22753548,0,,,,,,20,,0,,,,,,,20,,0,,VZV_Ellen,HSV2_StrainG
SRR22753548,0,,0,,,,,10,,,,0,,,,,10,,,KSHV,HCMV
SRR22753548,0,0,,,,,,10,,,0,,,,,,10,,,KSHV,EBV
SRR22753548,0,,,,,13,,10,,,,,,,13,,10,,,KSHV,HSV1_KOS
SRR22753548,0,,,0,,,,10,,,,,0,,,,10,,,KSHV,HHV6B
SRR22753548,0,,,,,,20,10,,,,,,,,20,10,,,KSHV,HSV2_StrainG
SRR22753548,0,0,0,,,,,,,,0,0,,,,,,,,HCMV,EBV
SRR22753548,0,,0,,,13,,,,,,0,,,13,,,,,HCMV,HSV1_KOS
SRR22753548,0,,0,0,,,,,,,,0,0,,,,,,,HCMV,HHV6B
SRR22753548,0,,0,,,,20,,,,,0,,,,20,,,,HCMV,HSV2_StrainG
SRR22753548,0,0,,,,13,,,,,0,,,,13,,,,,EBV,HSV1_KOS
SRR22753548,0,0,,0,,,,,,,0,,0,,,,,,,EBV,HHV6B
SRR22753548,0,0,,,,,20,,,,0,,,,,20,,,,EBV,HSV2_StrainG
SRR22753548,0,,,0,,13,,,,,,,0,,13,,,,,HSV1_KOS,HHV6B
SRR22753548,0,,,,,13,20,,,,,,,,13,20,,,,HSV1_KOS,HSV2_StrainG
SRR22753548,0,,,0,,,20,,,,,,0,,,20,,,,HHV6B,HSV2_StrainG
SRR22753548,11,,,,,,,,,11,,,,,,,,,0,combined_herpes_viruses,combined_herpes_viruses
SRR22753548,0,,,,0,,,,,,,,,0,,,,,,HHV7,HHV7
SRR22753548,0,,,,,,,,0,,,,,,,,,0,,VZV_Ellen,VZV_Ellen
SRR22753548,10,,,,,,,10,,,,,,,,,0,,,KSHV,KSHV
SRR22753548,0,,0,,,,,,,,,0,,,,,,,,HCMV,HCMV
SRR22753548,0,0,,,,,,,,,0,,,,,,,,,EBV,EBV
SRR22753548,13,,,,,13,,,,,,,,,0,,,,,HSV1_KOS,HSV1_KOS
SRR22753548,0,,,0,,,,,,,,,0,,,,,,,HHV6B,HHV6B
SRR22753548,20,,,,,,20,,,,,,,,,0,,,,HSV2_StrainG,HSV2_StrainG
SRR22753563,0,,,0,,,8,,,,,,0,,,8,,,,HSV2_StrainG,HHV6B
SRR22753563,0,,,,0,,8,,,,,,,0,,8,,,,HSV2_StrainG,HHV7
SRR22753563,0,0,,,,,8,,,,0,,,,,8,,,,HSV2_StrainG,EBV
SRR22753563,0,,,,,,8,5,,,,,,,,8,5,,,HSV2_StrainG,KSHV
SRR22753563,0,,,,,4,8,,,,,,,,4,8,,,,HSV2_StrainG,HSV1_KOS
SRR22753563,0,,0,,,,8,,,,,0,,,,8,,,,HSV2_StrainG,HCMV
SRR22753563,0,,,,,,8,,0,,,,,,,8,,0,,HSV2_StrainG,VZV_Ellen
SRR22753563,0,,,,,,8,,,6,,,,,,8,,,6,HSV2_StrainG,combined_herpes_viruses
SRR22753563,0,,,0,0,,,,,,,,0,0,,,,,,HHV6B,HHV7
SRR22753563,0,0,,0,,,,,,,0,,0,,,,,,,HHV6B,EBV
SRR22753563,0,,,0,,,,5,,,,,0,,,,5,,,HHV6B,KSHV
SRR22753563,0,,,0,,4,,,,,,,0,,4,,,,,HHV6B,HSV1_KOS
SRR22753563,0,,0,0,,,,,,,,0,0,,,,,,,HHV6B,HCMV
SRR22753563,0,,,0,,,,,0,,,,0,,,,,0,,HHV6B,VZV_Ellen
SRR22753563,0,,,0,,,,,,6,,,0,,,,,,6,HHV6B,combined_herpes_viruses
SRR22753563,0,0,,,0,,,,,,0,,,0,,,,,,HHV7,EBV
SRR22753563,0,,,,0,,,5,,,,,,0,,,5,,,HHV7,KSHV
SRR22753563,0,,,,0,4,,,,,,,,0,4,,,,,HHV7,HSV1_KOS
SRR22753563,0,,0,,0,,,,,,,0,,0,,,,,,HHV7,HCMV
SRR22753563,0,,,,0,,,,0,,,,,0,,,,0,,HHV7,VZV_Ellen
SRR22753563,0,,,,0,,,,,6,,,,0,,,,,6,HHV7,combined_herpes_viruses
SRR22753563,0,0,,,,,,5,,,0,,,,,,5,,,EBV,KSHV
SRR22753563,0,0,,,,4,,,,,0,,,,4,,,,,EBV,HSV1_KOS
SRR22753563,0,0,0,,,,,,,,0,0,,,,,,,,EBV,HCMV
SRR22753563,0,0,,,,,,,0,,0,,,,,,,0,,EBV,VZV_Ellen
SRR22753563,0,0,,,,,,,,6,0,,,,,,,,6,EBV,combined_herpes_viruses
SRR22753563,0,,,,,4,,5,,,,,,,4,,5,,,KSHV,HSV1_KOS
SRR22753563,0,,0,,,,,5,,,,0,,,,,5,,,KSHV,HCMV
SRR22753563,0,,,,,,,5,0,,,,,,,,5,0,,KSHV,VZV_Ellen
SRR22753563,2,,,,,,,5,,6,,,,,,,3,,4,KSHV,combined_herpes_viruses
SRR22753563,0,,0,,,4,,,,,,0,,,4,,,,,HSV1_KOS,HCMV
SRR22753563,0,,,,,4,,,0,,,,,,4,,,0,,HSV1_KOS,VZV_Ellen
SRR22753563,2,,,,,4,,,,6,,,,,2,,,,4,HSV1_KOS,combined_herpes_viruses
SRR22753563,0,,0,,,,,,0,,,0,,,,,,0,,HCMV,VZV_Ellen
SRR22753563,0,,0,,,,,,,6,,0,,,,,,,6,HCMV,combined_herpes_viruses
SRR22753563,0,,,,,,,,0,6,,,,,,,,0,6,VZV_Ellen,combined_herpes_viruses
SRR22753563,8,,,,,,8,,,,,,,,,0,,,,HSV2_StrainG,HSV2_StrainG
SRR22753563,0,,,0,,,,,,,,,0,,,,,,,HHV6B,HHV6B
SRR22753563,0,,,,0,,,,,,,,,0,,,,,,HHV7,HHV7
SRR22753563,0,0,,,,,,,,,0,,,,,,,,,EBV,EBV
SRR22753563,5,,,,,,,5,,,,,,,,,0,,,KSHV,KSHV
SRR22753563,4,,,,,4,,,,,,,,,0,,,,,HSV1_KOS,HSV1_KOS
SRR22753563,0,,0,,,,,,,,,0,,,,,,,,HCMV,HCMV
SRR22753563,0,,,,,,,,0,,,,,,,,,0,,VZV_Ellen,VZV_Ellen
SRR22753563,6,,,,,,,,,6,,,,,,,,,0,combined_herpes_viruses,combined_herpes_viruses
SRR22753419,0,,,,0,,,,0,,,,,0,,,,0,,HHV7,VZV_Ellen
SRR22753419,0,,,,0,24,,,,,,,,0,24,,,,,HHV7,HSV1_KOS
SRR22753419,0,,,,0,,,14,,,,,,0,,,14,,,HHV7,KSHV
SRR22753419,0,,,,0,,,,,19,,,,0,,,,,19,HHV7,combined_herpes_viruses
SRR22753419,0,0,,,0,,,,,,0,,,0,,,,,,HHV7,EBV
SRR22753419,0,,,0,0,,,,,,,,0,0,,,,,,HHV7,HHV6B
SRR22753419,0,,0,,0,,,,,,,0,,0,,,,,,HHV7,HCMV
SRR22753419,0,,,,0,,12,,,,,,,0,,12,,,,HHV7,HSV2_StrainG
SRR22753419,0,,,,,24,,,0,,,,,,24,,,0,,VZV_Ellen,HSV1_KOS
SRR22753419,0,,,,,,,14,0,,,,,,,,14,0,,VZV_Ellen,KSHV
SRR22753419,0,,,,,,,,0,19,,,,,,,,0,19,VZV_Ellen,combined_herpes_viruses
SRR22753419,0,0,,,,,,,0,,0,,,,,,,0,,VZV_Ellen,EBV
SRR22753419,0,,,0,,,,,0,,,,0,,,,,0,,VZV_Ellen,HHV6B
SRR22753419,0,,0,,,,,,0,,,0,,,,,,0,,VZV_Ellen,HCMV
SRR22753419,0,,,,,,12,,0,,,,,,,12,,0,,VZV_Ellen,HSV2_StrainG
SRR22753419,0,,,,,24,,14,,,,,,,24,,14,,,HSV1_KOS,KSHV
SRR22753419,11,,,,,24,,,,19,,,,,13,,,,8,HSV1_KOS,combined_herpes_viruses
SRR22753419,0,0,,,,24,,,,,0,,,,24,,,,,HSV1_KOS,EBV
SRR22753419,0,,,0,,24,,,,,,,0,,24,,,,,HSV1_KOS,HHV6B
SRR22753419,0,,0,,,24,,,,,,0,,,24,,,,,HSV1_KOS,HCMV
SRR22753419,0,,,,,24,12,,,,,,,,24,12,,,,HSV1_KOS,HSV2_StrainG
SRR22753419,5,,,,,,,14,,19,,,,,,,9,,14,KSHV,combined_herpes_viruses
SRR22753419,0,0,,,,,,14,,,0,,,,,,14,,,KSHV,EBV
SRR22753419,0,,,0,,,,14,,,,,0,,,,14,,,KSHV,HHV6B
SRR22753419,0,,0,,,,,14,,,,0,,,,,14,,,KSHV,HCMV
SRR22753419,0,,,,,,12,14,,,,,,,,12,14,,,KSHV,HSV2_StrainG
SRR22753419,0,0,,,,,,,,19,0,,,,,,,,19,combined_herpes_viruses,EBV
SRR22753419,0,,,0,,,,,,19,,,0,,,,,,19,combined_herpes_viruses,HHV6B
SRR22753419,0,,0,,,,,,,19,,0,,,,,,,19,combined_herpes_viruses,HCMV
SRR22753419,0,,,,,,12,,,19,,,,,,12,,,19,combined_herpes_viruses,HSV2_StrainG
SRR22753419,0,0,,0,,,,,,,0,,0,,,,,,,EBV,HHV6B
SRR22753419,0,0,0,,,,,,,,0,0,,,,,,,,EBV,HCMV
SRR22753419,0,0,,,,,12,,,,0,,,,,12,,,,EBV,HSV2_StrainG
SRR22753419,0,,0,0,,,,,,,,0,0,,,,,,,HHV6B,HCMV
SRR22753419,0,,,0,,,12,,,,,,0,,,12,,,,HHV6B,HSV2_StrainG
SRR22753419,0,,0,,,,12,,,,,0,,,,12,,,,HCMV,HSV2_StrainG
SRR22753419,0,,,,0,,,,,,,,,0,,,,,,HHV7,HHV7
SRR22753419,0,,,,,,,,0,,,,,,,,,0,,VZV_Ellen,VZV_Ellen
SRR22753419,24,,,,,24,,,,,,,,,0,,,,,HSV1_KOS,HSV1_KOS
SRR22753419,14,,,,,,,14,,,,,,,,,0,,,KSHV,KSHV
SRR22753419,19,,,,,,,,,19,,,,,,,,,0,combined_herpes_viruses,combined_herpes_viruses
SRR22753419,0,0,,,,,,,,,0,,,,,,,,,EBV,EBV
SRR22753419,0,,,0,,,,,,,,,0,,,,,,,HHV6B,HHV6B
SRR22753419,0,,0,,,,,,,,,0,,,,,,,,HCMV,HCMV
SRR22753419,12,,,,,,12,,,,,,,,,0,,,,HSV2_StrainG,HSV2_StrainG
SRR22753575,0,0,,,,,2,,,,0,,,,,2,,,,EBV,HSV2_StrainG
SRR22753575,0,0,,0,,,,,,,0,,0,,,,,,,EBV,HHV6B
SRR22753575,0,0,,,,,,,,137,0,,,,,,,,137,EBV,combined_herpes_viruses
SRR22753575,0,0,0,,,,,,,,0,0,,,,,,,,EBV,HCMV
SRR22753575,0,0,,,,203,,,,,0,,,,203,,,,,EBV,HSV1_KOS
SRR22753575,0,0,,,,,,5,,,0,,,,,,5,,,EBV,KSHV
SRR22753575,0,0,,,,,,,0,,0,,,,,,,0,,EBV,VZV_Ellen
SRR22753575,0,0,,,0,,,,,,0,,,0,,,,,,EBV,HHV7
SRR22753575,0,,,0,,,2,,,,,,0,,,2,,,,HSV2_StrainG,HHV6B
SRR22753575,0,,,,,,2,,,137,,,,,,2,,,137,HSV2_StrainG,combined_herpes_viruses
SRR22753575,0,,0,,,,2,,,,,0,,,,2,,,,HSV2_StrainG,HCMV
SRR22753575,0,,,,,203,2,,,,,,,,203,2,,,,HSV2_StrainG,HSV1_KOS
SRR22753575,0,,,,,,2,5,,,,,,,,2,5,,,HSV2_StrainG,KSHV
SRR22753575,0,,,,,,2,,0,,,,,,,2,,0,,HSV2_StrainG,VZV_Ellen
SRR22753575,0,,,,0,,2,,,,,,,0,,2,,,,HSV2_StrainG,HHV7
SRR22753575,0,,,0,,,,,,137,,,0,,,,,,137,HHV6B,combined_herpes_viruses
SRR22753575,0,,0,0,,,,,,,,0,0,,,,,,,HHV6B,HCMV
SRR22753575,0,,,0,,203,,,,,,,0,,203,,,,,HHV6B,HSV1_KOS
SRR22753575,0,,,0,,,,5,,,,,0,,,,5,,,HHV6B,KSHV
SRR22753575,0,,,0,,,,,0,,,,0,,,,,0,,HHV6B,VZV_Ellen
SRR22753575,0,,,0,0,,,,,,,,0,0,,,,,,HHV6B,HHV7
SRR22753575,0,,0,,,,,,,137,,0,,,,,,,137,combined_herpes_viruses,HCMV
SRR22753575,107,,,,,203,,,,137,,,,,96,,,,30,combined_herpes_viruses,HSV1_KOS
SRR22753575,1,,,,,,,5,,137,,,,,,,4,,136,combined_herpes_viruses,KSHV
SRR22753575,0,,,,,,,,0,137,,,,,,,,0,137,combined_herpes_viruses,VZV_Ellen
SRR22753575,0,,,,0,,,,,137,,,,0,,,,,137,combined_herpes_viruses,HHV7
SRR22753575,0,,0,,,203,,,,,,0,,,203,,,,,HCMV,HSV1_KOS
SRR22753575,0,,0,,,,,5,,,,0,,,,,5,,,HCMV,KSHV
SRR22753575,0,,0,,,,,,0,,,0,,,,,,0,,HCMV,VZV_Ellen
SRR22753575,0,,0,,0,,,,,,,0,,0,,,,,,HCMV,HHV7
SRR22753575,0,,,,,203,,5,,,,,,,203,,5,,,HSV1_KOS,KSHV
SRR22753575,0,,,,,203,,,0,,,,,,203,,,0,,HSV1_KOS,VZV_Ellen
SRR22753575,0,,,,0,203,,,,,,,,0,203,,,,,HSV1_KOS,HHV7
SRR22753575,0,,,,,,,5,0,,,,,,,,5,0,,KSHV,VZV_Ellen
SRR22753575,0,,,,0,,,5,,,,,,0,,,5,,,KSHV,HHV7
SRR22753575,0,,,,0,,,,0,,,,,0,,,,0,,VZV_Ellen,HHV7
SRR22753575,0,0,,,,,,,,,0,,,,,,,,,EBV,EBV
SRR22753575,2,,,,,,2,,,,,,,,,0,,,,HSV2_StrainG,HSV2_StrainG
SRR22753575,0,,,0,,,,,,,,,0,,,,,,,HHV6B,HHV6B
SRR22753575,137,,,,,,,,,137,,,,,,,,,0,combined_herpes_viruses,combined_herpes_viruses
SRR22753575,0,,0,,,,,,,,,0,,,,,,,,HCMV,HCMV
SRR22753575,203,,,,,203,,,,,,,,,0,,,,,HSV1_KOS,HSV1_KOS
SRR22753575,5,,,,,,,5,,,,,,,,,0,,,KSHV,KSHV
SRR22753575,0,,,,,,,,0,,,,,,,,,0,,VZV_Ellen,VZV_Ellen
SRR22753575,0,,,,0,,,,,,,,,0,,,,,,HHV7,HHV7
SRR22753511,0,,,,,,,7,0,,,,,,,,7,0,,VZV_Ellen,KSHV
SRR22753511,0,,,0,,,,,0,,,,0,,,,,0,,VZV_Ellen,HHV6B
SRR22753511,0,,,,,,,,0,5,,,,,,,,0,5,VZV_Ellen,combined_herpes_viruses
SRR22753511,0,,0,,,,,,0,,,0,,,,,,0,,VZV_Ellen,HCMV
SRR22753511,0,,,,,,1,,0,,,,,,,1,,0,,VZV_Ellen,HSV2_StrainG
SRR22753511,0,0,,,,,,,0,,0,,,,,,,0,,VZV_Ellen,EBV
SRR22753511,0,,,,,9,,,0,,,,,,9,,,0,,VZV_Ellen,HSV1_KOS
SRR22753511,0,,,,0,,,,0,,,,,0,,,,0,,VZV_Ellen,HHV7
SRR22753511,0,,,0,,,,7,,,,,0,,,,7,,,KSHV,HHV6B
SRR22753511,1,,,,,,,7,,5,,,,,,,6,,4,KSHV,combined_herpes_viruses
SRR22753511,0,,0,,,,,7,,,,0,,,,,7,,,KSHV,HCMV
SRR22753511,0,,,,,,1,7,,,,,,,,1,7,,,KSHV,HSV2_StrainG
SRR22753511,0,0,,,,,,7,,,0,,,,,,7,,,KSHV,EBV
SRR22753511,0,,,,,9,,7,,,,,,,9,,7,,,KSHV,HSV1_KOS
SRR22753511,0,,,,0,,,7,,,,,,0,,,7,,,KSHV,HHV7
SRR22753511,0,,,0,,,,,,5,,,0,,,,,,5,HHV6B,combined_herpes_viruses
SRR22753511,0,,0,0,,,,,,,,0,0,,,,,,,HHV6B,HCMV
SRR22753511,0,,,0,,,1,,,,,,0,,,1,,,,HHV6B,HSV2_StrainG
SRR22753511,0,0,,0,,,,,,,0,,0,,,,,,,HHV6B,EBV
SRR22753511,0,,,0,,9,,,,,,,0,,9,,,,,HHV6B,HSV1_KOS
SRR22753511,0,,,0,0,,,,,,,,0,0,,,,,,HHV6B,HHV7
SRR22753511,0,,0,,,,,,,5,,0,,,,,,,5,combined_herpes_viruses,HCMV
SRR22753511,0,,,,,,1,,,5,,,,,,1,,,5,combined_herpes_viruses,HSV2_StrainG
SRR22753511,0,0,,,,,,,,5,0,,,,,,,,5,combined_herpes_viruses,EBV
SRR22753511,4,,,,,9,,,,5,,,,,5,,,,1,combined_herpes_viruses,HSV1_KOS
SRR22753511,0,,,,0,,,,,5,,,,0,,,,,5,combined_herpes_viruses,HHV7
SRR22753511,0,,0,,,,1,,,,,0,,,,1,,,,HCMV,HSV2_StrainG
SRR22753511,0,0,0,,,,,,,,0,0,,,,,,,,HCMV,EBV
SRR22753511,0,,0,,,9,,,,,,0,,,9,,,,,HCMV,HSV1_KOS
SRR22753511,0,,0,,0,,,,,,,0,,0,,,,,,HCMV,HHV7
SRR22753511,0,0,,,,,1,,,,0,,,,,1,,,,HSV2_StrainG,EBV
SRR22753511,0,,,,,9,1,,,,,,,,9,1,,,,HSV2_StrainG,HSV1_KOS
SRR22753511,0,,,,0,,1,,,,,,,0,,1,,,,HSV2_StrainG,HHV7
SRR22753511,0,0,,,,9,,,,,0,,,,9,,,,,EBV,HSV1_KOS
SRR22753511,0,0,,,0,,,,,,0,,,0,,,,,,EBV,HHV7
SRR22753511,0,,,,0,9,,,,,,,,0,9,,,,,HSV1_KOS,HHV7
SRR22753511,0,,,,,,,,0,,,,,,,,,0,,VZV_Ellen,VZV_Ellen
SRR22753511,7,,,,,,,7,,,,,,,,,0,,,KSHV,KSHV
SRR22753511,0,,,0,,,,,,,,,0,,,,,,,HHV6B,HHV6B
SRR22753511,5,,,,,,,,,5,,,,,,,,,0,combined_herpes_viruses,combined_herpes_viruses
SRR22753511,0,,0,,,,,,,,,0,,,,,,,,HCMV,HCMV
SRR22753511,1,,,,,,1,,,,,,,,,0,,,,HSV2_StrainG,HSV2_StrainG
SRR22753511,0,0,,,,,,,,,0,,,,,,,,,EBV,EBV
SRR22753511,9,,,,,9,,,,,,,,,0,,,,,HSV1_KOS,HSV1_KOS
SRR22753511,0,,,,0,,,,,,,,,0,,,,,,HHV7,HHV7
SRR22753455,0,0,0,,,,,,,,0,0,,,,,,,,HCMV,EBV
SRR22753455,0,,0,,,33,,,,,,0,,,33,,,,,HCMV,HSV1_KOS
SRR22753455,0,,0,3,,,,,,,,0,3,,,,,,,HCMV,HHV6B
SRR22753455,0,,0,,0,,,,,,,0,,0,,,,,,HCMV,HHV7
SRR22753455,0,,0,,,,,,0,,,0,,,,,,0,,HCMV,VZV_Ellen
SRR22753455,0,,0,,,,16,,,,,0,,,,16,,,,HCMV,HSV2_StrainG
SRR22753455,0,,0,,,,,,,28,,0,,,,,,,28,HCMV,combined_herpes_viruses
SRR22753455,0,,0,,,,,20,,,,0,,,,,20,,,HCMV,KSHV
SRR22753455,0,0,,,,33,,,,,0,,,,33,,,,,EBV,HSV1_KOS
SRR22753455,0,0,,3,,,,,,,0,,3,,,,,,,EBV,HHV6B
SRR22753455,0,0,,,0,,,,,,0,,,0,,,,,,EBV,HHV7
SRR22753455,0,0,,,,,,,0,,0,,,,,,,0,,EBV,VZV_Ellen
SRR22753455,0,0,,,,,16,,,,0,,,,,16,,,,EBV,HSV2_StrainG
SRR22753455,0,0,,,,,,,,28,0,,,,,,,,28,EBV,combined_herpes_viruses
SRR22753455,0,0,,,,,,20,,,0,,,,,,20,,,EBV,KSHV
SRR22753455,1,,,3,,33,,,,,,,2,,32,,,,,HSV1_KOS,HHV6B
SRR22753455,0,,,,0,33,,,,,,,,0,33,,,,,HSV1_KOS,HHV7
SRR22753455,0,,,,,33,,,0,,,,,,33,,,0,,HSV1_KOS,VZV_Ellen
SRR22753455,1,,,,,33,16,,,,,,,,32,15,,,,HSV1_KOS,HSV2_StrainG
SRR22753455,16,,,,,33,,,,28,,,,,17,,,,12,HSV1_KOS,combined_herpes_viruses
SRR22753455,1,,,,,33,,20,,,,,,,32,,19,,,HSV1_KOS,KSHV
SRR22753455,0,,,3,0,,,,,,,,3,0,,,,,,HHV6B,HHV7
SRR22753455,0,,,3,,,,,0,,,,3,,,,,0,,HHV6B,VZV_Ellen
SRR22753455,1,,,3,,,16,,,,,,2,,,15,,,,HHV6B,HSV2_StrainG
SRR22753455,2,,,3,,,,,,28,,,1,,,,,,26,HHV6B,combined_herpes_viruses
SRR22753455,2,,,3,,,,20,,,,,1,,,,18,,,HHV6B,KSHV
SRR22753455,0,,,,0,,,,0,,,,,0,,,,0,,HHV7,VZV_Ellen
SRR22753455,0,,,,0,,16,,,,,,,0,,16,,,,HHV7,HSV2_StrainG
SRR22753455,0,,,,0,,,,,28,,,,0,,,,,28,HHV7,combined_herpes_viruses
SRR22753455,0,,,,0,,,20,,,,,,0,,,20,,,HHV7,KSHV
SRR22753455,0,,,,,,16,,0,,,,,,,16,,0,,VZV_Ellen,HSV2_StrainG
SRR22753455,0,,,,,,,,0,28,,,,,,,,0,28,VZV_Ellen,combined_herpes_viruses
SRR22753455,0,,,,,,,20,0,,,,,,,,20,0,,VZV_Ellen,KSHV
SRR22753455,1,,,,,,16,,,28,,,,,,15,,,27,HSV2_StrainG,combined_herpes_viruses
SRR22753455,1,,,,,,16,20,,,,,,,,15,19,,,HSV2_StrainG,KSHV
SRR22753455,5,,,,,,,20,,28,,,,,,,15,,23,combined_herpes_viruses,KSHV
SRR22753455,0,,0,,,,,,,,,0,,,,,,,,HCMV,HCMV
SRR22753455,0,0,,,,,,,,,0,,,,,,,,,EBV,EBV
SRR22753455,33,,,,,33,,,,,,,,,0,,,,,HSV1_KOS,HSV1_KOS
SRR22753455,3,,,3,,,,,,,,,0,,,,,,,HHV6B,HHV6B
SRR22753455,0,,,,0,,,,,,,,,0,,,,,,HHV7,HHV7
SRR22753455,0,,,,,,,,0,,,,,,,,,0,,VZV_Ellen,VZV_Ellen
SRR22753455,16,,,,,,16,,,,,,,,,0,,,,HSV2_StrainG,HSV2_StrainG
SRR22753455,28,,,,,,,,,28,,,,,,,,,0,combined_herpes_viruses,combined_herpes_viruses
SRR22753455,20,,,,,,,20,,,,,,,,,0,,,KSHV,KSHV
SRR22753433,0,,,,0,,4,,,,,,,0,,4,,,,HHV7,HSV2_StrainG
SRR22753433,0,,,2,0,,,,,,,,2,0,,,,,,HHV7,HHV6B
SRR22753433,0,,,,0,,,,0,,,,,0,,,,0,,HHV7,VZV_Ellen
SRR22753433,0,,0,,0,,,,,,,0,,0,,,,,,HHV7,HCMV
SRR22753433,0,,,,0,,,,,11,,,,0,,,,,11,HHV7,combined_herpes_viruses
SRR22753433,0,0,,,0,,,,,,0,,,0,,,,,,HHV7,EBV
SRR22753433,0,,,,0,,,5,,,,,,0,,,5,,,HHV7,KSHV
SRR22753433,0,,,,0,16,,,,,,,,0,16,,,,,HHV7,HSV1_KOS
SRR22753433,2,,,2,,,4,,,,,,0,,,2,,,,HSV2_StrainG,HHV6B
SRR22753433,0,,,,,,4,,0,,,,,,,4,,0,,HSV2_StrainG,VZV_Ellen
SRR22753433,0,,0,,,,4,,,,,0,,,,4,,,,HSV2_StrainG,HCMV
SRR22753433,2,,,,,,4,,,11,,,,,,2,,,9,HSV2_StrainG,combined_herpes_viruses
SRR22753433,0,0,,,,,4,,,,0,,,,,4,,,,HSV2_StrainG,EBV
SRR22753433,2,,,,,,4,5,,,,,,,,2,3,,,HSV2_StrainG,KSHV
SRR22753433,0,,,,,16,4,,,,,,,,16,4,,,,HSV2_StrainG,HSV1_KOS
SRR22753433,0,,,2,,,,,0,,,,2,,,,,0,,HHV6B,VZV_Ellen
SRR22753433,0,,0,2,,,,,,,,0,2,,,,,,,HHV6B,HCMV
SRR22753433,2,,,2,,,,,,11,,,0,,,,,,9,HHV6B,combined_herpes_viruses
SRR22753433,0,0,,2,,,,,,,0,,2,,,,,,,HHV6B,EBV
SRR22753433,2,,,2,,,,5,,,,,0,,,,3,,,HHV6B,KSHV
SRR22753433,0,,,2,,16,,,,,,,2,,16,,,,,HHV6B,HSV1_KOS
SRR22753433,0,,0,,,,,,0,,,0,,,,,,0,,VZV_Ellen,HCMV
SRR22753433,0,,,,,,,,0,11,,,,,,,,0,11,VZV_Ellen,combined_herpes_viruses
SRR22753433,0,0,,,,,,,0,,0,,,,,,,0,,VZV_Ellen,EBV
SRR22753433,0,,,,,,,5,0,,,,,,,,5,0,,VZV_Ellen,KSHV
SRR22753433,0,,,,,16,,,0,,,,,,16,,,0,,VZV_Ellen,HSV1_KOS
SRR22753433,0,,0,,,,,,,11,,0,,,,,,,11,HCMV,combined_herpes_viruses
SRR22753433,0,0,0,,,,,,,,0,0,,,,,,,,HCMV,EBV
SRR22753433,0,,0,,,,,5,,,,0,,,,,5,,,HCMV,KSHV
SRR22753433,0,,0,,,16,,,,,,0,,,16,,,,,HCMV,HSV1_KOS
SRR22753433,0,0,,,,,,,,11,0,,,,,,,,11,combined_herpes_viruses,EBV
SRR22753433,2,,,,,,,5,,11,,,,,,,3,,9,combined_herpes_viruses,KSHV
SRR22753433,6,,,,,16,,,,11,,,,,10,,,,5,combined_herpes_viruses,HSV1_KOS
SRR22753433,0,0,,,,,,5,,,0,,,,,,5,,,EBV,KSHV
SRR22753433,0,0,,,,16,,,,,0,,,,16,,,,,EBV,HSV1_KOS
SRR22753433,0,,,,,16,,5,,,,,,,16,,5,,,KSHV,HSV1_KOS
SRR22753433,0,,,,0,,,,,,,,,0,,,,,,HHV7,HHV7
SRR22753433,4,,,,,,4,,,,,,,,,0,,,,HSV2_StrainG,HSV2_StrainG
SRR22753433,2,,,2,,,,,,,,,0,,,,,,,HHV6B,HHV6B
SRR22753433,0,,,,,,,,0,,,,,,,,,0,,VZV_Ellen,VZV_Ellen
SRR22753433,0,,0,,,,,,,,,0,,,,,,,,HCMV,HCMV
SRR22753433,11,,,,,,,,,11,,,,,,,,,0,combined_herpes_viruses,combined_herpes_viruses
SRR22753433,0,0,,,,,,,,,0,,,,,,,,,EBV,EBV
SRR22753433,5,,,,,,,5,,,,,,,,,0,,,KSHV,KSHV
SRR22753433,16,,,,,16,,,,,,,,,0,,,,,HSV1_KOS,HSV1_KOS
SRR22753475,0,,,,,97,0,,,,,,,,97,0,,,,HSV1_KOS,HSV2_StrainG
SRR22753475,53,,,,,97,,,,66,,,,,44,,,,13,HSV1_KOS,combined_herpes_viruses
SRR22753475,0,,,,,97,,2,,,,,,,97,,2,,,HSV1_KOS,KSHV
SRR22753475,0,,,,,97,,,0,,,,,,97,,,0,,HSV1_KOS,VZV_Ellen
SRR22753475,0,,,0,,97,,,,,,,0,,97,,,,,HSV1_KOS,HHV6B
SRR22753475,0,,,,0,97,,,,,,,,0,97,,,,,HSV1_KOS,HHV7
SRR22753475,0,,0,,,97,,,,,,0,,,97,,,,,HSV1_KOS,HCMV
SRR22753475,0,0,,,,97,,,,,0,,,,97,,,,,HSV1_KOS,EBV
SRR22753475,0,,,,,,0,,,66,,,,,,0,,,66,HSV2_StrainG,combined_herpes_viruses
SRR22753475,0,,,,,,0,2,,,,,,,,0,2,,,HSV2_StrainG,KSHV
SRR22753475,0,,,,,,0,,0,,,,,,,0,,0,,HSV2_StrainG,VZV_Ellen
SRR22753475,0,,,0,,,0,,,,,,0,,,0,,,,HSV2_StrainG,HHV6B
SRR22753475,0,,,,0,,0,,,,,,,0,,0,,,,HSV2_StrainG,HHV7
SRR22753475,0,,0,,,,0,,,,,0,,,,0,,,,HSV2_StrainG,HCMV
SRR22753475,0,0,,,,,0,,,,0,,,,,0,,,,HSV2_StrainG,EBV
SRR22753475,1,,,,,,,2,,66,,,,,,,1,,65,combined_herpes_viruses,KSHV
SRR22753475,0,,,,,,,,0,66,,,,,,,,0,66,combined_herpes_viruses,VZV_Ellen
SRR22753475,0,,,0,,,,,,66,,,0,,,,,,66,combined_herpes_viruses,HHV6B
SRR22753475,0,,,,0,,,,,66,,,,0,,,,,66,combined_herpes_viruses,HHV7
SRR22753475,0,,0,,,,,,,66,,0,,,,,,,66,combined_herpes_viruses,HCMV
SRR22753475,0,0,,,,,,,,66,0,,,,,,,,66,combined_herpes_viruses,EBV
SRR22753475,0,,,,,,,2,0,,,,,,,,2,0,,KSHV,VZV_Ellen
SRR22753475,0,,,0,,,,2,,,,,0,,,,2,,,KSHV,HHV6B
SRR22753475,0,,,,0,,,2,,,,,,0,,,2,,,KSHV,HHV7
SRR22753475,0,,0,,,,,2,,,,0,,,,,2,,,KSHV,HCMV
SRR22753475,0,0,,,,,,2,,,0,,,,,,2,,,KSHV,EBV
SRR22753475,0,,,0,,,,,0,,,,0,,,,,0,,VZV_Ellen,HHV6B
SRR22753475,0,,,,0,,,,0,,,,,0,,,,0,,VZV_Ellen,HHV7
SRR22753475,0,,0,,,,,,0,,,0,,,,,,0,,VZV_Ellen,HCMV
SRR22753475,0,0,,,,,,,0,,0,,,,,,,0,,VZV_Ellen,EBV
SRR22753475,0,,,0,0,,,,,,,,0,0,,,,,,HHV6B,HHV7
SRR22753475,0,,0,0,,,,,,,,0,0,,,,,,,HHV6B,HCMV
SRR22753475,0,0,,0,,,,,,,0,,0,,,,,,,HHV6B,EBV
SRR22753475,0,,0,,0,,,,,,,0,,0,,,,,,HHV7,HCMV
SRR22753475,0,0,,,0,,,,,,0,,,0,,,,,,HHV7,EBV
SRR22753475,0,0,0,,,,,,,,0,0,,,,,,,,HCMV,EBV
SRR22753475,97,,,,,97,,,,,,,,,0,,,,,HSV1_KOS,HSV1_KOS
SRR22753475,0,,,,,,0,,,,,,,,,0,,,,HSV2_StrainG,HSV2_StrainG
SRR22753475,66,,,,,,,,,66,,,,,,,,,0,combined_herpes_viruses,combined_herpes_viruses
SRR22753475,2,,,,,,,2,,,,,,,,,0,,,KSHV,KSHV
SRR22753475,0,,,,,,,,0,,,,,,,,,0,,VZV_Ellen,VZV_Ellen
SRR22753475,0,,,0,,,,,,,,,0,,,,,,,HHV6B,HHV6B
SRR22753475,0,,,,0,,,,,,,,,0,,,,,,HHV7,HHV7
SRR22753475,0,,0,,,,,,,,,0,,,,,,,,HCMV,HCMV
SRR22753475,0,0,,,,,,,,,0,,,,,,,,,EBV,EBV
SRR22753539,0,,,0,0,,,,,,,,0,0,,,,,,HHV7,HHV6B
SRR22753539,0,,0,,0,,,,,,,0,,0,,,,,,HHV7,HCMV
SRR22753539,0,,,,0,1,,,,,,,,0,1,,,,,HHV7,HSV1_KOS
SRR22753539,0,0,,,0,,,,,,0,,,0,,,,,,HHV7,EBV
SRR22753539,0,,,,0,,0,,,,,,,0,,0,,,,HHV7,HSV2_StrainG
SRR22753539,0,,,,0,,,,0,,,,,0,,,,0,,HHV7,VZV_Ellen
SRR22753539,0,,,,0,,,1,,,,,,0,,,1,,,HHV7,KSHV
SRR22753539,0,,,,0,,,,,0,,,,0,,,,,0,HHV7,combined_herpes_viruses
SRR22753539,0,,0,0,,,,,,,,0,0,,,,,,,HHV6B,HCMV
SRR22753539,0,,,0,,1,,,,,,,0,,1,,,,,HHV6B,HSV1_KOS
SRR22753539,0,0,,0,,,,,,,0,,0,,,,,,,HHV6B,EBV
SRR22753539,0,,,0,,,0,,,,,,0,,,0,,,,HHV6B,HSV2_StrainG
SRR22753539,0,,,0,,,,,0,,,,0,,,,,0,,HHV6B,VZV_Ellen
SRR22753539,0,,,0,,,,1,,,,,0,,,,1,,,HHV6B,KSHV
SRR22753539,0,,,0,,,,,,0,,,0,,,,,,0,HHV6B,combined_herpes_viruses
SRR22753539,0,,0,,,1,,,,,,0,,,1,,,,,HCMV,HSV1_KOS
SRR22753539,0,0,0,,,,,,,,0,0,,,,,,,,HCMV,EBV
SRR22753539,0,,0,,,,0,,,,,0,,,,0,,,,HCMV,HSV2_StrainG
SRR22753539,0,,0,,,,,,0,,,0,,,,,,0,,HCMV,VZV_Ellen
SRR22753539,0,,0,,,,,1,,,,0,,,,,1,,,HCMV,KSHV
SRR22753539,0,,0,,,,,,,0,,0,,,,,,,0,HCMV,combined_herpes_viruses
SRR22753539,0,0,,,,1,,,,,0,,,,1,,,,,HSV1_KOS,EBV
SRR22753539,0,,,,,1,0,,,,,,,,1,0,,,,HSV1_KOS,HSV2_StrainG
SRR22753539,0,,,,,1,,,0,,,,,,1,,,0,,HSV1_KOS,VZV_Ellen
SRR22753539,0,,,,,1,,1,,,,,,,1,,1,,,HSV1_KOS,KSHV
SRR22753539,0,,,,,1,,,,0,,,,,1,,,,0,HSV1_KOS,combined_herpes_viruses
SRR22753539,0,0,,,,,0,,,,0,,,,,0,,,,EBV,HSV2_StrainG
SRR22753539,0,0,,,,,,,0,,0,,,,,,,0,,EBV,VZV_Ellen
SRR22753539,0,0,,,,,,1,,,0,,,,,,1,,,EBV,KSHV
SRR22753539,0,0,,,,,,,,0,0,,,,,,,,0,EBV,combined_herpes_viruses
SRR22753539,0,,,,,,0,,0,,,,,,,0,,0,,HSV2_StrainG,VZV_Ellen
SRR22753539,0,,,,,,0,1,,,,,,,,0,1,,,HSV2_StrainG,KSHV
SRR22753539,0,,,,,,0,,,0,,,,,,0,,,0,HSV2_StrainG,combined_herpes_viruses
SRR22753539,0,,,,,,,1,0,,,,,,,,1,0,,VZV_Ellen,KSHV
SRR22753539,0,,,,,,,,0,0,,,,,,,,0,0,VZV_Ellen,combined_herpes_viruses
SRR22753539,0,,,,,,,1,,0,,,,,,,1,,0,KSHV,combined_herpes_viruses
SRR22753539,0,,,,0,,,,,,,,,0,,,,,,HHV7,HHV7
SRR22753539,0,,,0,,,,,,,,,0,,,,,,,HHV6B,HHV6B
SRR22753539,0,,0,,,,,,,,,0,,,,,,,,HCMV,HCMV
SRR22753539,1,,,,,1,,,,,,,,,0,,,,,HSV1_KOS,HSV1_KOS
SRR22753539,0,0,,,,,,,,,0,,,,,,,,,EBV,EBV
SRR22753539,0,,,,,,0,,,,,,,,,0,,,,HSV2_StrainG,HSV2_StrainG
SRR22753539,0,,,,,,,,0,,,,,,,,,0,,VZV_Ellen,VZV_Ellen
SRR22753539,1,,,,,,,1,,,,,,,,,0,,,KSHV,KSHV
SRR22753539,0,,,,,,,,,0,,,,,,,,,0,combined_herpes_viruses,combined_herpes_viruses
SRR22753537,0,,0,,,,,1,,,,0,,,,,1,,,KSHV,HCMV
SRR22753537,0,,,,,,,1,0,,,,,,,,1,0,,KSHV,VZV_Ellen
SRR22753537,0,,,,,2,,1,,,,,,,2,,1,,,KSHV,HSV1_KOS
SRR22753537,0,0,,,,,,1,,,0,,,,,,1,,,KSHV,EBV
SRR22753537,0,,,0,,,,1,,,,,0,,,,1,,,KSHV,HHV6B
SRR22753537,0,,,,0,,,1,,,,,,0,,,1,,,KSHV,HHV7
SRR22753537,0,,,,,,0,1,,,,,,,,0,1,,,KSHV,HSV2_StrainG
SRR22753537,1,,,,,,,1,,1,,,,,,,0,,0,KSHV,combined_herpes_viruses
SRR22753537,0,,0,,,,,,0,,,0,,,,,,0,,HCMV,VZV_Ellen
SRR22753537,0,,0,,,2,,,,,,0,,,2,,,,,HCMV,HSV1_KOS
SRR22753537,0,0,0,,,,,,,,0,0,,,,,,,,HCMV,EBV
SRR22753537,0,,0,0,,,,,,,,0,0,,,,,,,HCMV,HHV6B
SRR22753537,0,,0,,0,,,,,,,0,,0,,,,,,HCMV,HHV7
SRR22753537,0,,0,,,,0,,,,,0,,,,0,,,,HCMV,HSV2_StrainG
SRR22753537,0,,0,,,,,,,1,,0,,,,,,,1,HCMV,combined_herpes_viruses
SRR22753537,0,,,,,2,,,0,,,,,,2,,,0,,VZV_Ellen,HSV1_KOS
SRR22753537,0,0,,,,,,,0,,0,,,,,,,0,,VZV_Ellen,EBV
SRR22753537,0,,,0,,,,,0,,,,0,,,,,0,,VZV_Ellen,HHV6B
SRR22753537,0,,,,0,,,,0,,,,,0,,,,0,,VZV_Ellen,HHV7
SRR22753537,0,,,,,,0,,0,,,,,,,0,,0,,VZV_Ellen,HSV2_StrainG
SRR22753537,0,,,,,,,,0,1,,,,,,,,0,1,VZV_Ellen,combined_herpes_viruses
SRR22753537,0,0,,,,2,,,,,0,,,,2,,,,,HSV1_KOS,EBV
SRR22753537,0,,,0,,2,,,,,,,0,,2,,,,,HSV1_KOS,HHV6B
SRR22753537,0,,,,0,2,,,,,,,,0,2,,,,,HSV1_KOS,HHV7
SRR22753537,0,,,,,2,0,,,,,,,,2,0,,,,HSV1_KOS,HSV2_StrainG
SRR22753537,0,,,,,2,,,,1,,,,,2,,,,1,HSV1_KOS,combined_herpes_viruses
SRR22753537,0,0,,0,,,,,,,0,,0,,,,,,,EBV,HHV6B
SRR22753537,0,0,,,0,,,,,,0,,,0,,,,,,EBV,HHV7
SRR22753537,0,0,,,,,0,,,,0,,,,,0,,,,EBV,HSV2_StrainG
SRR22753537,0,0,,,,,,,,1,0,,,,,,,,1,EBV,combined_herpes_viruses
SRR22753537,0,,,0,0,,,,,,,,0,0,,,,,,HHV6B,HHV7
SRR22753537,0,,,0,,,0,,,,,,0,,,0,,,,HHV6B,HSV2_StrainG
SRR22753537,0,,,0,,,,,,1,,,0,,,,,,1,HHV6B,combined_herpes_viruses
SRR22753537,0,,,,0,,0,,,,,,,0,,0,,,,HHV7,HSV2_StrainG
SRR22753537,0,,,,0,,,,,1,,,,0,,,,,1,HHV7,combined_herpes_viruses
SRR22753537,0,,,,,,0,,,1,,,,,,0,,,1,HSV2_StrainG,combined_herpes_viruses
SRR22753537,1,,,,,,,1,,,,,,,,,0,,,KSHV,KSHV
SRR22753537,0,,0,,,,,,,,,0,,,,,,,,HCMV,HCMV
SRR22753537,0,,,,,,,,0,,,,,,,,,0,,VZV_Ellen,VZV_Ellen
SRR22753537,2,,,,,2,,,,,,,,,0,,,,,HSV1_KOS,HSV1_KOS
SRR22753537,0,0,,,,,,,,,0,,,,,,,,,EBV,EBV
SRR22753537,0,,,0,,,,,,,,,0,,,,,,,HHV6B,HHV6B
SRR22753537,0,,,,0,,,,,,,,,0,,,,,,HHV7,HHV7
SRR22753537,0,,,,,,0,,,,,,,,,0,,,,HSV2_StrainG,HSV2_StrainG
SRR22753537,1,,,,,,,,,1,,,,,,,,,0,combined_herpes_viruses,combined_herpes_viruses
SRR22753562,0,,,,0,,,,0,,,,,0,,,,0,,HHV7,VZV_Ellen
SRR22753562,0,,,3,0,,,,,,,,3,0,,,,,,HHV7,HHV6B
SRR22753562,0,,,,0,,1,,,,,,,0,,1,,,,HHV7,HSV2_StrainG
SRR22753562,0,,,,0,,,,,156,,,,0,,,,,156,HHV7,combined_herpes_viruses
SRR22753562,0,,,,0,,,2,,,,,,0,,,2,,,HHV7,KSHV
SRR22753562,0,,0,,0,,,,,,,0,,0,,,,,,HHV7,HCMV
SRR22753562,0,0,,,0,,,,,,0,,,0,,,,,,HHV7,EBV
SRR22753562,0,,,,0,197,,,,,,,,0,197,,,,,HHV7,HSV1_KOS
SRR22753562,0,,,3,,,,,0,,,,3,,,,,0,,VZV_Ellen,HHV6B
SRR22753562,0,,,,,,1,,0,,,,,,,1,,0,,VZV_Ellen,HSV2_StrainG
SRR22753562,0,,,,,,,,0,156,,,,,,,,0,156,VZV_Ellen,combined_herpes_viruses
SRR22753562,0,,,,,,,2,0,,,,,,,,2,0,,VZV_Ellen,KSHV
SRR22753562,0,,0,,,,,,0,,,0,,,,,,0,,VZV_Ellen,HCMV
SRR22753562,0,0,,,,,,,0,,0,,,,,,,0,,VZV_Ellen,EBV
SRR22753562,0,,,,,197,,,0,,,,,,197,,,0,,VZV_Ellen,HSV1_KOS
SRR22753562,0,,,3,,,1,,,,,,3,,,1,,,,HHV6B,HSV2_StrainG
SRR22753562,1,,,3,,,,,,156,,,2,,,,,,155,HHV6B,combined_herpes_viruses
SRR22753562,2,,,3,,,,2,,,,,1,,,,0,,,HHV6B,KSHV
SRR22753562,0,,0,3,,,,,,,,0,3,,,,,,,HHV6B,HCMV
SRR22753562,0,0,,3,,,,,,,0,,3,,,,,,,HHV6B,EBV
SRR22753562,0,,,3,,197,,,,,,,3,,197,,,,,HHV6B,HSV1_KOS
SRR22753562,0,,,,,,1,,,156,,,,,,1,,,156,HSV2_StrainG,combined_herpes_viruses
SRR22753562,0,,,,,,1,2,,,,,,,,1,2,,,HSV2_StrainG,KSHV
SRR22753562,0,,0,,,,1,,,,,0,,,,1,,,,HSV2_StrainG,HCMV
SRR22753562,0,0,,,,,1,,,,0,,,,,1,,,,HSV2_StrainG,EBV
SRR22753562,0,,,,,197,1,,,,,,,,197,1,,,,HSV2_StrainG,HSV1_KOS
SRR22753562,1,,,,,,,2,,156,,,,,,,1,,155,combined_herpes_viruses,KSHV
SRR22753562,0,,0,,,,,,,156,,0,,,,,,,156,combined_herpes_viruses,HCMV
SRR22753562,0,0,,,,,,,,156,0,,,,,,,,156,combined_herpes_viruses,EBV
SRR22753562,123,,,,,197,,,,156,,,,,74,,,,33,combined_herpes_viruses,HSV1_KOS
SRR22753562,0,,0,,,,,2,,,,0,,,,,2,,,KSHV,HCMV
SRR22753562,0,0,,,,,,2,,,0,,,,,,2,,,KSHV,EBV
SRR22753562,0,,,,,197,,2,,,,,,,197,,2,,,KSHV,HSV1_KOS
SRR22753562,0,0,0,,,,,,,,0,0,,,,,,,,HCMV,EBV
SRR22753562,0,,0,,,197,,,,,,0,,,197,,,,,HCMV,HSV1_KOS
SRR22753562,0,0,,,,197,,,,,0,,,,197,,,,,EBV,HSV1_KOS
SRR22753562,0,,,,0,,,,,,,,,0,,,,,,HHV7,HHV7
SRR22753562,0,,,,,,,,0,,,,,,,,,0,,VZV_Ellen,VZV_Ellen
SRR22753562,3,,,3,,,,,,,,,0,,,,,,,HHV6B,HHV6B
SRR22753562,1,,,,,,1,,,,,,,,,0,,,,HSV2_StrainG,HSV2_StrainG
SRR22753562,156,,,,,,,,,156,,,,,,,,,0,combined_herpes_viruses,combined_herpes_viruses
SRR22753562,2,,,,,,,2,,,,,,,,,0,,,KSHV,KSHV
SRR22753562,0,,0,,,,,,,,,0,,,,,,,,HCMV,HCMV
SRR22753562,0,0,,,,,,,,,0,,,,,,,,,EBV,EBV
SRR22753562,197,,,,,197,,,,,,,,,0,,,,,HSV1_KOS,HSV1_KOS
SRR22753509,169,,,,,293,,,,219,,,,,124,,,,50,combined_herpes_viruses,HSV1_KOS
SRR22753509,0,0,,,,,,,,219,0,,,,,,,,219,combined_herpes_viruses,EBV
SRR22753509,1,,,,,,,2,,219,,,,,,,1,,218,combined_herpes_viruses,KSHV
SRR22753509,0,,,,,,,,0,219,,,,,,,,0,219,combined_herpes_viruses,VZV_Ellen
SRR22753509,0,,,,1,,,,,219,,,,1,,,,,219,combined_herpes_viruses,HHV7
SRR22753509,0,,1,,,,,,,219,,1,,,,,,,219,combined_herpes_viruses,HCMV
SRR22753509,1,,,1,,,,,,219,,,0,,,,,,218,combined_herpes_viruses,HHV6B
SRR22753509,1,,,,,,1,,,219,,,,,,0,,,218,combined_herpes_viruses,HSV2_StrainG
SRR22753509,0,0,,,,293,,,,,0,,,,293,,,,,HSV1_KOS,EBV
SRR22753509,0,,,,,293,,2,,,,,,,293,,2,,,HSV1_KOS,KSHV
SRR22753509,0,,,,,293,,,0,,,,,,293,,,0,,HSV1_KOS,VZV_Ellen
SRR22753509,0,,,,1,293,,,,,,,,1,293,,,,,HSV1_KOS,HHV7
SRR22753509,0,,1,,,293,,,,,,1,,,293,,,,,HSV1_KOS,HCMV
SRR22753509,0,,,1,,293,,,,,,,1,,293,,,,,HSV1_KOS,HHV6B
SRR22753509,0,,,,,293,1,,,,,,,,293,1,,,,HSV1_KOS,HSV2_StrainG
SRR22753509,0,0,,,,,,2,,,0,,,,,,2,,,EBV,KSHV
SRR22753509,0,0,,,,,,,0,,0,,,,,,,0,,EBV,VZV_Ellen
SRR22753509,0,0,,,1,,,,,,0,,,1,,,,,,EBV,HHV7
SRR22753509,0,0,1,,,,,,,,0,1,,,,,,,,EBV,HCMV
SRR22753509,0,0,,1,,,,,,,0,,1,,,,,,,EBV,HHV6B
SRR22753509,0,0,,,,,1,,,,0,,,,,1,,,,EBV,HSV2_StrainG
SRR22753509,0,,,,,,,2,0,,,,,,,,2,0,,KSHV,VZV_Ellen
SRR22753509,0,,,,1,,,2,,,,,,1,,,2,,,KSHV,HHV7
SRR22753509,0,,1,,,,,2,,,,1,,,,,2,,,KSHV,HCMV
SRR22753509,1,,,1,,,,2,,,,,0,,,,1,,,KSHV,HHV6B
SRR22753509,1,,,,,,1,2,,,,,,,,0,1,,,KSHV,HSV2_StrainG
SRR22753509,0,,,,1,,,,0,,,,,1,,,,0,,VZV_Ellen,HHV7
SRR22753509,0,,1,,,,,,0,,,1,,,,,,0,,VZV_Ellen,HCMV
SRR22753509,0,,,1,,,,,0,,,,1,,,,,0,,VZV_Ellen,HHV6B
SRR22753509,0,,,,,,1,,0,,,,,,,1,,0,,VZV_Ellen,HSV2_StrainG
SRR22753509,0,,1,,1,,,,,,,1,,1,,,,,,HHV7,HCMV
SRR22753509,0,,,1,1,,,,,,,,1,1,,,,,,HHV7,HHV6B
SRR22753509,0,,,,1,,1,,,,,,,1,,1,,,,HHV7,HSV2_StrainG
SRR22753509,0,,1,1,,,,,,,,1,1,,,,,,,HCMV,HHV6B
SRR22753509,0,,1,,,,1,,,,,1,,,,1,,,,HCMV,HSV2_StrainG
SRR22753509,1,,,1,,,1,,,,,,0,,,0,,,,HHV6B,HSV2_StrainG
SRR22753509,219,,,,,,,,,219,,,,,,,,,0,combined_herpes_viruses,combined_herpes_viruses
SRR22753509,293,,,,,293,,,,,,,,,0,,,,,HSV1_KOS,HSV1_KOS
SRR22753509,0,0,,,,,,,,,0,,,,,,,,,EBV,EBV
SRR22753509,2,,,,,,,2,,,,,,,,,0,,,KSHV,KSHV
SRR22753509,0,,,,,,,,0,,,,,,,,,0,,VZV_Ellen,VZV_Ellen
SRR22753509,1,,,,1,,,,,,,,,0,,,,,,HHV7,HHV7
SRR22753509,1,,1,,,,,,,,,0,,,,,,,,HCMV,HCMV
SRR22753509,1,,,1,,,,,,,,,0,,,,,,,HHV6B,HHV6B
SRR22753509,1,,,,,,1,,,,,,,,,0,,,,HSV2_StrainG,HSV2_StrainG
SRR22753508,0,0,,0,,,,,,,0,,0,,,,,,,HHV6B,EBV
SRR22753508,0,,,0,,,,,,8,,,0,,,,,,8,HHV6B,combined_herpes_viruses
SRR22753508,0,,,0,0,,,,,,,,0,0,,,,,,HHV6B,HHV7
SRR22753508,0,,,0,,,,,0,,,,0,,,,,0,,HHV6B,VZV_Ellen
SRR22753508,0,,0,0,,,,,,,,0,0,,,,,,,HHV6B,HCMV
SRR22753508,0,,,0,,,0,,,,,,0,,,0,,,,HHV6B,HSV2_StrainG
SRR22753508,0,,,0,,,,3,,,,,0,,,,3,,,HHV6B,KSHV
SRR22753508,0,,,0,,8,,,,,,,0,,8,,,,,HHV6B,HSV1_KOS
SRR22753508,0,0,,,,,,,,8,0,,,,,,,,8,EBV,combined_herpes_viruses
SRR22753508,0,0,,,0,,,,,,0,,,0,,,,,,EBV,HHV7
SRR22753508,0,0,,,,,,,0,,0,,,,,,,0,,EBV,VZV_Ellen
SRR22753508,0,0,0,,,,,,,,0,0,,,,,,,,EBV,HCMV
SRR22753508,0,0,,,,,0,,,,0,,,,,0,,,,EBV,HSV2_StrainG
SRR22753508,0,0,,,,,,3,,,0,,,,,,3,,,EBV,KSHV
SRR22753508,0,0,,,,8,,,,,0,,,,8,,,,,EBV,HSV1_KOS
SRR22753508,0,,,,0,,,,,8,,,,0,,,,,8,combined_herpes_viruses,HHV7
SRR22753508,0,,,,,,,,0,8,,,,,,,,0,8,combined_herpes_viruses,VZV_Ellen
SRR22753508,0,,0,,,,,,,8,,0,,,,,,,8,combined_herpes_viruses,HCMV
SRR22753508,0,,,,,,0,,,8,,,,,,0,,,8,combined_herpes_viruses,HSV2_StrainG
SRR22753508,1,,,,,,,3,,8,,,,,,,2,,7,combined_herpes_viruses,KSHV
SRR22753508,4,,,,,8,,,,8,,,,,4,,,,4,combined_herpes_viruses,HSV1_KOS
SRR22753508,0,,,,0,,,,0,,,,,0,,,,0,,HHV7,VZV_Ellen
SRR22753508,0,,0,,0,,,,,,,0,,0,,,,,,HHV7,HCMV
SRR22753508,0,,,,0,,0,,,,,,,0,,0,,,,HHV7,HSV2_StrainG
SRR22753508,0,,,,0,,,3,,,,,,0,,,3,,,HHV7,KSHV
SRR22753508,0,,,,0,8,,,,,,,,0,8,,,,,HHV7,HSV1_KOS
SRR22753508,0,,0,,,,,,0,,,0,,,,,,0,,VZV_Ellen,HCMV
SRR22753508,0,,,,,,0,,0,,,,,,,0,,0,,VZV_Ellen,HSV2_StrainG
SRR22753508,0,,,,,,,3,0,,,,,,,,3,0,,VZV_Ellen,KSHV
SRR22753508,0,,,,,8,,,0,,,,,,8,,,0,,VZV_Ellen,HSV1_KOS
SRR22753508,0,,0,,,,0,,,,,0,,,,0,,,,HCMV,HSV2_StrainG
SRR22753508,0,,0,,,,,3,,,,0,,,,,3,,,HCMV,KSHV
SRR22753508,0,,0,,,8,,,,,,0,,,8,,,,,HCMV,HSV1_KOS
SRR22753508,0,,,,,,0,3,,,,,,,,0,3,,,HSV2_StrainG,KSHV
SRR22753508,0,,,,,8,0,,,,,,,,8,0,,,,HSV2_StrainG,HSV1_KOS
SRR22753508,0,,,,,8,,3,,,,,,,8,,3,,,KSHV,HSV1_KOS
SRR22753508,0,,,0,,,,,,,,,0,,,,,,,HHV6B,HHV6B
SRR22753508,0,0,,,,,,,,,0,,,,,,,,,EBV,EBV
SRR22753508,8,,,,,,,,,8,,,,,,,,,0,combined_herpes_viruses,combined_herpes_viruses
SRR22753508,0,,,,0,,,,,,,,,0,,,,,,HHV7,HHV7
SRR22753508,0,,,,,,,,0,,,,,,,,,0,,VZV_Ellen,VZV_Ellen
SRR22753508,0,,0,,,,,,,,,0,,,,,,,,HCMV,HCMV
SRR22753508,0,,,,,,0,,,,,,,,,0,,,,HSV2_StrainG,HSV2_StrainG
SRR22753508,3,,,,,,,3,,,,,,,,,0,,,KSHV,KSHV
SRR22753508,8,,,,,8,,,,,,,,,0,,,,,HSV1_KOS,HSV1_KOS
SRR22753478,0,,,,0,,,,0,,,,,0,,,,0,,VZV_Ellen,HHV7
SRR22753478,0,0,,,,,,,0,,0,,,,,,,0,,VZV_Ellen,EBV
SRR22753478,0,,,,,32,,,0,,,,,,32,,,0,,VZV_Ellen,HSV1_KOS
SRR22753478,0,,,,,,22,,0,,,,,,,22,,0,,VZV_Ellen,HSV2_StrainG
SRR22753478,0,,,5,,,,,0,,,,5,,,,,0,,VZV_Ellen,HHV6B
SRR22753478,0,,0,,,,,,0,,,0,,,,,,0,,VZV_Ellen,HCMV
SRR22753478,0,,,,,,,,0,33,,,,,,,,0,33,VZV_Ellen,combined_herpes_viruses
SRR22753478,0,,,,,,,33,0,,,,,,,,33,0,,VZV_Ellen,KSHV
SRR22753478,0,0,,,0,,,,,,0,,,0,,,,,,HHV7,EBV
SRR22753478,0,,,,0,32,,,,,,,,0,32,,,,,HHV7,HSV1_KOS
SRR22753478,0,,,,0,,22,,,,,,,0,,22,,,,HHV7,HSV2_StrainG
SRR22753478,0,,,5,0,,,,,,,,5,0,,,,,,HHV7,HHV6B
SRR22753478,0,,0,,0,,,,,,,0,,0,,,,,,HHV7,HCMV
SRR22753478,0,,,,0,,,,,33,,,,0,,,,,33,HHV7,combined_herpes_viruses
SRR22753478,0,,,,0,,,33,,,,,,0,,,33,,,HHV7,KSHV
SRR22753478,0,0,,,,32,,,,,0,,,,32,,,,,EBV,HSV1_KOS
SRR22753478,0,0,,,,,22,,,,0,,,,,22,,,,EBV,HSV2_StrainG
SRR22753478,0,0,,5,,,,,,,0,,5,,,,,,,EBV,HHV6B
SRR22753478,0,0,0,,,,,,,,0,0,,,,,,,,EBV,HCMV
SRR22753478,0,0,,,,,,,,33,0,,,,,,,,33,EBV,combined_herpes_viruses
SRR22753478,0,0,,,,,,33,,,0,,,,,,33,,,EBV,KSHV
SRR22753478,0,,,,,32,22,,,,,,,,32,22,,,,HSV1_KOS,HSV2_StrainG
SRR22753478,0,,,5,,32,,,,,,,5,,32,,,,,HSV1_KOS,HHV6B
SRR22753478,0,,0,,,32,,,,,,0,,,32,,,,,HSV1_KOS,HCMV
SRR22753478,14,,,,,32,,,,33,,,,,18,,,,19,HSV1_KOS,combined_herpes_viruses
SRR22753478,0,,,,,32,,33,,,,,,,32,,33,,,HSV1_KOS,KSHV
SRR22753478,0,,,5,,,22,,,,,,5,,,22,,,,HSV2_StrainG,HHV6B
SRR22753478,0,,0,,,,22,,,,,0,,,,22,,,,HSV2_StrainG,HCMV
SRR22753478,1,,,,,,22,,,33,,,,,,21,,,32,HSV2_StrainG,combined_herpes_viruses
SRR22753478,0,,,,,,22,33,,,,,,,,22,33,,,HSV2_StrainG,KSHV
SRR22753478,0,,0,5,,,,,,,,0,5,,,,,,,HHV6B,HCMV
SRR22753478,3,,,5,,,,,,33,,,2,,,,,,30,HHV6B,combined_herpes_viruses
SRR22753478,2,,,5,,,,33,,,,,3,,,,31,,,HHV6B,KSHV
SRR22753478,0,,0,,,,,,,33,,0,,,,,,,33,HCMV,combined_herpes_viruses
SRR22753478,0,,0,,,,,33,,,,0,,,,,33,,,HCMV,KSHV
SRR22753478,10,,,,,,,33,,33,,,,,,,23,,23,combined_herpes_viruses,KSHV
SRR22753478,0,,,,,,,,0,,,,,,,,,0,,VZV_Ellen,VZV_Ellen
SRR22753478,0,,,,0,,,,,,,,,0,,,,,,HHV7,HHV7
SRR22753478,0,0,,,,,,,,,0,,,,,,,,,EBV,EBV
SRR22753478,32,,,,,32,,,,,,,,,0,,,,,HSV1_KOS,HSV1_KOS
SRR22753478,22,,,,,,22,,,,,,,,,0,,,,HSV2_StrainG,HSV2_StrainG
SRR22753478,5,,,5,,,,,,,,,0,,,,,,,HHV6B,HHV6B
SRR22753478,0,,0,,,,,,,,,0,,,,,,,,HCMV,HCMV
SRR22753478,33,,,,,,,,,33,,,,,,,,,0,combined_herpes_viruses,combined_herpes_viruses
SRR22753478,33,,,,,,,33,,,,,,,,,0,,,KSHV,KSHV
SRR22753469,0,,,,,,1,,0,,,,,,,1,,0,,VZV_Ellen,HSV2_StrainG
SRR22753469,0,,,,,,,,0,35,,,,,,,,0,35,VZV_Ellen,combined_herpes_viruses
SRR22753469,0,,0,,,,,,0,,,0,,,,,,0,,VZV_Ellen,HCMV
SRR22753469,0,0,,,,,,,0,,0,,,,,,,0,,VZV_Ellen,EBV
SRR22753469,0,,,,0,,,,0,,,,,0,,,,0,,VZV_Ellen,HHV7
SRR22753469,0,,,,,,,0,0,,,,,,,,0,0,,VZV_Ellen,KSHV
SRR22753469,0,,,,,49,,,0,,,,,,49,,,0,,VZV_Ellen,HSV1_KOS
SRR22753469,0,,,0,,,,,0,,,,0,,,,,0,,VZV_Ellen,HHV6B
SRR22753469,0,,,,,,1,,,35,,,,,,1,,,35,HSV2_StrainG,combined_herpes_viruses
SRR22753469,0,,0,,,,1,,,,,0,,,,1,,,,HSV2_StrainG,HCMV
SRR22753469,0,0,,,,,1,,,,0,,,,,1,,,,HSV2_StrainG,EBV
SRR22753469,0,,,,0,,1,,,,,,,0,,1,,,,HSV2_StrainG,HHV7
SRR22753469,0,,,,,,1,0,,,,,,,,1,0,,,HSV2_StrainG,KSHV
SRR22753469,0,,,,,49,1,,,,,,,,49,1,,,,HSV2_StrainG,HSV1_KOS
SRR22753469,0,,,0,,,1,,,,,,0,,,1,,,,HSV2_StrainG,HHV6B
SRR22753469,0,,0,,,,,,,35,,0,,,,,,,35,combined_herpes_viruses,HCMV
SRR22753469,0,0,,,,,,,,35,0,,,,,,,,35,combined_herpes_viruses,EBV
SRR22753469,0,,,,0,,,,,35,,,,0,,,,,35,combined_herpes_viruses,HHV7
SRR22753469,0,,,,,,,0,,35,,,,,,,0,,35,combined_herpes_viruses,KSHV
SRR22753469,25,,,,,49,,,,35,,,,,24,,,,10,combined_herpes_viruses,HSV1_KOS
SRR22753469,0,,,0,,,,,,35,,,0,,,,,,35,combined_herpes_viruses,HHV6B
SRR22753469,0,0,0,,,,,,,,0,0,,,,,,,,HCMV,EBV
SRR22753469,0,,0,,0,,,,,,,0,,0,,,,,,HCMV,HHV7
SRR22753469,0,,0,,,,,0,,,,0,,,,,0,,,HCMV,KSHV
SRR22753469,0,,0,,,49,,,,,,0,,,49,,,,,HCMV,HSV1_KOS
SRR22753469,0,,0,0,,,,,,,,0,0,,,,,,,HCMV,HHV6B
SRR22753469,0,0,,,0,,,,,,0,,,0,,,,,,EBV,HHV7
SRR22753469,0,0,,,,,,0,,,0,,,,,,0,,,EBV,KSHV
SRR22753469,0,0,,,,49,,,,,0,,,,49,,,,,EBV,HSV1_KOS
SRR22753469,0,0,,0,,,,,,,0,,0,,,,,,,EBV,HHV6B
SRR22753469,0,,,,0,,,0,,,,,,0,,,0,,,HHV7,KSHV
SRR22753469,0,,,,0,49,,,,,,,,0,49,,,,,HHV7,HSV1_KOS
SRR22753469,0,,,0,0,,,,,,,,0,0,,,,,,HHV7,HHV6B
SRR22753469,0,,,,,49,,0,,,,,,,49,,0,,,KSHV,HSV1_KOS
SRR22753469,0,,,0,,,,0,,,,,0,,,,0,,,KSHV,HHV6B
SRR22753469,0,,,0,,49,,,,,,,0,,49,,,,,HSV1_KOS,HHV6B
SRR22753469,0,,,,,,,,0,,,,,,,,,0,,VZV_Ellen,VZV_Ellen
SRR22753469,1,,,,,,1,,,,,,,,,0,,,,HSV2_StrainG,HSV2_StrainG
SRR22753469,35,,,,,,,,,35,,,,,,,,,0,combined_herpes_viruses,combined_herpes_viruses
SRR22753469,0,,0,,,,,,,,,0,,,,,,,,HCMV,HCMV
SRR22753469,0,0,,,,,,,,,0,,,,,,,,,EBV,EBV
SRR22753469,0,,,,0,,,,,,,,,0,,,,,,HHV7,HHV7
SRR22753469,0,,,,,,,0,,,,,,,,,0,,,KSHV,KSHV
SRR22753469,49,,,,,49,,,,,,,,,0,,,,,HSV1_KOS,HSV1_KOS
SRR22753469,0,,,0,,,,,,,,,0,,,,,,,HHV6B,HHV6B
SRR22753549,0,,,0,,,,,,1,,,0,,,,,,1,combined_herpes_viruses,HHV6B
SRR22753549,0,0,,,,,,,,1,0,,,,,,,,1,combined_herpes_viruses,EBV
SRR22753549,1,,,,,3,,,,1,,,,,2,,,,0,combined_herpes_viruses,HSV1_KOS
SRR22753549,0,,,,,,4,,,1,,,,,,4,,,1,combined_herpes_viruses,HSV2_StrainG
SRR22753549,0,,,,,,,,0,1,,,,,,,,0,1,combined_herpes_viruses,VZV_Ellen
SRR22753549,0,,,,0,,,,,1,,,,0,,,,,1,combined_herpes_viruses,HHV7
SRR22753549,0,,,,,,,7,,1,,,,,,,7,,1,combined_herpes_viruses,KSHV
SRR22753549,0,,0,,,,,,,1,,0,,,,,,,1,combined_herpes_viruses,HCMV
SRR22753549,0,0,,0,,,,,,,0,,0,,,,,,,HHV6B,EBV
SRR22753549,0,,,0,,3,,,,,,,0,,3,,,,,HHV6B,HSV1_KOS
SRR22753549,0,,,0,,,4,,,,,,0,,,4,,,,HHV6B,HSV2_StrainG
SRR22753549,0,,,0,,,,,0,,,,0,,,,,0,,HHV6B,VZV_Ellen
SRR22753549,0,,,0,0,,,,,,,,0,0,,,,,,HHV6B,HHV7
SRR22753549,0,,,0,,,,7,,,,,0,,,,7,,,HHV6B,KSHV
SRR22753549,0,,0,0,,,,,,,,0,0,,,,,,,HHV6B,HCMV
SRR22753549,0,0,,,,3,,,,,0,,,,3,,,,,EBV,HSV1_KOS
SRR22753549,0,0,,,,,4,,,,0,,,,,4,,,,EBV,HSV2_StrainG
SRR22753549,0,0,,,,,,,0,,0,,,,,,,0,,EBV,VZV_Ellen
SRR22753549,0,0,,,0,,,,,,0,,,0,,,,,,EBV,HHV7
SRR22753549,0,0,,,,,,7,,,0,,,,,,7,,,EBV,KSHV
SRR22753549,0,0,0,,,,,,,,0,0,,,,,,,,EBV,HCMV
SRR22753549,0,,,,,3,4,,,,,,,,3,4,,,,HSV1_KOS,HSV2_StrainG
SRR22753549,0,,,,,3,,,0,,,,,,3,,,0,,HSV1_KOS,VZV_Ellen
SRR22753549,0,,,,0,3,,,,,,,,0,3,,,,,HSV1_KOS,HHV7
SRR22753549,0,,,,,3,,7,,,,,,,3,,7,,,HSV1_KOS,KSHV
SRR22753549,0,,0,,,3,,,,,,0,,,3,,,,,HSV1_KOS,HCMV
SRR22753549,0,,,,,,4,,0,,,,,,,4,,0,,HSV2_StrainG,VZV_Ellen
SRR22753549,0,,,,0,,4,,,,,,,0,,4,,,,HSV2_StrainG,HHV7
SRR22753549,0,,,,,,4,7,,,,,,,,4,7,,,HSV2_StrainG,KSHV
SRR22753549,0,,0,,,,4,,,,,0,,,,4,,,,HSV2_StrainG,HCMV
SRR22753549,0,,,,0,,,,0,,,,,0,,,,0,,VZV_Ellen,HHV7
SRR22753549,0,,,,,,,7,0,,,,,,,,7,0,,VZV_Ellen,KSHV
SRR22753549,0,,0,,,,,,0,,,0,,,,,,0,,VZV_Ellen,HCMV
SRR22753549,0,,,,0,,,7,,,,,,0,,,7,,,HHV7,KSHV
SRR22753549,0,,0,,0,,,,,,,0,,0,,,,,,HHV7,HCMV
SRR22753549,0,,0,,,,,7,,,,0,,,,,7,,,KSHV,HCMV
SRR22753549,1,,,,,,,,,1,,,,,,,,,0,combined_herpes_viruses,combined_herpes_viruses
SRR22753549,0,,,0,,,,,,,,,0,,,,,,,HHV6B,HHV6B
SRR22753549,0,0,,,,,,,,,0,,,,,,,,,EBV,EBV
SRR22753549,3,,,,,3,,,,,,,,,0,,,,,HSV1_KOS,HSV1_KOS
SRR22753549,4,,,,,,4,,,,,,,,,0,,,,HSV2_StrainG,HSV2_StrainG
SRR22753549,0,,,,,,,,0,,,,,,,,,0,,VZV_Ellen,VZV_Ellen
SRR22753549,0,,,,0,,,,,,,,,0,,,,,,HHV7,HHV7
SRR22753549,7,,,,,,,7,,,,,,,,,0,,,KSHV,KSHV
SRR22753549,0,,0,,,,,,,,,0,,,,,,,,HCMV,HCMV
SRR22753520,0,,,,,,,,0,7,,,,,,,,0,7,combined_herpes_viruses,VZV_Ellen
SRR22753520,2,,,,,4,,,,7,,,,,2,,,,5,combined_herpes_viruses,HSV1_KOS
SRR22753520,0,,,0,,,,,,7,,,0,,,,,,7,combined_herpes_viruses,HHV6B
SRR22753520,0,,,,,,2,,,7,,,,,,2,,,7,combined_herpes_viruses,HSV2_StrainG
SRR22753520,0,,0,,,,,,,7,,0,,,,,,,7,combined_herpes_viruses,HCMV
SRR22753520,2,,,,,,,6,,7,,,,,,,4,,5,combined_herpes_viruses,KSHV
SRR22753520,0,,,,0,,,,,7,,,,0,,,,,7,combined_herpes_viruses,HHV7
SRR22753520,0,0,,,,,,,,7,0,,,,,,,,7,combined_herpes_viruses,EBV
SRR22753520,0,,,,,4,,,0,,,,,,4,,,0,,VZV_Ellen,HSV1_KOS
SRR22753520,0,,,0,,,,,0,,,,0,,,,,0,,VZV_Ellen,HHV6B
SRR22753520,0,,,,,,2,,0,,,,,,,2,,0,,VZV_Ellen,HSV2_StrainG
SRR22753520,0,,0,,,,,,0,,,0,,,,,,0,,VZV_Ellen,HCMV
SRR22753520,0,,,,,,,6,0,,,,,,,,6,0,,VZV_Ellen,KSHV
SRR22753520,0,,,,0,,,,0,,,,,0,,,,0,,VZV_Ellen,HHV7
SRR22753520,0,0,,,,,,,0,,0,,,,,,,0,,VZV_Ellen,EBV
SRR22753520,0,,,0,,4,,,,,,,0,,4,,,,,HSV1_KOS,HHV6B
SRR22753520,0,,,,,4,2,,,,,,,,4,2,,,,HSV1_KOS,HSV2_StrainG
SRR22753520,0,,0,,,4,,,,,,0,,,4,,,,,HSV1_KOS,HCMV
SRR22753520,0,,,,,4,,6,,,,,,,4,,6,,,HSV1_KOS,KSHV
SRR22753520,0,,,,0,4,,,,,,,,0,4,,,,,HSV1_KOS,HHV7
SRR22753520,0,0,,,,4,,,,,0,,,,4,,,,,HSV1_KOS,EBV
SRR22753520,0,,,0,,,2,,,,,,0,,,2,,,,HHV6B,HSV2_StrainG
SRR22753520,0,,0,0,,,,,,,,0,0,,,,,,,HHV6B,HCMV
SRR22753520,0,,,0,,,,6,,,,,0,,,,6,,,HHV6B,KSHV
SRR22753520,0,,,0,0,,,,,,,,0,0,,,,,,HHV6B,HHV7
SRR22753520,0,0,,0,,,,,,,0,,0,,,,,,,HHV6B,EBV
SRR22753520,0,,0,,,,2,,,,,0,,,,2,,,,HSV2_StrainG,HCMV
SRR22753520,0,,,,,,2,6,,,,,,,,2,6,,,HSV2_StrainG,KSHV
SRR22753520,0,,,,0,,2,,,,,,,0,,2,,,,HSV2_StrainG,HHV7
SRR22753520,0,0,,,,,2,,,,0,,,,,2,,,,HSV2_StrainG,EBV
SRR22753520,0,,0,,,,,6,,,,0,,,,,6,,,HCMV,KSHV
SRR22753520,0,,0,,0,,,,,,,0,,0,,,,,,HCMV,HHV7
SRR22753520,0,0,0,,,,,,,,0,0,,,,,,,,HCMV,EBV
SRR22753520,0,,,,0,,,6,,,,,,0,,,6,,,KSHV,HHV7
SRR22753520,0,0,,,,,,6,,,0,,,,,,6,,,KSHV,EBV
SRR22753520,0,0,,,0,,,,,,0,,,0,,,,,,HHV7,EBV
SRR22753520,7,,,,,,,,,7,,,,,,,,,0,combined_herpes_viruses,combined_herpes_viruses
SRR22753520,0,,,,,,,,0,,,,,,,,,0,,VZV_Ellen,VZV_Ellen
SRR22753520,4,,,,,4,,,,,,,,,0,,,,,HSV1_KOS,HSV1_KOS
SRR22753520,0,,,0,,,,,,,,,0,,,,,,,HHV6B,HHV6B
SRR22753520,2,,,,,,2,,,,,,,,,0,,,,HSV2_StrainG,HSV2_StrainG
SRR22753520,0,,0,,,,,,,,,0,,,,,,,,HCMV,HCMV
SRR22753520,6,,,,,,,6,,,,,,,,,0,,,KSHV,KSHV
SRR22753520,0,,,,0,,,,,,,,,0,,,,,,HHV7,HHV7
SRR22753520,0,0,,,,,,,,,0,,,,,,,,,EBV,EBV
SRR22753397,0,,,,,55,19,,,,,,,,55,19,,,,HSV1_KOS,HSV2_StrainG
SRR22753397,25,,,,,55,,,,39,,,,,30,,,,14,HSV1_KOS,combined_herpes_viruses
SRR22753397,0,,0,,,55,,,,,,0,,,55,,,,,HSV1_KOS,HCMV
SRR22753397,0,,,,,55,,,0,,,,,,55,,,0,,HSV1_KOS,VZV_Ellen
SRR22753397,0,,,1,,55,,,,,,,1,,55,,,,,HSV1_KOS,HHV6B
SRR22753397,0,,,,0,55,,,,,,,,0,55,,,,,HSV1_KOS,HHV7
SRR22753397,0,,,,,55,,37,,,,,,,55,,37,,,HSV1_KOS,KSHV
SRR22753397,0,0,,,,55,,,,,0,,,,55,,,,,HSV1_KOS,EBV
SRR22753397,2,,,,,,19,,,39,,,,,,17,,,37,HSV2_StrainG,combined_herpes_viruses
SRR22753397,0,,0,,,,19,,,,,0,,,,19,,,,HSV2_StrainG,HCMV
SRR22753397,0,,,,,,19,,0,,,,,,,19,,0,,HSV2_StrainG,VZV_Ellen
SRR22753397,1,,,1,,,19,,,,,,0,,,18,,,,HSV2_StrainG,HHV6B
SRR22753397,0,,,,0,,19,,,,,,,0,,19,,,,HSV2_StrainG,HHV7
SRR22753397,1,,,,,,19,37,,,,,,,,18,36,,,HSV2_StrainG,KSHV
SRR22753397,0,0,,,,,19,,,,0,,,,,19,,,,HSV2_StrainG,EBV
SRR22753397,0,,0,,,,,,,39,,0,,,,,,,39,combined_herpes_viruses,HCMV
SRR22753397,0,,,,,,,,0,39,,,,,,,,0,39,combined_herpes_viruses,VZV_Ellen
SRR22753397,1,,,1,,,,,,39,,,0,,,,,,38,combined_herpes_viruses,HHV6B
SRR22753397,0,,,,0,,,,,39,,,,0,,,,,39,combined_herpes_viruses,HHV7
SRR22753397,6,,,,,,,37,,39,,,,,,,31,,33,combined_herpes_viruses,KSHV
SRR22753397,0,0,,,,,,,,39,0,,,,,,,,39,combined_herpes_viruses,EBV
SRR22753397,0,,0,,,,,,0,,,0,,,,,,0,,HCMV,VZV_Ellen
SRR22753397,0,,0,1,,,,,,,,0,1,,,,,,,HCMV,HHV6B
SRR22753397,0,,0,,0,,,,,,,0,,0,,,,,,HCMV,HHV7
SRR22753397,0,,0,,,,,37,,,,0,,,,,37,,,HCMV,KSHV
SRR22753397,0,0,0,,,,,,,,0,0,,,,,,,,HCMV,EBV
SRR22753397,0,,,1,,,,,0,,,,1,,,,,0,,VZV_Ellen,HHV6B
SRR22753397,0,,,,0,,,,0,,,,,0,,,,0,,VZV_Ellen,HHV7
SRR22753397,0,,,,,,,37,0,,,,,,,,37,0,,VZV_Ellen,KSHV
SRR22753397,0,0,,,,,,,0,,0,,,,,,,0,,VZV_Ellen,EBV
SRR22753397,0,,,1,0,,,,,,,,1,0,,,,,,HHV6B,HHV7
SRR22753397,1,,,1,,,,37,,,,,0,,,,36,,,HHV6B,KSHV
SRR22753397,0,0,,1,,,,,,,0,,1,,,,,,,HHV6B,EBV
SRR22753397,0,,,,0,,,37,,,,,,0,,,37,,,HHV7,KSHV
SRR22753397,0,0,,,0,,,,,,0,,,0,,,,,,HHV7,EBV
SRR22753397,0,0,,,,,,37,,,0,,,,,,37,,,KSHV,EBV
SRR22753397,55,,,,,55,,,,,,,,,0,,,,,HSV1_KOS,HSV1_KOS
SRR22753397,19,,,,,,19,,,,,,,,,0,,,,HSV2_StrainG,HSV2_StrainG
SRR22753397,39,,,,,,,,,39,,,,,,,,,0,combined_herpes_viruses,combined_herpes_viruses
SRR22753397,0,,0,,,,,,,,,0,,,,,,,,HCMV,HCMV
SRR22753397,0,,,,,,,,0,,,,,,,,,0,,VZV_Ellen,VZV_Ellen
SRR22753397,1,,,1,,,,,,,,,0,,,,,,,HHV6B,HHV6B
SRR22753397,0,,,,0,,,,,,,,,0,,,,,,HHV7,HHV7
SRR22753397,37,,,,,,,37,,,,,,,,,0,,,KSHV,KSHV
SRR22753397,0,0,,,,,,,,,0,,,,,,,,,EBV,EBV
SRR22753560,0,,,,,,,3,,4,,,,,,,3,,4,combined_herpes_viruses,KSHV
SRR22753560,0,,,,,,,,0,4,,,,,,,,0,4,combined_herpes_viruses,VZV_Ellen
SRR22753560,0,0,,,,,,,,4,0,,,,,,,,4,combined_herpes_viruses,EBV
SRR22753560,0,,0,,,,,,,4,,0,,,,,,,4,combined_herpes_viruses,HCMV
SRR22753560,0,,,,0,,,,,4,,,,0,,,,,4,combined_herpes_viruses,HHV7
SRR22753560,0,,,0,,,,,,4,,,0,,,,,,4,combined_herpes_viruses,HHV6B
SRR22753560,1,,,,,1,,,,4,,,,,0,,,,3,combined_herpes_viruses,HSV1_KOS
SRR22753560,1,,,,,,7,,,4,,,,,,6,,,3,combined_herpes_viruses,HSV2_StrainG
SRR22753560,0,,,,,,,3,0,,,,,,,,3,0,,KSHV,VZV_Ellen
SRR22753560,0,0,,,,,,3,,,0,,,,,,3,,,KSHV,EBV
SRR22753560,0,,0,,,,,3,,,,0,,,,,3,,,KSHV,HCMV
SRR22753560,0,,,,0,,,3,,,,,,0,,,3,,,KSHV,HHV7
SRR22753560,0,,,0,,,,3,,,,,0,,,,3,,,KSHV,HHV6B
SRR22753560,0,,,,,1,,3,,,,,,,1,,3,,,KSHV,HSV1_KOS
SRR22753560,0,,,,,,7,3,,,,,,,,7,3,,,KSHV,HSV2_StrainG
SRR22753560,0,0,,,,,,,0,,0,,,,,,,0,,VZV_Ellen,EBV
SRR22753560,0,,0,,,,,,0,,,0,,,,,,0,,VZV_Ellen,HCMV
SRR22753560,0,,,,0,,,,0,,,,,0,,,,0,,VZV_Ellen,HHV7
SRR22753560,0,,,0,,,,,0,,,,0,,,,,0,,VZV_Ellen,HHV6B
SRR22753560,0,,,,,1,,,0,,,,,,1,,,0,,VZV_Ellen,HSV1_KOS
SRR22753560,0,,,,,,7,,0,,,,,,,7,,0,,VZV_Ellen,HSV2_StrainG
SRR22753560,0,0,0,,,,,,,,0,0,,,,,,,,EBV,HCMV
SRR22753560,0,0,,,0,,,,,,0,,,0,,,,,,EBV,HHV7
SRR22753560,0,0,,0,,,,,,,0,,0,,,,,,,EBV,HHV6B
SRR22753560,0,0,,,,1,,,,,0,,,,1,,,,,EBV,HSV1_KOS
SRR22753560,0,0,,,,,7,,,,0,,,,,7,,,,EBV,HSV2_StrainG
SRR22753560,0,,0,,0,,,,,,,0,,0,,,,,,HCMV,HHV7
SRR22753560,0,,0,0,,,,,,,,0,0,,,,,,,HCMV,HHV6B
SRR22753560,0,,0,,,1,,,,,,0,,,1,,,,,HCMV,HSV1_KOS
SRR22753560,0,,0,,,,7,,,,,0,,,,7,,,,HCMV,HSV2_StrainG
SRR22753560,0,,,0,0,,,,,,,,0,0,,,,,,HHV7,HHV6B
SRR22753560,0,,,,0,1,,,,,,,,0,1,,,,,HHV7,HSV1_KOS
SRR22753560,0,,,,0,,7,,,,,,,0,,7,,,,HHV7,HSV2_StrainG
SRR22753560,0,,,0,,1,,,,,,,0,,1,,,,,HHV6B,HSV1_KOS
SRR22753560,0,,,0,,,7,,,,,,0,,,7,,,,HHV6B,HSV2_StrainG
SRR22753560,0,,,,,1,7,,,,,,,,1,7,,,,HSV1_KOS,HSV2_StrainG
SRR22753560,4,,,,,,,,,4,,,,,,,,,0,combined_herpes_viruses,combined_herpes_viruses
SRR22753560,3,,,,,,,3,,,,,,,,,0,,,KSHV,KSHV
SRR22753560,0,,,,,,,,0,,,,,,,,,0,,VZV_Ellen,VZV_Ellen
SRR22753560,0,0,,,,,,,,,0,,,,,,,,,EBV,EBV
SRR22753560,0,,0,,,,,,,,,0,,,,,,,,HCMV,HCMV
SRR22753560,0,,,,0,,,,,,,,,0,,,,,,HHV7,HHV7
SRR22753560,0,,,0,,,,,,,,,0,,,,,,,HHV6B,HHV6B
SRR22753560,1,,,,,1,,,,,,,,,0,,,,,HSV1_KOS,HSV1_KOS
SRR22753560,7,,,,,,7,,,,,,,,,0,,,,HSV2_StrainG,HSV2_StrainG
SRR22753580,0,0,,,0,,,,,,0,,,0,,,,,,HHV7,EBV
SRR22753580,0,,,,0,,,2,,,,,,0,,,2,,,HHV7,KSHV
SRR22753580,0,,0,,0,,,,,,,0,,0,,,,,,HHV7,HCMV
SRR22753580,0,,,,0,,,,,75,,,,0,,,,,75,HHV7,combined_herpes_viruses
SRR22753580,0,,,,0,,,,0,,,,,0,,,,0,,HHV7,VZV_Ellen
SRR22753580,0,,,,0,114,,,,,,,,0,114,,,,,HHV7,HSV1_KOS
SRR22753580,0,,,,0,,3,,,,,,,0,,3,,,,HHV7,HSV2_StrainG
SRR22753580,0,,,0,0,,,,,,,,0,0,,,,,,HHV7,HHV6B
SRR22753580,0,0,,,,,,2,,,0,,,,,,2,,,EBV,KSHV
SRR22753580,0,0,0,,,,,,,,0,0,,,,,,,,EBV,HCMV
SRR22753580,0,0,,,,,,,,75,0,,,,,,,,75,EBV,combined_herpes_viruses
SRR22753580,0,0,,,,,,,0,,0,,,,,,,0,,EBV,VZV_Ellen
SRR22753580,0,0,,,,114,,,,,0,,,,114,,,,,EBV,HSV1_KOS
SRR22753580,0,0,,,,,3,,,,0,,,,,3,,,,EBV,HSV2_StrainG
SRR22753580,0,0,,0,,,,,,,0,,0,,,,,,,EBV,HHV6B
SRR22753580,0,,0,,,,,2,,,,0,,,,,2,,,KSHV,HCMV
SRR22753580,0,,,,,,,2,,75,,,,,,,2,,75,KSHV,combined_herpes_viruses
SRR22753580,0,,,,,,,2,0,,,,,,,,2,0,,KSHV,VZV_Ellen
SRR22753580,0,,,,,114,,2,,,,,,,114,,2,,,KSHV,HSV1_KOS
SRR22753580,1,,,,,,3,2,,,,,,,,2,1,,,KSHV,HSV2_StrainG
SRR22753580,0,,,0,,,,2,,,,,0,,,,2,,,KSHV,HHV6B
SRR22753580,0,,0,,,,,,,75,,0,,,,,,,75,HCMV,combined_herpes_viruses
SRR22753580,0,,0,,,,,,0,,,0,,,,,,0,,HCMV,VZV_Ellen
SRR22753580,0,,0,,,114,,,,,,0,,,114,,,,,HCMV,HSV1_KOS
SRR22753580,0,,0,,,,3,,,,,0,,,,3,,,,HCMV,HSV2_StrainG
SRR22753580,0,,0,0,,,,,,,,0,0,,,,,,,HCMV,HHV6B
SRR22753580,0,,,,,,,,0,75,,,,,,,,0,75,combined_herpes_viruses,VZV_Ellen
SRR22753580,58,,,,,114,,,,75,,,,,56,,,,17,combined_herpes_viruses,HSV1_KOS
SRR22753580,0,,,,,,3,,,75,,,,,,3,,,75,combined_herpes_viruses,HSV2_StrainG
SRR22753580,0,,,0,,,,,,75,,,0,,,,,,75,combined_herpes_viruses,HHV6B
SRR22753580,0,,,,,114,,,0,,,,,,114,,,0,,VZV_Ellen,HSV1_KOS
SRR22753580,0,,,,,,3,,0,,,,,,,3,,0,,VZV_Ellen,HSV2_StrainG
SRR22753580,0,,,0,,,,,0,,,,0,,,,,0,,VZV_Ellen,HHV6B
SRR22753580,0,,,,,114,3,,,,,,,,114,3,,,,HSV1_KOS,HSV2_StrainG
SRR22753580,0,,,0,,114,,,,,,,0,,114,,,,,HSV1_KOS,HHV6B
SRR22753580,0,,,0,,,3,,,,,,0,,,3,,,,HSV2_StrainG,HHV6B
SRR22753580,0,,,,0,,,,,,,,,0,,,,,,HHV7,HHV7
SRR22753580,0,0,,,,,,,,,0,,,,,,,,,EBV,EBV
SRR22753580,2,,,,,,,2,,,,,,,,,0,,,KSHV,KSHV
SRR22753580,0,,0,,,,,,,,,0,,,,,,,,HCMV,HCMV
SRR22753580,75,,,,,,,,,75,,,,,,,,,0,combined_herpes_viruses,combined_herpes_viruses
SRR22753580,0,,,,,,,,0,,,,,,,,,0,,VZV_Ellen,VZV_Ellen
SRR22753580,114,,,,,114,,,,,,,,,0,,,,,HSV1_KOS,HSV1_KOS
SRR22753580,3,,,,,,3,,,,,,,,,0,,,,HSV2_StrainG,HSV2_StrainG
SRR22753580,0,,,0,,,,,,,,,0,,,,,,,HHV6B,HHV6B
SRR22753510,0,,,,,,3,,,11,,,,,,3,,,11,HSV2_StrainG,combined_herpes_viruses
SRR22753510,0,,,0,,,3,,,,,,0,,,3,,,,HSV2_StrainG,HHV6B
SRR22753510,0,,,,0,,3,,,,,,,0,,3,,,,HSV2_StrainG,HHV7
SRR22753510,0,0,,,,,3,,,,0,,,,,3,,,,HSV2_StrainG,EBV
SRR22753510,0,,,,,,3,3,,,,,,,,3,3,,,HSV2_StrainG,KSHV
SRR22753510,0,,,,,6,3,,,,,,,,6,3,,,,HSV2_StrainG,HSV1_KOS
SRR22753510,0,,0,,,,3,,,,,0,,,,3,,,,HSV2_StrainG,HCMV
SRR22753510,0,,,,,,3,,0,,,,,,,3,,0,,HSV2_StrainG,VZV_Ellen
SRR22753510,0,,,0,,,,,,11,,,0,,,,,,11,combined_herpes_viruses,HHV6B
SRR22753510,0,,,,0,,,,,11,,,,0,,,,,11,combined_herpes_viruses,HHV7
SRR22753510,0,0,,,,,,,,11,0,,,,,,,,11,combined_herpes_viruses,EBV
SRR22753510,2,,,,,,,3,,11,,,,,,,1,,9,combined_herpes_viruses,KSHV
SRR22753510,4,,,,,6,,,,11,,,,,2,,,,7,combined_herpes_viruses,HSV1_KOS
SRR22753510,0,,0,,,,,,,11,,0,,,,,,,11,combined_herpes_viruses,HCMV
SRR22753510,0,,,,,,,,0,11,,,,,,,,0,11,combined_herpes_viruses,VZV_Ellen
SRR22753510,0,,,0,0,,,,,,,,0,0,,,,,,HHV6B,HHV7
SRR22753510,0,0,,0,,,,,,,0,,0,,,,,,,HHV6B,EBV
SRR22753510,0,,,0,,,,3,,,,,0,,,,3,,,HHV6B,KSHV
SRR22753510,0,,,0,,6,,,,,,,0,,6,,,,,HHV6B,HSV1_KOS
SRR22753510,0,,0,0,,,,,,,,0,0,,,,,,,HHV6B,HCMV
SRR22753510,0,,,0,,,,,0,,,,0,,,,,0,,HHV6B,VZV_Ellen
SRR22753510,0,0,,,0,,,,,,0,,,0,,,,,,HHV7,EBV
SRR22753510,0,,,,0,,,3,,,,,,0,,,3,,,HHV7,KSHV
SRR22753510,0,,,,0,6,,,,,,,,0,6,,,,,HHV7,HSV1_KOS
SRR22753510,0,,0,,0,,,,,,,0,,0,,,,,,HHV7,HCMV
SRR22753510,0,,,,0,,,,0,,,,,0,,,,0,,HHV7,VZV_Ellen
SRR22753510,0,0,,,,,,3,,,0,,,,,,3,,,EBV,KSHV
SRR22753510,0,0,,,,6,,,,,0,,,,6,,,,,EBV,HSV1_KOS
SRR22753510,0,0,0,,,,,,,,0,0,,,,,,,,EBV,HCMV
SRR22753510,0,0,,,,,,,0,,0,,,,,,,0,,EBV,VZV_Ellen
SRR22753510,0,,,,,6,,3,,,,,,,6,,3,,,KSHV,HSV1_KOS
SRR22753510,0,,0,,,,,3,,,,0,,,,,3,,,KSHV,HCMV
SRR22753510,0,,,,,,,3,0,,,,,,,,3,0,,KSHV,VZV_Ellen
SRR22753510,0,,0,,,6,,,,,,0,,,6,,,,,HSV1_KOS,HCMV
SRR22753510,0,,,,,6,,,0,,,,,,6,,,0,,HSV1_KOS,VZV_Ellen
SRR22753510,0,,0,,,,,,0,,,0,,,,,,0,,HCMV,VZV_Ellen
SRR22753510,3,,,,,,3,,,,,,,,,0,,,,HSV2_StrainG,HSV2_StrainG
SRR22753510,11,,,,,,,,,11,,,,,,,,,0,combined_herpes_viruses,combined_herpes_viruses
SRR22753510,0,,,0,,,,,,,,,0,,,,,,,HHV6B,HHV6B
SRR22753510,0,,,,0,,,,,,,,,0,,,,,,HHV7,HHV7
SRR22753510,0,0,,,,,,,,,0,,,,,,,,,EBV,EBV
SRR22753510,3,,,,,,,3,,,,,,,,,0,,,KSHV,KSHV
SRR22753510,6,,,,,6,,,,,,,,,0,,,,,HSV1_KOS,HSV1_KOS
SRR22753510,0,,0,,,,,,,,,0,,,,,,,,HCMV,HCMV
SRR22753510,0,,,,,,,,0,,,,,,,,,0,,VZV_Ellen,VZV_Ellen
SRR22753505,0,0,,,,,3,,,,0,,,,,3,,,,EBV,HSV2_StrainG
SRR22753505,0,0,,,,,,3,,,0,,,,,,3,,,EBV,KSHV
SRR22753505,0,0,,,0,,,,,,0,,,0,,,,,,EBV,HHV7
SRR22753505,0,0,,,,,,,0,,0,,,,,,,0,,EBV,VZV_Ellen
SRR22753505,0,0,0,,,,,,,,0,0,,,,,,,,EBV,HCMV
SRR22753505,0,0,,0,,,,,,,0,,0,,,,,,,EBV,HHV6B
SRR22753505,0,0,,,,13,,,,,0,,,,13,,,,,EBV,HSV1_KOS
SRR22753505,0,0,,,,,,,,10,0,,,,,,,,10,EBV,combined_herpes_viruses
SRR22753505,0,,,,,,3,3,,,,,,,,3,3,,,HSV2_StrainG,KSHV
SRR22753505,0,,,,0,,3,,,,,,,0,,3,,,,HSV2_StrainG,HHV7
SRR22753505,0,,,,,,3,,0,,,,,,,3,,0,,HSV2_StrainG,VZV_Ellen
SRR22753505,0,,0,,,,3,,,,,0,,,,3,,,,HSV2_StrainG,HCMV
SRR22753505,0,,,0,,,3,,,,,,0,,,3,,,,HSV2_StrainG,HHV6B
SRR22753505,0,,,,,13,3,,,,,,,,13,3,,,,HSV2_StrainG,HSV1_KOS
SRR22753505,0,,,,,,3,,,10,,,,,,3,,,10,HSV2_StrainG,combined_herpes_viruses
SRR22753505,0,,,,0,,,3,,,,,,0,,,3,,,KSHV,HHV7
SRR22753505,0,,,,,,,3,0,,,,,,,,3,0,,KSHV,VZV_Ellen
SRR22753505,0,,0,,,,,3,,,,0,,,,,3,,,KSHV,HCMV
SRR22753505,0,,,0,,,,3,,,,,0,,,,3,,,KSHV,HHV6B
SRR22753505,0,,,,,13,,3,,,,,,,13,,3,,,KSHV,HSV1_KOS
SRR22753505,0,,,,,,,3,,10,,,,,,,3,,10,KSHV,combined_herpes_viruses
SRR22753505,0,,,,0,,,,0,,,,,0,,,,0,,HHV7,VZV_Ellen
SRR22753505,0,,0,,0,,,,,,,0,,0,,,,,,HHV7,HCMV
SRR22753505,0,,,0,0,,,,,,,,0,0,,,,,,HHV7,HHV6B
SRR22753505,0,,,,0,13,,,,,,,,0,13,,,,,HHV7,HSV1_KOS
SRR22753505,0,,,,0,,,,,10,,,,0,,,,,10,HHV7,combined_herpes_viruses
SRR22753505,0,,0,,,,,,0,,,0,,,,,,0,,VZV_Ellen,HCMV
SRR22753505,0,,,0,,,,,0,,,,0,,,,,0,,VZV_Ellen,HHV6B
SRR22753505,0,,,,,13,,,0,,,,,,13,,,0,,VZV_Ellen,HSV1_KOS
SRR22753505,0,,,,,,,,0,10,,,,,,,,0,10,VZV_Ellen,combined_herpes_viruses
SRR22753505,0,,0,0,,,,,,,,0,0,,,,,,,HCMV,HHV6B
SRR22753505,0,,0,,,13,,,,,,0,,,13,,,,,HCMV,HSV1_KOS
SRR22753505,0,,0,,,,,,,10,,0,,,,,,,10,HCMV,combined_herpes_viruses
SRR22753505,0,,,0,,13,,,,,,,0,,13,,,,,HHV6B,HSV1_KOS
SRR22753505,0,,,0,,,,,,10,,,0,,,,,,10,HHV6B,combined_herpes_viruses
SRR22753505,6,,,,,13,,,,10,,,,,7,,,,4,HSV1_KOS,combined_herpes_viruses
SRR22753505,0,0,,,,,,,,,0,,,,,,,,,EBV,EBV
SRR22753505,3,,,,,,3,,,,,,,,,0,,,,HSV2_StrainG,HSV2_StrainG
SRR22753505,3,,,,,,,3,,,,,,,,,0,,,KSHV,KSHV
SRR22753505,0,,,,0,,,,,,,,,0,,,,,,HHV7,HHV7
SRR22753505,0,,,,,,,,0,,,,,,,,,0,,VZV_Ellen,VZV_Ellen
SRR22753505,0,,0,,,,,,,,,0,,,,,,,,HCMV,HCMV
SRR22753505,0,,,0,,,,,,,,,0,,,,,,,HHV6B,HHV6B
SRR22753505,13,,,,,13,,,,,,,,,0,,,,,HSV1_KOS,HSV1_KOS
SRR22753505,10,,,,,,,,,10,,,,,,,,,0,combined_herpes_viruses,combined_herpes_viruses
SRR22753393,0,,0,,,,,,0,,,0,,,,,,0,,HCMV,VZV_Ellen
SRR22753393,0,,0,,,,0,,,,,0,,,,0,,,,HCMV,HSV2_StrainG
SRR22753393,0,,0,,,126,,,,,,0,,,126,,,,,HCMV,HSV1_KOS
SRR22753393,0,0,0,,,,,,,,0,0,,,,,,,,HCMV,EBV
SRR22753393,0,,0,0,,,,,,,,0,0,,,,,,,HCMV,HHV6B
SRR22753393,0,,0,,,,,,,99,,0,,,,,,,99,HCMV,combined_herpes_viruses
SRR22753393,0,,0,,,,,2,,,,0,,,,,2,,,HCMV,KSHV
SRR22753393,0,,0,,0,,,,,,,0,,0,,,,,,HCMV,HHV7
SRR22753393,0,,,,,,0,,0,,,,,,,0,,0,,VZV_Ellen,HSV2_StrainG
SRR22753393,0,,,,,126,,,0,,,,,,126,,,0,,VZV_Ellen,HSV1_KOS
SRR22753393,0,0,,,,,,,0,,0,,,,,,,0,,VZV_Ellen,EBV
SRR22753393,0,,,0,,,,,0,,,,0,,,,,0,,VZV_Ellen,HHV6B
SRR22753393,0,,,,,,,,0,99,,,,,,,,0,99,VZV_Ellen,combined_herpes_viruses
SRR22753393,0,,,,,,,2,0,,,,,,,,2,0,,VZV_Ellen,KSHV
SRR22753393,0,,,,0,,,,0,,,,,0,,,,0,,VZV_Ellen,HHV7
SRR22753393,0,,,,,126,0,,,,,,,,126,0,,,,HSV2_StrainG,HSV1_KOS
SRR22753393,0,0,,,,,0,,,,0,,,,,0,,,,HSV2_StrainG,EBV
SRR22753393,0,,,0,,,0,,,,,,0,,,0,,,,HSV2_StrainG,HHV6B
SRR22753393,0,,,,,,0,,,99,,,,,,0,,,99,HSV2_StrainG,combined_herpes_viruses
SRR22753393,0,,,,,,0,2,,,,,,,,0,2,,,HSV2_StrainG,KSHV
SRR22753393,0,,,,0,,0,,,,,,,0,,0,,,,HSV2_StrainG,HHV7
SRR22753393,0,0,,,,126,,,,,0,,,,126,,,,,HSV1_KOS,EBV
SRR22753393,0,,,0,,126,,,,,,,0,,126,,,,,HSV1_KOS,HHV6B
SRR22753393,82,,,,,126,,,,99,,,,,44,,,,17,HSV1_KOS,combined_herpes_viruses
SRR22753393,0,,,,,126,,2,,,,,,,126,,2,,,HSV1_KOS,KSHV
SRR22753393,0,,,,0,126,,,,,,,,0,126,,,,,HSV1_KOS,HHV7
SRR22753393,0,0,,0,,,,,,,0,,0,,,,,,,EBV,HHV6B
SRR22753393,0,0,,,,,,,,99,0,,,,,,,,99,EBV,combined_herpes_viruses
SRR22753393,0,0,,,,,,2,,,0,,,,,,2,,,EBV,KSHV
SRR22753393,0,0,,,0,,,,,,0,,,0,,,,,,EBV,HHV7
SRR22753393,0,,,0,,,,,,99,,,0,,,,,,99,HHV6B,combined_herpes_viruses
SRR22753393,0,,,0,,,,2,,,,,0,,,,2,,,HHV6B,KSHV
SRR22753393,0,,,0,0,,,,,,,,0,0,,,,,,HHV6B,HHV7
SRR22753393,1,,,,,,,2,,99,,,,,,,1,,98,combined_herpes_viruses,KSHV
SRR22753393,0,,,,0,,,,,99,,,,0,,,,,99,combined_herpes_viruses,HHV7
SRR22753393,0,,,,0,,,2,,,,,,0,,,2,,,KSHV,HHV7
SRR22753393,0,,0,,,,,,,,,0,,,,,,,,HCMV,HCMV
SRR22753393,0,,,,,,,,0,,,,,,,,,0,,VZV_Ellen,VZV_Ellen
SRR22753393,0,,,,,,0,,,,,,,,,0,,,,HSV2_StrainG,HSV2_StrainG
SRR22753393,126,,,,,126,,,,,,,,,0,,,,,HSV1_KOS,HSV1_KOS
SRR22753393,0,0,,,,,,,,,0,,,,,,,,,EBV,EBV
SRR22753393,0,,,0,,,,,,,,,0,,,,,,,HHV6B,HHV6B
SRR22753393,99,,,,,,,,,99,,,,,,,,,0,combined_herpes_viruses,combined_herpes_viruses
SRR22753393,2,,,,,,,2,,,,,,,,,0,,,KSHV,KSHV
SRR22753393,0,,,,0,,,,,,,,,0,,,,,,HHV7,HHV7
SRR22753404,0,,,2,0,,,,,,,,2,0,,,,,,HHV7,HHV6B
SRR22753404,0,,0,,0,,,,,,,0,,0,,,,,,HHV7,HCMV
SRR22753404,0,,,,0,,4,,,,,,,0,,4,,,,HHV7,HSV2_StrainG
SRR22753404,0,,,,0,,,,,432,,,,0,,,,,432,HHV7,combined_herpes_viruses
SRR22753404,0,,,,0,604,,,,,,,,0,604,,,,,HHV7,HSV1_KOS
SRR22753404,0,,,,0,,,5,,,,,,0,,,5,,,HHV7,KSHV
SRR22753404,0,0,,,0,,,,,,0,,,0,,,,,,HHV7,EBV
SRR22753404,0,,,,0,,,,0,,,,,0,,,,0,,HHV7,VZV_Ellen
SRR22753404,0,,0,2,,,,,,,,0,2,,,,,,,HHV6B,HCMV
SRR22753404,0,,,2,,,4,,,,,,2,,,4,,,,HHV6B,HSV2_StrainG
SRR22753404,0,,,2,,,,,,432,,,2,,,,,,432,HHV6B,combined_herpes_viruses
SRR22753404,0,,,2,,604,,,,,,,2,,604,,,,,HHV6B,HSV1_KOS
SRR22753404,0,,,2,,,,5,,,,,2,,,,5,,,HHV6B,KSHV
SRR22753404,0,0,,2,,,,,,,0,,2,,,,,,,HHV6B,EBV
SRR22753404,0,,,2,,,,,0,,,,2,,,,,0,,HHV6B,VZV_Ellen
SRR22753404,0,,0,,,,4,,,,,0,,,,4,,,,HCMV,HSV2_StrainG
SRR22753404,0,,0,,,,,,,432,,0,,,,,,,432,HCMV,combined_herpes_viruses
SRR22753404,0,,0,,,604,,,,,,0,,,604,,,,,HCMV,HSV1_KOS
SRR22753404,0,,0,,,,,5,,,,0,,,,,5,,,HCMV,KSHV
SRR22753404,0,0,0,,,,,,,,0,0,,,,,,,,HCMV,EBV
SRR22753404,0,,0,,,,,,0,,,0,,,,,,0,,HCMV,VZV_Ellen
SRR22753404,0,,,,,,4,,,432,,,,,,4,,,432,HSV2_StrainG,combined_herpes_viruses
SRR22753404,0,,,,,604,4,,,,,,,,604,4,,,,HSV2_StrainG,HSV1_KOS
SRR22753404,0,,,,,,4,5,,,,,,,,4,5,,,HSV2_StrainG,KSHV
SRR22753404,0,0,,,,,4,,,,0,,,,,4,,,,HSV2_StrainG,EBV
SRR22753404,0,,,,,,4,,0,,,,,,,4,,0,,HSV2_StrainG,VZV_Ellen
SRR22753404,338,,,,,604,,,,432,,,,,266,,,,94,combined_herpes_viruses,HSV1_KOS
SRR22753404,0,,,,,,,5,,432,,,,,,,5,,432,combined_herpes_viruses,KSHV
SRR22753404,0,0,,,,,,,,432,0,,,,,,,,432,combined_herpes_viruses,EBV
SRR22753404,0,,,,,,,,0,432,,,,,,,,0,432,combined_herpes_viruses,VZV_Ellen
SRR22753404,0,,,,,604,,5,,,,,,,604,,5,,,HSV1_KOS,KSHV
SRR22753404,0,0,,,,604,,,,,0,,,,604,,,,,HSV1_KOS,EBV
SRR22753404,0,,,,,604,,,0,,,,,,604,,,0,,HSV1_KOS,VZV_Ellen
SRR22753404,0,0,,,,,,5,,,0,,,,,,5,,,KSHV,EBV
SRR22753404,0,,,,,,,5,0,,,,,,,,5,0,,KSHV,VZV_Ellen
SRR22753404,0,0,,,,,,,0,,0,,,,,,,0,,EBV,VZV_Ellen
SRR22753404,0,,,,0,,,,,,,,,0,,,,,,HHV7,HHV7
SRR22753404,2,,,2,,,,,,,,,0,,,,,,,HHV6B,HHV6B
SRR22753404,0,,0,,,,,,,,,0,,,,,,,,HCMV,HCMV
SRR22753404,4,,,,,,4,,,,,,,,,0,,,,HSV2_StrainG,HSV2_StrainG
SRR22753404,432,,,,,,,,,432,,,,,,,,,0,combined_herpes_viruses,combined_herpes_viruses
SRR22753404,604,,,,,604,,,,,,,,,0,,,,,HSV1_KOS,HSV1_KOS
SRR22753404,5,,,,,,,5,,,,,,,,,0,,,KSHV,KSHV
SRR22753404,0,0,,,,,,,,,0,,,,,,,,,EBV,EBV
SRR22753404,0,,,,,,,,0,,,,,,,,,0,,VZV_Ellen,VZV_Ellen
SRR22753519,0,0,,0,,,,,,,0,,0,,,,,,,HHV6B,EBV
SRR22753519,0,,,0,0,,,,,,,,0,0,,,,,,HHV6B,HHV7
SRR22753519,0,,,0,,,,,0,,,,0,,,,,0,,HHV6B,VZV_Ellen
SRR22753519,0,,0,0,,,,,,,,0,0,,,,,,,HHV6B,HCMV
SRR22753519,0,,,0,,11,,,,,,,0,,11,,,,,HHV6B,HSV1_KOS
SRR22753519,0,,,0,,,,3,,,,,0,,,,3,,,HHV6B,KSHV
SRR22753519,0,,,0,,,,,,10,,,0,,,,,,10,HHV6B,combined_herpes_viruses
SRR22753519,0,,,0,,,5,,,,,,0,,,5,,,,HHV6B,HSV2_StrainG
SRR22753519,0,0,,,0,,,,,,0,,,0,,,,,,EBV,HHV7
SRR22753519,0,0,,,,,,,0,,0,,,,,,,0,,EBV,VZV_Ellen
SRR22753519,0,0,0,,,,,,,,0,0,,,,,,,,EBV,HCMV
SRR22753519,0,0,,,,11,,,,,0,,,,11,,,,,EBV,HSV1_KOS
SRR22753519,0,0,,,,,,3,,,0,,,,,,3,,,EBV,KSHV
SRR22753519,0,0,,,,,,,,10,0,,,,,,,,10,EBV,combined_herpes_viruses
SRR22753519,0,0,,,,,5,,,,0,,,,,5,,,,EBV,HSV2_StrainG
SRR22753519,0,,,,0,,,,0,,,,,0,,,,0,,HHV7,VZV_Ellen
SRR22753519,0,,0,,0,,,,,,,0,,0,,,,,,HHV7,HCMV
SRR22753519,0,,,,0,11,,,,,,,,0,11,,,,,HHV7,HSV1_KOS
SRR22753519,0,,,,0,,,3,,,,,,0,,,3,,,HHV7,KSHV
SRR22753519,0,,,,0,,,,,10,,,,0,,,,,10,HHV7,combined_herpes_viruses
SRR22753519,0,,,,0,,5,,,,,,,0,,5,,,,HHV7,HSV2_StrainG
SRR22753519,0,,0,,,,,,0,,,0,,,,,,0,,VZV_Ellen,HCMV
SRR22753519,0,,,,,11,,,0,,,,,,11,,,0,,VZV_Ellen,HSV1_KOS
SRR22753519,0,,,,,,,3,0,,,,,,,,3,0,,VZV_Ellen,KSHV
SRR22753519,0,,,,,,,,0,10,,,,,,,,0,10,VZV_Ellen,combined_herpes_viruses
SRR22753519,0,,,,,,5,,0,,,,,,,5,,0,,VZV_Ellen,HSV2_StrainG
SRR22753519,0,,0,,,11,,,,,,0,,,11,,,,,HCMV,HSV1_KOS
SRR22753519,0,,0,,,,,3,,,,0,,,,,3,,,HCMV,KSHV
SRR22753519,0,,0,,,,,,,10,,0,,,,,,,10,HCMV,combined_herpes_viruses
SRR22753519,0,,0,,,,5,,,,,0,,,,5,,,,HCMV,HSV2_StrainG
SRR22753519,0,,,,,11,,3,,,,,,,11,,3,,,HSV1_KOS,KSHV
SRR22753519,7,,,,,11,,,,10,,,,,4,,,,3,HSV1_KOS,combined_herpes_viruses
SRR22753519,0,,,,,11,5,,,,,,,,11,5,,,,HSV1_KOS,HSV2_StrainG
SRR22753519,0,,,,,,,3,,10,,,,,,,3,,10,KSHV,combined_herpes_viruses
SRR22753519,0,,,,,,5,3,,,,,,,,5,3,,,KSHV,HSV2_StrainG
SRR22753519,0,,,,,,5,,,10,,,,,,5,,,10,combined_herpes_viruses,HSV2_StrainG
SRR22753519,0,,,0,,,,,,,,,0,,,,,,,HHV6B,HHV6B
SRR22753519,0,0,,,,,,,,,0,,,,,,,,,EBV,EBV
SRR22753519,0,,,,0,,,,,,,,,0,,,,,,HHV7,HHV7
SRR22753519,0,,,,,,,,0,,,,,,,,,0,,VZV_Ellen,VZV_Ellen
SRR22753519,0,,0,,,,,,,,,0,,,,,,,,HCMV,HCMV
SRR22753519,11,,,,,11,,,,,,,,,0,,,,,HSV1_KOS,HSV1_KOS
SRR22753519,3,,,,,,,3,,,,,,,,,0,,,KSHV,KSHV
SRR22753519,10,,,,,,,,,10,,,,,,,,,0,combined_herpes_viruses,combined_herpes_viruses
SRR22753519,5,,,,,,5,,,,,,,,,0,,,,HSV2_StrainG,HSV2_StrainG
SRR22753448,0,,,,,15,,,0,,,,,,15,,,0,,HSV1_KOS,VZV_Ellen
SRR22753448,0,,,1,,15,,,,,,,1,,15,,,,,HSV1_KOS,HHV6B
SRR22753448,0,,,,1,15,,,,,,,,1,15,,,,,HSV1_KOS,HHV7
SRR22753448,0,,0,,,15,,,,,,0,,,15,,,,,HSV1_KOS,HCMV
SRR22753448,0,,,,,15,0,,,,,,,,15,0,,,,HSV1_KOS,HSV2_StrainG
SRR22753448,0,,,,,15,,6,,,,,,,15,,6,,,HSV1_KOS,KSHV
SRR22753448,0,0,,,,15,,,,,0,,,,15,,,,,HSV1_KOS,EBV
SRR22753448,6,,,,,15,,,,12,,,,,9,,,,6,HSV1_KOS,combined_herpes_viruses
SRR22753448,0,,,1,,,,,0,,,,1,,,,,0,,VZV_Ellen,HHV6B
SRR22753448,0,,,,1,,,,0,,,,,1,,,,0,,VZV_Ellen,HHV7
SRR22753448,0,,0,,,,,,0,,,0,,,,,,0,,VZV_Ellen,HCMV
SRR22753448,0,,,,,,0,,0,,,,,,,0,,0,,VZV_Ellen,HSV2_StrainG
SRR22753448,0,,,,,,,6,0,,,,,,,,6,0,,VZV_Ellen,KSHV
SRR22753448,0,0,,,,,,,0,,0,,,,,,,0,,VZV_Ellen,EBV
SRR22753448,0,,,,,,,,0,12,,,,,,,,0,12,VZV_Ellen,combined_herpes_viruses
SRR22753448,0,,,1,1,,,,,,,,1,1,,,,,,HHV6B,HHV7
SRR22753448,0,,0,1,,,,,,,,0,1,,,,,,,HHV6B,HCMV
SRR22753448,0,,,1,,,0,,,,,,1,,,0,,,,HHV6B,HSV2_StrainG
SRR22753448,0,,,1,,,,6,,,,,1,,,,6,,,HHV6B,KSHV
SRR22753448,0,0,,1,,,,,,,0,,1,,,,,,,HHV6B,EBV
SRR22753448,0,,,1,,,,,,12,,,1,,,,,,12,HHV6B,combined_herpes_viruses
SRR22753448,0,,0,,1,,,,,,,0,,1,,,,,,HHV7,HCMV
SRR22753448,0,,,,1,,0,,,,,,,1,,0,,,,HHV7,HSV2_StrainG
SRR22753448,0,,,,1,,,6,,,,,,1,,,6,,,HHV7,KSHV
SRR22753448,0,0,,,1,,,,,,0,,,1,,,,,,HHV7,EBV
SRR22753448,1,,,,1,,,,,12,,,,0,,,,,11,HHV7,combined_herpes_viruses
SRR22753448,0,,0,,,,0,,,,,0,,,,0,,,,HCMV,HSV2_StrainG
SRR22753448,0,,0,,,,,6,,,,0,,,,,6,,,HCMV,KSHV
SRR22753448,0,0,0,,,,,,,,0,0,,,,,,,,HCMV,EBV
SRR22753448,0,,0,,,,,,,12,,0,,,,,,,12,HCMV,combined_herpes_viruses
SRR22753448,0,,,,,,0,6,,,,,,,,0,6,,,HSV2_StrainG,KSHV
SRR22753448,0,0,,,,,0,,,,0,,,,,0,,,,HSV2_StrainG,EBV
SRR22753448,0,,,,,,0,,,12,,,,,,0,,,12,HSV2_StrainG,combined_herpes_viruses
SRR22753448,0,0,,,,,,6,,,0,,,,,,6,,,KSHV,EBV
SRR22753448,2,,,,,,,6,,12,,,,,,,4,,10,KSHV,combined_herpes_viruses
SRR22753448,0,0,,,,,,,,12,0,,,,,,,,12,EBV,combined_herpes_viruses
SRR22753448,15,,,,,15,,,,,,,,,0,,,,,HSV1_KOS,HSV1_KOS
SRR22753448,0,,,,,,,,0,,,,,,,,,0,,VZV_Ellen,VZV_Ellen
SRR22753448,1,,,1,,,,,,,,,0,,,,,,,HHV6B,HHV6B
SRR22753448,1,,,,1,,,,,,,,,0,,,,,,HHV7,HHV7
SRR22753448,0,,0,,,,,,,,,0,,,,,,,,HCMV,HCMV
SRR22753448,0,,,,,,0,,,,,,,,,0,,,,HSV2_StrainG,HSV2_StrainG
SRR22753448,6,,,,,,,6,,,,,,,,,0,,,KSHV,KSHV
SRR22753448,0,0,,,,,,,,,0,,,,,,,,,EBV,EBV
SRR22753448,12,,,,,,,,,12,,,,,,,,,0,combined_herpes_viruses,combined_herpes_viruses
SRR22753402,0,0,,1,,,,,,,0,,1,,,,,,,HHV6B,EBV
SRR22753402,0,,,1,,,1,,,,,,1,,,1,,,,HHV6B,HSV2_StrainG
SRR22753402,0,,,1,0,,,,,,,,1,0,,,,,,HHV6B,HHV7
SRR22753402,0,,,1,,,,,,119,,,1,,,,,,119,HHV6B,combined_herpes_viruses
SRR22753402,0,,0,1,,,,,,,,0,1,,,,,,,HHV6B,HCMV
SRR22753402,0,,,1,,,,,0,,,,1,,,,,0,,HHV6B,VZV_Ellen
SRR22753402,0,,,1,,,,1,,,,,1,,,,1,,,HHV6B,KSHV
SRR22753402,0,,,1,,170,,,,,,,1,,170,,,,,HHV6B,HSV1_KOS
SRR22753402,0,0,,,,,1,,,,0,,,,,1,,,,EBV,HSV2_StrainG
SRR22753402,0,0,,,0,,,,,,0,,,0,,,,,,EBV,HHV7
SRR22753402,0,0,,,,,,,,119,0,,,,,,,,119,EBV,combined_herpes_viruses
SRR22753402,0,0,0,,,,,,,,0,0,,,,,,,,EBV,HCMV
SRR22753402,0,0,,,,,,,0,,0,,,,,,,0,,EBV,VZV_Ellen
SRR22753402,0,0,,,,,,1,,,0,,,,,,1,,,EBV,KSHV
SRR22753402,0,0,,,,170,,,,,0,,,,170,,,,,EBV,HSV1_KOS
SRR22753402,0,,,,0,,1,,,,,,,0,,1,,,,HSV2_StrainG,HHV7
SRR22753402,0,,,,,,1,,,119,,,,,,1,,,119,HSV2_StrainG,combined_herpes_viruses
SRR22753402,0,,0,,,,1,,,,,0,,,,1,,,,HSV2_StrainG,HCMV
SRR22753402,0,,,,,,1,,0,,,,,,,1,,0,,HSV2_StrainG,VZV_Ellen
SRR22753402,0,,,,,,1,1,,,,,,,,1,1,,,HSV2_StrainG,KSHV
SRR22753402,0,,,,,170,1,,,,,,,,170,1,,,,HSV2_StrainG,HSV1_KOS
SRR22753402,0,,,,0,,,,,119,,,,0,,,,,119,HHV7,combined_herpes_viruses
SRR22753402,0,,0,,0,,,,,,,0,,0,,,,,,HHV7,HCMV
SRR22753402,0,,,,0,,,,0,,,,,0,,,,0,,HHV7,VZV_Ellen
SRR22753402,0,,,,0,,,1,,,,,,0,,,1,,,HHV7,KSHV
SRR22753402,0,,,,0,170,,,,,,,,0,170,,,,,HHV7,HSV1_KOS
SRR22753402,0,,0,,,,,,,119,,0,,,,,,,119,combined_herpes_viruses,HCMV
SRR22753402,0,,,,,,,,0,119,,,,,,,,0,119,combined_herpes_viruses,VZV_Ellen
SRR22753402,0,,,,,,,1,,119,,,,,,,1,,119,combined_herpes_viruses,KSHV
SRR22753402,92,,,,,170,,,,119,,,,,78,,,,27,combined_herpes_viruses,HSV1_KOS
SRR22753402,0,,0,,,,,,0,,,0,,,,,,0,,HCMV,VZV_Ellen
SRR22753402,0,,0,,,,,1,,,,0,,,,,1,,,HCMV,KSHV
SRR22753402,0,,0,,,170,,,,,,0,,,170,,,,,HCMV,HSV1_KOS
SRR22753402,0,,,,,,,1,0,,,,,,,,1,0,,VZV_Ellen,KSHV
SRR22753402,0,,,,,170,,,0,,,,,,170,,,0,,VZV_Ellen,HSV1_KOS
SRR22753402,0,,,,,170,,1,,,,,,,170,,1,,,KSHV,HSV1_KOS
SRR22753402,1,,,1,,,,,,,,,0,,,,,,,HHV6B,HHV6B
SRR22753402,0,0,,,,,,,,,0,,,,,,,,,EBV,EBV
SRR22753402,1,,,,,,1,,,,,,,,,0,,,,HSV2_StrainG,HSV2_StrainG
SRR22753402,0,,,,0,,,,,,,,,0,,,,,,HHV7,HHV7
SRR22753402,119,,,,,,,,,119,,,,,,,,,0,combined_herpes_viruses,combined_herpes_viruses
SRR22753402,0,,0,,,,,,,,,0,,,,,,,,HCMV,HCMV
SRR22753402,0,,,,,,,,0,,,,,,,,,0,,VZV_Ellen,VZV_Ellen
SRR22753402,1,,,,,,,1,,,,,,,,,0,,,KSHV,KSHV
SRR22753402,170,,,,,170,,,,,,,,,0,,,,,HSV1_KOS,HSV1_KOS
SRR22753515,1,,,2,,,,5,,,,,1,,,,4,,,HHV6B,KSHV
SRR22753515,0,0,,2,,,,,,,0,,2,,,,,,,HHV6B,EBV
SRR22753515,0,,0,2,,,,,,,,0,2,,,,,,,HHV6B,HCMV
SRR22753515,0,,,2,0,,,,,,,,2,0,,,,,,HHV6B,HHV7
SRR22753515,0,,,2,,7,,,,,,,2,,7,,,,,HHV6B,HSV1_KOS
SRR22753515,0,,,2,,,,,0,,,,2,,,,,0,,HHV6B,VZV_Ellen
SRR22753515,0,,,2,,,,,,7,,,2,,,,,,7,HHV6B,combined_herpes_viruses
SRR22753515,0,,,2,,,2,,,,,,2,,,2,,,,HHV6B,HSV2_StrainG
SRR22753515,0,0,,,,,,5,,,0,,,,,,5,,,KSHV,EBV
SRR22753515,0,,0,,,,,5,,,,0,,,,,5,,,KSHV,HCMV
SRR22753515,0,,,,0,,,5,,,,,,0,,,5,,,KSHV,HHV7
SRR22753515,0,,,,,7,,5,,,,,,,7,,5,,,KSHV,HSV1_KOS
SRR22753515,0,,,,,,,5,0,,,,,,,,5,0,,KSHV,VZV_Ellen
SRR22753515,0,,,,,,,5,,7,,,,,,,5,,7,KSHV,combined_herpes_viruses
SRR22753515,0,,,,,,2,5,,,,,,,,2,5,,,KSHV,HSV2_StrainG
SRR22753515,0,0,0,,,,,,,,0,0,,,,,,,,EBV,HCMV
SRR22753515,0,0,,,0,,,,,,0,,,0,,,,,,EBV,HHV7
SRR22753515,0,0,,,,7,,,,,0,,,,7,,,,,EBV,HSV1_KOS
SRR22753515,0,0,,,,,,,0,,0,,,,,,,0,,EBV,VZV_Ellen
SRR22753515,0,0,,,,,,,,7,0,,,,,,,,7,EBV,combined_herpes_viruses
SRR22753515,0,0,,,,,2,,,,0,,,,,2,,,,EBV,HSV2_StrainG
SRR22753515,0,,0,,0,,,,,,,0,,0,,,,,,HCMV,HHV7
SRR22753515,0,,0,,,7,,,,,,0,,,7,,,,,HCMV,HSV1_KOS
SRR22753515,0,,0,,,,,,0,,,0,,,,,,0,,HCMV,VZV_Ellen
SRR22753515,0,,0,,,,,,,7,,0,,,,,,,7,HCMV,combined_herpes_viruses
SRR22753515,0,,0,,,,2,,,,,0,,,,2,,,,HCMV,HSV2_StrainG
SRR22753515,0,,,,0,7,,,,,,,,0,7,,,,,HHV7,HSV1_KOS
SRR22753515,0,,,,0,,,,0,,,,,0,,,,0,,HHV7,VZV_Ellen
SRR22753515,0,,,,0,,,,,7,,,,0,,,,,7,HHV7,combined_herpes_viruses
SRR22753515,0,,,,0,,2,,,,,,,0,,2,,,,HHV7,HSV2_StrainG
SRR22753515,0,,,,,7,,,0,,,,,,7,,,0,,HSV1_KOS,VZV_Ellen
SRR22753515,3,,,,,7,,,,7,,,,,4,,,,4,HSV1_KOS,combined_herpes_viruses
SRR22753515,0,,,,,7,2,,,,,,,,7,2,,,,HSV1_KOS,HSV2_StrainG
SRR22753515,0,,,,,,,,0,7,,,,,,,,0,7,VZV_Ellen,combined_herpes_viruses
SRR22753515,0,,,,,,2,,0,,,,,,,2,,0,,VZV_Ellen,HSV2_StrainG
SRR22753515,0,,,,,,2,,,7,,,,,,2,,,7,combined_herpes_viruses,HSV2_StrainG
SRR22753515,2,,,2,,,,,,,,,0,,,,,,,HHV6B,HHV6B
SRR22753515,5,,,,,,,5,,,,,,,,,0,,,KSHV,KSHV
SRR22753515,0,0,,,,,,,,,0,,,,,,,,,EBV,EBV
SRR22753515,0,,0,,,,,,,,,0,,,,,,,,HCMV,HCMV
SRR22753515,0,,,,0,,,,,,,,,0,,,,,,HHV7,HHV7
SRR22753515,7,,,,,7,,,,,,,,,0,,,,,HSV1_KOS,HSV1_KOS
SRR22753515,0,,,,,,,,0,,,,,,,,,0,,VZV_Ellen,VZV_Ellen
SRR22753515,7,,,,,,,,,7,,,,,,,,,0,combined_herpes_viruses,combined_herpes_viruses
SRR22753515,2,,,,,,2,,,,,,,,,0,,,,HSV2_StrainG,HSV2_StrainG
SRR22753368,0,0,,,,,,,,83,0,,,,,,,,83,EBV,combined_herpes_viruses
SRR22753368,0,0,,,,,,4,,,0,,,,,,4,,,EBV,KSHV
SRR22753368,0,0,1,,,,,,,,0,1,,,,,,,,EBV,HCMV
SRR22753368,0,0,,,0,,,,,,0,,,0,,,,,,EBV,HHV7
SRR22753368,0,0,,1,,,,,,,0,,1,,,,,,,EBV,HHV6B
SRR22753368,0,0,,,,123,,,,,0,,,,123,,,,,EBV,HSV1_KOS
SRR22753368,0,0,,,,,,,0,,0,,,,,,,0,,EBV,VZV_Ellen
SRR22753368,0,0,,,,,3,,,,0,,,,,3,,,,EBV,HSV2_StrainG
SRR22753368,0,,,,,,,4,,83,,,,,,,4,,83,combined_herpes_viruses,KSHV
SRR22753368,0,,1,,,,,,,83,,1,,,,,,,83,combined_herpes_viruses,HCMV
SRR22753368,0,,,,0,,,,,83,,,,0,,,,,83,combined_herpes_viruses,HHV7
SRR22753368,1,,,1,,,,,,83,,,0,,,,,,82,combined_herpes_viruses,HHV6B
SRR22753368,66,,,,,123,,,,83,,,,,57,,,,17,combined_herpes_viruses,HSV1_KOS
SRR22753368,0,,,,,,,,0,83,,,,,,,,0,83,combined_herpes_viruses,VZV_Ellen
SRR22753368,0,,,,,,3,,,83,,,,,,3,,,83,combined_herpes_viruses,HSV2_StrainG
SRR22753368,0,,1,,,,,4,,,,1,,,,,4,,,KSHV,HCMV
SRR22753368,0,,,,0,,,4,,,,,,0,,,4,,,KSHV,HHV7
SRR22753368,0,,,1,,,,4,,,,,1,,,,4,,,KSHV,HHV6B
SRR22753368,0,,,,,123,,4,,,,,,,123,,4,,,KSHV,HSV1_KOS
SRR22753368,0,,,,,,,4,0,,,,,,,,4,0,,KSHV,VZV_Ellen
SRR22753368,0,,,,,,3,4,,,,,,,,3,4,,,KSHV,HSV2_StrainG
SRR22753368,0,,1,,0,,,,,,,1,,0,,,,,,HCMV,HHV7
SRR22753368,0,,1,1,,,,,,,,1,1,,,,,,,HCMV,HHV6B
SRR22753368,0,,1,,,123,,,,,,1,,,123,,,,,HCMV,HSV1_KOS
SRR22753368,0,,1,,,,,,0,,,1,,,,,,0,,HCMV,VZV_Ellen
SRR22753368,0,,1,,,,3,,,,,1,,,,3,,,,HCMV,HSV2_StrainG
SRR22753368,0,,,1,0,,,,,,,,1,0,,,,,,HHV7,HHV6B
SRR22753368,0,,,,0,123,,,,,,,,0,123,,,,,HHV7,HSV1_KOS
SRR22753368,0,,,,0,,,,0,,,,,0,,,,0,,HHV7,VZV_Ellen
SRR22753368,0,,,,0,,3,,,,,,,0,,3,,,,HHV7,HSV2_StrainG
SRR22753368,0,,,1,,123,,,,,,,1,,123,,,,,HHV6B,HSV1_KOS
SRR22753368,0,,,1,,,,,0,,,,1,,,,,0,,HHV6B,VZV_Ellen
SRR22753368,0,,,1,,,3,,,,,,1,,,3,,,,HHV6B,HSV2_StrainG
SRR22753368,0,,,,,123,,,0,,,,,,123,,,0,,HSV1_KOS,VZV_Ellen
SRR22753368,0,,,,,123,3,,,,,,,,123,3,,,,HSV1_KOS,HSV2_StrainG
SRR22753368,0,,,,,,3,,0,,,,,,,3,,0,,VZV_Ellen,HSV2_StrainG
SRR22753368,0,0,,,,,,,,,0,,,,,,,,,EBV,EBV
SRR22753368,83,,,,,,,,,83,,,,,,,,,0,combined_herpes_viruses,combined_herpes_viruses
SRR22753368,4,,,,,,,4,,,,,,,,,0,,,KSHV,KSHV
SRR22753368,1,,1,,,,,,,,,0,,,,,,,,HCMV,HCMV
SRR22753368,0,,,,0,,,,,,,,,0,,,,,,HHV7,HHV7
SRR22753368,1,,,1,,,,,,,,,0,,,,,,,HHV6B,HHV6B
SRR22753368,123,,,,,123,,,,,,,,,0,,,,,HSV1_KOS,HSV1_KOS
SRR22753368,0,,,,,,,,0,,,,,,,,,0,,VZV_Ellen,VZV_Ellen
SRR22753368,3,,,,,,3,,,,,,,,,0,,,,HSV2_StrainG,HSV2_StrainG
SRR22753396,0,,0,,,,31,,,,,0,,,,31,,,,HSV2_StrainG,HCMV
SRR22753396,0,0,,,,,31,,,,0,,,,,31,,,,HSV2_StrainG,EBV
SRR22753396,0,,,,0,,31,,,,,,,0,,31,,,,HSV2_StrainG,HHV7
SRR22753396,0,,,,,,31,,0,,,,,,,31,,0,,HSV2_StrainG,VZV_Ellen
SRR22753396,0,,,,,38,31,,,,,,,,38,31,,,,HSV2_StrainG,HSV1_KOS
SRR22753396,0,,,,,,31,40,,,,,,,,31,40,,,HSV2_StrainG,KSHV
SRR22753396,0,,,0,,,31,,,,,,0,,,31,,,,HSV2_StrainG,HHV6B
SRR22753396,1,,,,,,31,,,27,,,,,,30,,,26,HSV2_StrainG,combined_herpes_viruses
SRR22753396,0,0,0,,,,,,,,0,0,,,,,,,,HCMV,EBV
SRR22753396,0,,0,,0,,,,,,,0,,0,,,,,,HCMV,HHV7
SRR22753396,0,,0,,,,,,0,,,0,,,,,,0,,HCMV,VZV_Ellen
SRR22753396,0,,0,,,38,,,,,,0,,,38,,,,,HCMV,HSV1_KOS
SRR22753396,0,,0,,,,,40,,,,0,,,,,40,,,HCMV,KSHV
SRR22753396,0,,0,0,,,,,,,,0,0,,,,,,,HCMV,HHV6B
SRR22753396,0,,0,,,,,,,27,,0,,,,,,,27,HCMV,combined_herpes_viruses
SRR22753396,0,0,,,0,,,,,,0,,,0,,,,,,EBV,HHV7
SRR22753396,0,0,,,,,,,0,,0,,,,,,,0,,EBV,VZV_Ellen
SRR22753396,0,0,,,,38,,,,,0,,,,38,,,,,EBV,HSV1_KOS
SRR22753396,0,0,,,,,,40,,,0,,,,,,40,,,EBV,KSHV
SRR22753396,0,0,,0,,,,,,,0,,0,,,,,,,EBV,HHV6B
SRR22753396,0,0,,,,,,,,27,0,,,,,,,,27,EBV,combined_herpes_viruses
SRR22753396,0,,,,0,,,,0,,,,,0,,,,0,,HHV7,VZV_Ellen
SRR22753396,0,,,,0,38,,,,,,,,0,38,,,,,HHV7,HSV1_KOS
SRR22753396,0,,,,0,,,40,,,,,,0,,,40,,,HHV7,KSHV
SRR22753396,0,,,0,0,,,,,,,,0,0,,,,,,HHV7,HHV6B
SRR22753396,0,,,,0,,,,,27,,,,0,,,,,27,HHV7,combined_herpes_viruses
SRR22753396,0,,,,,38,,,0,,,,,,38,,,0,,VZV_Ellen,HSV1_KOS
SRR22753396,0,,,,,,,40,0,,,,,,,,40,0,,VZV_Ellen,KSHV
SRR22753396,0,,,0,,,,,0,,,,0,,,,,0,,VZV_Ellen,HHV6B
SRR22753396,0,,,,,,,,0,27,,,,,,,,0,27,VZV_Ellen,combined_herpes_viruses
SRR22753396,0,,,,,38,,40,,,,,,,38,,40,,,HSV1_KOS,KSHV
SRR22753396,0,,,0,,38,,,,,,,0,,38,,,,,HSV1_KOS,HHV6B
SRR22753396,17,,,,,38,,,,27,,,,,21,,,,10,HSV1_KOS,combined_herpes_viruses
SRR22753396,0,,,0,,,,40,,,,,0,,,,40,,,KSHV,HHV6B
SRR22753396,5,,,,,,,40,,27,,,,,,,35,,22,KSHV,combined_herpes_viruses
SRR22753396,0,,,0,,,,,,27,,,0,,,,,,27,HHV6B,combined_herpes_viruses
SRR22753396,31,,,,,,31,,,,,,,,,0,,,,HSV2_StrainG,HSV2_StrainG
SRR22753396,0,,0,,,,,,,,,0,,,,,,,,HCMV,HCMV
SRR22753396,0,0,,,,,,,,,0,,,,,,,,,EBV,EBV
SRR22753396,0,,,,0,,,,,,,,,0,,,,,,HHV7,HHV7
SRR22753396,0,,,,,,,,0,,,,,,,,,0,,VZV_Ellen,VZV_Ellen
SRR22753396,38,,,,,38,,,,,,,,,0,,,,,HSV1_KOS,HSV1_KOS
SRR22753396,40,,,,,,,40,,,,,,,,,0,,,KSHV,KSHV
SRR22753396,0,,,0,,,,,,,,,0,,,,,,,HHV6B,HHV6B
SRR22753396,27,,,,,,,,,27,,,,,,,,,0,combined_herpes_viruses,combined_herpes_viruses
SRR22753558,0,,0,,,,,3,,,,0,,,,,3,,,HCMV,KSHV
SRR22753558,0,,0,,,,,,,3,,0,,,,,,,3,HCMV,combined_herpes_viruses
SRR22753558,0,,0,,,3,,,,,,0,,,3,,,,,HCMV,HSV1_KOS
SRR22753558,0,,0,,,,6,,,,,0,,,,6,,,,HCMV,HSV2_StrainG
SRR22753558,0,0,0,,,,,,,,0,0,,,,,,,,HCMV,EBV
SRR22753558,0,,0,0,,,,,,,,0,0,,,,,,,HCMV,HHV6B
SRR22753558,0,,0,,,,,,0,,,0,,,,,,0,,HCMV,VZV_Ellen
SRR22753558,0,,0,,0,,,,,,,0,,0,,,,,,HCMV,HHV7
SRR22753558,1,,,,,,,3,,3,,,,,,,2,,2,KSHV,combined_herpes_viruses
SRR22753558,0,,,,,3,,3,,,,,,,3,,3,,,KSHV,HSV1_KOS
SRR22753558,0,,,,,,6,3,,,,,,,,6,3,,,KSHV,HSV2_StrainG
SRR22753558,0,0,,,,,,3,,,0,,,,,,3,,,KSHV,EBV
SRR22753558,0,,,0,,,,3,,,,,0,,,,3,,,KSHV,HHV6B
SRR22753558,0,,,,,,,3,0,,,,,,,,3,0,,KSHV,VZV_Ellen
SRR22753558,0,,,,0,,,3,,,,,,0,,,3,,,KSHV,HHV7
SRR22753558,1,,,,,3,,,,3,,,,,2,,,,2,combined_herpes_viruses,HSV1_KOS
SRR22753558,1,,,,,,6,,,3,,,,,,5,,,2,combined_herpes_viruses,HSV2_StrainG
SRR22753558,0,0,,,,,,,,3,0,,,,,,,,3,combined_herpes_viruses,EBV
SRR22753558,0,,,0,,,,,,3,,,0,,,,,,3,combined_herpes_viruses,HHV6B
SRR22753558,0,,,,,,,,0,3,,,,,,,,0,3,combined_herpes_viruses,VZV_Ellen
SRR22753558,0,,,,0,,,,,3,,,,0,,,,,3,combined_herpes_viruses,HHV7
SRR22753558,0,,,,,3,6,,,,,,,,3,6,,,,HSV1_KOS,HSV2_StrainG
SRR22753558,0,0,,,,3,,,,,0,,,,3,,,,,HSV1_KOS,EBV
SRR22753558,0,,,0,,3,,,,,,,0,,3,,,,,HSV1_KOS,HHV6B
SRR22753558,0,,,,,3,,,0,,,,,,3,,,0,,HSV1_KOS,VZV_Ellen
SRR22753558,0,,,,0,3,,,,,,,,0,3,,,,,HSV1_KOS,HHV7
SRR22753558,0,0,,,,,6,,,,0,,,,,6,,,,HSV2_StrainG,EBV
SRR22753558,0,,,0,,,6,,,,,,0,,,6,,,,HSV2_StrainG,HHV6B
SRR22753558,0,,,,,,6,,0,,,,,,,6,,0,,HSV2_StrainG,VZV_Ellen
SRR22753558,0,,,,0,,6,,,,,,,0,,6,,,,HSV2_StrainG,HHV7
SRR22753558,0,0,,0,,,,,,,0,,0,,,,,,,EBV,HHV6B
SRR22753558,0,0,,,,,,,0,,0,,,,,,,0,,EBV,VZV_Ellen
SRR22753558,0,0,,,0,,,,,,0,,,0,,,,,,EBV,HHV7
SRR22753558,0,,,0,,,,,0,,,,0,,,,,0,,HHV6B,VZV_Ellen
SRR22753558,0,,,0,0,,,,,,,,0,0,,,,,,HHV6B,HHV7
SRR22753558,0,,,,0,,,,0,,,,,0,,,,0,,VZV_Ellen,HHV7
SRR22753558,0,,0,,,,,,,,,0,,,,,,,,HCMV,HCMV
SRR22753558,3,,,,,,,3,,,,,,,,,0,,,KSHV,KSHV
SRR22753558,3,,,,,,,,,3,,,,,,,,,0,combined_herpes_viruses,combined_herpes_viruses
SRR22753558,3,,,,,3,,,,,,,,,0,,,,,HSV1_KOS,HSV1_KOS
SRR22753558,6,,,,,,6,,,,,,,,,0,,,,HSV2_StrainG,HSV2_StrainG
SRR22753558,0,0,,,,,,,,,0,,,,,,,,,EBV,EBV
SRR22753558,0,,,0,,,,,,,,,0,,,,,,,HHV6B,HHV6B
SRR22753558,0,,,,,,,,0,,,,,,,,,0,,VZV_Ellen,VZV_Ellen
SRR22753558,0,,,,0,,,,,,,,,0,,,,,,HHV7,HHV7
SRR22753512,0,,0,,,,,,,7,,0,,,,,,,7,combined_herpes_viruses,HCMV
SRR22753512,0,,,,0,,,,,7,,,,0,,,,,7,combined_herpes_viruses,HHV7
SRR22753512,1,,,,,,,4,,7,,,,,,,3,,6,combined_herpes_viruses,KSHV
SRR22753512,5,,,,,10,,,,7,,,,,5,,,,2,combined_herpes_viruses,HSV1_KOS
SRR22753512,0,,,,,,,,0,7,,,,,,,,0,7,combined_herpes_viruses,VZV_Ellen
SRR22753512,0,0,,,,,,,,7,0,,,,,,,,7,combined_herpes_viruses,EBV
SRR22753512,1,,,,,,2,,,7,,,,,,1,,,6,combined_herpes_viruses,HSV2_StrainG
SRR22753512,0,,,0,,,,,,7,,,0,,,,,,7,combined_herpes_viruses,HHV6B
SRR22753512,0,,0,,0,,,,,,,0,,0,,,,,,HCMV,HHV7
SRR22753512,0,,0,,,,,4,,,,0,,,,,4,,,HCMV,KSHV
SRR22753512,0,,0,,,10,,,,,,0,,,10,,,,,HCMV,HSV1_KOS
SRR22753512,0,,0,,,,,,0,,,0,,,,,,0,,HCMV,VZV_Ellen
SRR22753512,0,0,0,,,,,,,,0,0,,,,,,,,HCMV,EBV
SRR22753512,0,,0,,,,2,,,,,0,,,,2,,,,HCMV,HSV2_StrainG
SRR22753512,0,,0,0,,,,,,,,0,0,,,,,,,HCMV,HHV6B
SRR22753512,0,,,,0,,,4,,,,,,0,,,4,,,HHV7,KSHV
SRR22753512,0,,,,0,10,,,,,,,,0,10,,,,,HHV7,HSV1_KOS
SRR22753512,0,,,,0,,,,0,,,,,0,,,,0,,HHV7,VZV_Ellen
SRR22753512,0,0,,,0,,,,,,0,,,0,,,,,,HHV7,EBV
SRR22753512,0,,,,0,,2,,,,,,,0,,2,,,,HHV7,HSV2_StrainG
SRR22753512,0,,,0,0,,,,,,,,0,0,,,,,,HHV7,HHV6B
SRR22753512,0,,,,,10,,4,,,,,,,10,,4,,,KSHV,HSV1_KOS
SRR22753512,0,,,,,,,4,0,,,,,,,,4,0,,KSHV,VZV_Ellen
SRR22753512,0,0,,,,,,4,,,0,,,,,,4,,,KSHV,EBV
SRR22753512,0,,,,,,2,4,,,,,,,,2,4,,,KSHV,HSV2_StrainG
SRR22753512,0,,,0,,,,4,,,,,0,,,,4,,,KSHV,HHV6B
SRR22753512,0,,,,,10,,,0,,,,,,10,,,0,,HSV1_KOS,VZV_Ellen
SRR22753512,0,0,,,,10,,,,,0,,,,10,,,,,HSV1_KOS,EBV
SRR22753512,0,,,,,10,2,,,,,,,,10,2,,,,HSV1_KOS,HSV2_StrainG
SRR22753512,0,,,0,,10,,,,,,,0,,10,,,,,HSV1_KOS,HHV6B
SRR22753512,0,0,,,,,,,0,,0,,,,,,,0,,VZV_Ellen,EBV
SRR22753512,0,,,,,,2,,0,,,,,,,2,,0,,VZV_Ellen,HSV2_StrainG
SRR22753512,0,,,0,,,,,0,,,,0,,,,,0,,VZV_Ellen,HHV6B
SRR22753512,0,0,,,,,2,,,,0,,,,,2,,,,EBV,HSV2_StrainG
SRR22753512,0,0,,0,,,,,,,0,,0,,,,,,,EBV,HHV6B
SRR22753512,0,,,0,,,2,,,,,,0,,,2,,,,HSV2_StrainG,HHV6B
SRR22753512,7,,,,,,,,,7,,,,,,,,,0,combined_herpes_viruses,combined_herpes_viruses
SRR22753512,0,,0,,,,,,,,,0,,,,,,,,HCMV,HCMV
SRR22753512,0,,,,0,,,,,,,,,0,,,,,,HHV7,HHV7
SRR22753512,4,,,,,,,4,,,,,,,,,0,,,KSHV,KSHV
SRR22753512,10,,,,,10,,,,,,,,,0,,,,,HSV1_KOS,HSV1_KOS
SRR22753512,0,,,,,,,,0,,,,,,,,,0,,VZV_Ellen,VZV_Ellen
SRR22753512,0,0,,,,,,,,,0,,,,,,,,,EBV,EBV
SRR22753512,2,,,,,,2,,,,,,,,,0,,,,HSV2_StrainG,HSV2_StrainG
SRR22753512,0,,,0,,,,,,,,,0,,,,,,,HHV6B,HHV6B
SRR22753569,0,,,,0,14,,,,,,,,0,14,,,,,HSV1_KOS,HHV7
SRR22753569,0,,,,,14,,8,,,,,,,14,,8,,,HSV1_KOS,KSHV
SRR22753569,0,,,0,,14,,,,,,,0,,14,,,,,HSV1_KOS,HHV6B
SRR22753569,0,0,,,,14,,,,,0,,,,14,,,,,HSV1_KOS,EBV
SRR22753569,0,,0,,,14,,,,,,0,,,14,,,,,HSV1_KOS,HCMV
SRR22753569,0,,,,,14,,,0,,,,,,14,,,0,,HSV1_KOS,VZV_Ellen
SRR22753569,0,,,,,14,4,,,,,,,,14,4,,,,HSV1_KOS,HSV2_StrainG
SRR22753569,7,,,,,14,,,,14,,,,,7,,,,7,HSV1_KOS,combined_herpes_viruses
SRR22753569,0,,,,0,,,8,,,,,,0,,,8,,,HHV7,KSHV
SRR22753569,0,,,0,0,,,,,,,,0,0,,,,,,HHV7,HHV6B
SRR22753569,0,0,,,0,,,,,,0,,,0,,,,,,HHV7,EBV
SRR22753569,0,,0,,0,,,,,,,0,,0,,,,,,HHV7,HCMV
SRR22753569,0,,,,0,,,,0,,,,,0,,,,0,,HHV7,VZV_Ellen
SRR22753569,0,,,,0,,4,,,,,,,0,,4,,,,HHV7,HSV2_StrainG
SRR22753569,0,,,,0,,,,,14,,,,0,,,,,14,HHV7,combined_herpes_viruses
SRR22753569,0,,,0,,,,8,,,,,0,,,,8,,,KSHV,HHV6B
SRR22753569,0,0,,,,,,8,,,0,,,,,,8,,,KSHV,EBV
SRR22753569,0,,0,,,,,8,,,,0,,,,,8,,,KSHV,HCMV
SRR22753569,0,,,,,,,8,0,,,,,,,,8,0,,KSHV,VZV_Ellen
SRR22753569,0,,,,,,4,8,,,,,,,,4,8,,,KSHV,HSV2_StrainG
SRR22753569,3,,,,,,,8,,14,,,,,,,5,,11,KSHV,combined_herpes_viruses
SRR22753569,0,0,,0,,,,,,,0,,0,,,,,,,HHV6B,EBV
SRR22753569,0,,0,0,,,,,,,,0,0,,,,,,,HHV6B,HCMV
SRR22753569,0,,,0,,,,,0,,,,0,,,,,0,,HHV6B,VZV_Ellen
SRR22753569,0,,,0,,,4,,,,,,0,,,4,,,,HHV6B,HSV2_StrainG
SRR22753569,0,,,0,,,,,,14,,,0,,,,,,14,HHV6B,combined_herpes_viruses
SRR22753569,0,0,0,,,,,,,,0,0,,,,,,,,EBV,HCMV
SRR22753569,0,0,,,,,,,0,,0,,,,,,,0,,EBV,VZV_Ellen
SRR22753569,0,0,,,,,4,,,,0,,,,,4,,,,EBV,HSV2_StrainG
SRR22753569,0,0,,,,,,,,14,0,,,,,,,,14,EBV,combined_herpes_viruses
SRR22753569,0,,0,,,,,,0,,,0,,,,,,0,,HCMV,VZV_Ellen
SRR22753569,0,,0,,,,4,,,,,0,,,,4,,,,HCMV,HSV2_StrainG
SRR22753569,0,,0,,,,,,,14,,0,,,,,,,14,HCMV,combined_herpes_viruses
SRR22753569,0,,,,,,4,,0,,,,,,,4,,0,,VZV_Ellen,HSV2_StrainG
SRR22753569,0,,,,,,,,0,14,,,,,,,,0,14,VZV_Ellen,combined_herpes_viruses
SRR22753569,0,,,,,,4,,,14,,,,,,4,,,14,HSV2_StrainG,combined_herpes_viruses
SRR22753569,14,,,,,14,,,,,,,,,0,,,,,HSV1_KOS,HSV1_KOS
SRR22753569,0,,,,0,,,,,,,,,0,,,,,,HHV7,HHV7
SRR22753569,8,,,,,,,8,,,,,,,,,0,,,KSHV,KSHV
SRR22753569,0,,,0,,,,,,,,,0,,,,,,,HHV6B,HHV6B
SRR22753569,0,0,,,,,,,,,0,,,,,,,,,EBV,EBV
SRR22753569,0,,0,,,,,,,,,0,,,,,,,,HCMV,HCMV
SRR22753569,0,,,,,,,,0,,,,,,,,,0,,VZV_Ellen,VZV_Ellen
SRR22753569,4,,,,,,4,,,,,,,,,0,,,,HSV2_StrainG,HSV2_StrainG
SRR22753569,14,,,,,,,,,14,,,,,,,,,0,combined_herpes_viruses,combined_herpes_viruses
SRR22753422,0,,,,,28,,,0,,,,,,28,,,0,,HSV1_KOS,VZV_Ellen
SRR22753422,0,,,,,28,8,,,,,,,,28,8,,,,HSV1_KOS,HSV2_StrainG
SRR22753422,12,,,,,28,,,,22,,,,,16,,,,10,HSV1_KOS,combined_herpes_viruses
SRR22753422,0,,,,,28,,10,,,,,,,28,,10,,,HSV1_KOS,KSHV
SRR22753422,0,,,1,,28,,,,,,,1,,28,,,,,HSV1_KOS,HHV6B
SRR22753422,0,,0,,,28,,,,,,0,,,28,,,,,HSV1_KOS,HCMV
SRR22753422,0,0,,,,28,,,,,0,,,,28,,,,,HSV1_KOS,EBV
SRR22753422,0,,,,0,28,,,,,,,,0,28,,,,,HSV1_KOS,HHV7
SRR22753422,0,,,,,,8,,0,,,,,,,8,,0,,VZV_Ellen,HSV2_StrainG
SRR22753422,0,,,,,,,,0,22,,,,,,,,0,22,VZV_Ellen,combined_herpes_viruses
SRR22753422,0,,,,,,,10,0,,,,,,,,10,0,,VZV_Ellen,KSHV
SRR22753422,0,,,1,,,,,0,,,,1,,,,,0,,VZV_Ellen,HHV6B
SRR22753422,0,,0,,,,,,0,,,0,,,,,,0,,VZV_Ellen,HCMV
SRR22753422,0,0,,,,,,,0,,0,,,,,,,0,,VZV_Ellen,EBV
SRR22753422,0,,,,0,,,,0,,,,,0,,,,0,,VZV_Ellen,HHV7
SRR22753422,0,,,,,,8,,,22,,,,,,8,,,22,HSV2_StrainG,combined_herpes_viruses
SRR22753422,0,,,,,,8,10,,,,,,,,8,10,,,HSV2_StrainG,KSHV
SRR22753422,0,,,1,,,8,,,,,,1,,,8,,,,HSV2_StrainG,HHV6B
SRR22753422,0,,0,,,,8,,,,,0,,,,8,,,,HSV2_StrainG,HCMV
SRR22753422,0,0,,,,,8,,,,0,,,,,8,,,,HSV2_StrainG,EBV
SRR22753422,0,,,,0,,8,,,,,,,0,,8,,,,HSV2_StrainG,HHV7
SRR22753422,3,,,,,,,10,,22,,,,,,,7,,19,combined_herpes_viruses,KSHV
SRR22753422,0,,,1,,,,,,22,,,1,,,,,,22,combined_herpes_viruses,HHV6B
SRR22753422,0,,0,,,,,,,22,,0,,,,,,,22,combined_herpes_viruses,HCMV
SRR22753422,0,0,,,,,,,,22,0,,,,,,,,22,combined_herpes_viruses,EBV
SRR22753422,0,,,,0,,,,,22,,,,0,,,,,22,combined_herpes_viruses,HHV7
SRR22753422,1,,,1,,,,10,,,,,0,,,,9,,,KSHV,HHV6B
SRR22753422,0,,0,,,,,10,,,,0,,,,,10,,,KSHV,HCMV
SRR22753422,0,0,,,,,,10,,,0,,,,,,10,,,KSHV,EBV
SRR22753422,0,,,,0,,,10,,,,,,0,,,10,,,KSHV,HHV7
SRR22753422,0,,0,1,,,,,,,,0,1,,,,,,,HHV6B,HCMV
SRR22753422,0,0,,1,,,,,,,0,,1,,,,,,,HHV6B,EBV
SRR22753422,0,,,1,0,,,,,,,,1,0,,,,,,HHV6B,HHV7
SRR22753422,0,0,0,,,,,,,,0,0,,,,,,,,HCMV,EBV
SRR22753422,0,,0,,0,,,,,,,0,,0,,,,,,HCMV,HHV7
SRR22753422,0,0,,,0,,,,,,0,,,0,,,,,,EBV,HHV7
SRR22753422,28,,,,,28,,,,,,,,,0,,,,,HSV1_KOS,HSV1_KOS
SRR22753422,0,,,,,,,,0,,,,,,,,,0,,VZV_Ellen,VZV_Ellen
SRR22753422,8,,,,,,8,,,,,,,,,0,,,,HSV2_StrainG,HSV2_StrainG
SRR22753422,22,,,,,,,,,22,,,,,,,,,0,combined_herpes_viruses,combined_herpes_viruses
SRR22753422,10,,,,,,,10,,,,,,,,,0,,,KSHV,KSHV
SRR22753422,1,,,1,,,,,,,,,0,,,,,,,HHV6B,HHV6B
SRR22753422,0,,0,,,,,,,,,0,,,,,,,,HCMV,HCMV
SRR22753422,0,0,,,,,,,,,0,,,,,,,,,EBV,EBV
SRR22753422,0,,,,0,,,,,,,,,0,,,,,,HHV7,HHV7
SRR22753373,0,,,,,,3,,0,,,,,,,3,,0,,HSV2_StrainG,VZV_Ellen
SRR22753373,0,0,,,,,3,,,,0,,,,,3,,,,HSV2_StrainG,EBV
SRR22753373,0,,,,,5,3,,,,,,,,5,3,,,,HSV2_StrainG,HSV1_KOS
SRR22753373,0,,,0,,,3,,,,,,0,,,3,,,,HSV2_StrainG,HHV6B
SRR22753373,0,,,,0,,3,,,,,,,0,,3,,,,HSV2_StrainG,HHV7
SRR22753373,0,,,,,,3,,,3,,,,,,3,,,3,HSV2_StrainG,combined_herpes_viruses
SRR22753373,0,,,,,,3,1,,,,,,,,3,1,,,HSV2_StrainG,KSHV
SRR22753373,0,,0,,,,3,,,,,0,,,,3,,,,HSV2_StrainG,HCMV
SRR22753373,0,0,,,,,,,0,,0,,,,,,,0,,VZV_Ellen,EBV
SRR22753373,0,,,,,5,,,0,,,,,,5,,,0,,VZV_Ellen,HSV1_KOS
SRR22753373,0,,,0,,,,,0,,,,0,,,,,0,,VZV_Ellen,HHV6B
SRR22753373,0,,,,0,,,,0,,,,,0,,,,0,,VZV_Ellen,HHV7
SRR22753373,0,,,,,,,,0,3,,,,,,,,0,3,VZV_Ellen,combined_herpes_viruses
SRR22753373,0,,,,,,,1,0,,,,,,,,1,0,,VZV_Ellen,KSHV
SRR22753373,0,,0,,,,,,0,,,0,,,,,,0,,VZV_Ellen,HCMV
SRR22753373,0,0,,,,5,,,,,0,,,,5,,,,,EBV,HSV1_KOS
SRR22753373,0,0,,0,,,,,,,0,,0,,,,,,,EBV,HHV6B
SRR22753373,0,0,,,0,,,,,,0,,,0,,,,,,EBV,HHV7
SRR22753373,0,0,,,,,,,,3,0,,,,,,,,3,EBV,combined_herpes_viruses
SRR22753373,0,0,,,,,,1,,,0,,,,,,1,,,EBV,KSHV
SRR22753373,0,0,0,,,,,,,,0,0,,,,,,,,EBV,HCMV
SRR22753373,0,,,0,,5,,,,,,,0,,5,,,,,HSV1_KOS,HHV6B
SRR22753373,0,,,,0,5,,,,,,,,0,5,,,,,HSV1_KOS,HHV7
SRR22753373,2,,,,,5,,,,3,,,,,3,,,,1,HSV1_KOS,combined_herpes_viruses
SRR22753373,0,,,,,5,,1,,,,,,,5,,1,,,HSV1_KOS,KSHV
SRR22753373,0,,0,,,5,,,,,,0,,,5,,,,,HSV1_KOS,HCMV
SRR22753373,0,,,0,0,,,,,,,,0,0,,,,,,HHV6B,HHV7
SRR22753373,0,,,0,,,,,,3,,,0,,,,,,3,HHV6B,combined_herpes_viruses
SRR22753373,0,,,0,,,,1,,,,,0,,,,1,,,HHV6B,KSHV
SRR22753373,0,,0,0,,,,,,,,0,0,,,,,,,HHV6B,HCMV
SRR22753373,0,,,,0,,,,,3,,,,0,,,,,3,HHV7,combined_herpes_viruses
SRR22753373,0,,,,0,,,1,,,,,,0,,,1,,,HHV7,KSHV
SRR22753373,0,,0,,0,,,,,,,0,,0,,,,,,HHV7,HCMV
SRR22753373,0,,,,,,,1,,3,,,,,,,1,,3,combined_herpes_viruses,KSHV
SRR22753373,0,,0,,,,,,,3,,0,,,,,,,3,combined_herpes_viruses,HCMV
SRR22753373,0,,0,,,,,1,,,,0,,,,,1,,,KSHV,HCMV
SRR22753373,3,,,,,,3,,,,,,,,,0,,,,HSV2_StrainG,HSV2_StrainG
SRR22753373,0,,,,,,,,0,,,,,,,,,0,,VZV_Ellen,VZV_Ellen
SRR22753373,0,0,,,,,,,,,0,,,,,,,,,EBV,EBV
SRR22753373,5,,,,,5,,,,,,,,,0,,,,,HSV1_KOS,HSV1_KOS
SRR22753373,0,,,0,,,,,,,,,0,,,,,,,HHV6B,HHV6B
SRR22753373,0,,,,0,,,,,,,,,0,,,,,,HHV7,HHV7
SRR22753373,3,,,,,,,,,3,,,,,,,,,0,combined_herpes_viruses,combined_herpes_viruses
SRR22753373,1,,,,,,,1,,,,,,,,,0,,,KSHV,KSHV
SRR22753373,0,,0,,,,,,,,,0,,,,,,,,HCMV,HCMV
SRR22753445,0,,,,,,,1,0,,,,,,,,1,0,,VZV_Ellen,KSHV
SRR22753445,0,,0,,,,,,0,,,0,,,,,,0,,VZV_Ellen,HCMV
SRR22753445,0,,,,0,,,,0,,,,,0,,,,0,,VZV_Ellen,HHV7
SRR22753445,0,,,,,3,,,0,,,,,,3,,,0,,VZV_Ellen,HSV1_KOS
SRR22753445,0,,,0,,,,,0,,,,0,,,,,0,,VZV_Ellen,HHV6B
SRR22753445,0,0,,,,,,,0,,0,,,,,,,0,,VZV_Ellen,EBV
SRR22753445,0,,,,,,,,0,3,,,,,,,,0,3,VZV_Ellen,combined_herpes_viruses
SRR22753445,0,,,,,,0,,0,,,,,,,0,,0,,VZV_Ellen,HSV2_StrainG
SRR22753445,0,,0,,,,,1,,,,0,,,,,1,,,KSHV,HCMV
SRR22753445,0,,,,0,,,1,,,,,,0,,,1,,,KSHV,HHV7
SRR22753445,0,,,,,3,,1,,,,,,,3,,1,,,KSHV,HSV1_KOS
SRR22753445,0,,,0,,,,1,,,,,0,,,,1,,,KSHV,HHV6B
SRR22753445,0,0,,,,,,1,,,0,,,,,,1,,,KSHV,EBV
SRR22753445,0,,,,,,,1,,3,,,,,,,1,,3,KSHV,combined_herpes_viruses
SRR22753445,0,,,,,,0,1,,,,,,,,0,1,,,KSHV,HSV2_StrainG
SRR22753445,0,,0,,0,,,,,,,0,,0,,,,,,HCMV,HHV7
SRR22753445,0,,0,,,3,,,,,,0,,,3,,,,,HCMV,HSV1_KOS
SRR22753445,0,,0,0,,,,,,,,0,0,,,,,,,HCMV,HHV6B
SRR22753445,0,0,0,,,,,,,,0,0,,,,,,,,HCMV,EBV
SRR22753445,0,,0,,,,,,,3,,0,,,,,,,3,HCMV,combined_herpes_viruses
SRR22753445,0,,0,,,,0,,,,,0,,,,0,,,,HCMV,HSV2_StrainG
SRR22753445,0,,,,0,3,,,,,,,,0,3,,,,,HHV7,HSV1_KOS
SRR22753445,0,,,0,0,,,,,,,,0,0,,,,,,HHV7,HHV6B
SRR22753445,0,0,,,0,,,,,,0,,,0,,,,,,HHV7,EBV
SRR22753445,0,,,,0,,,,,3,,,,0,,,,,3,HHV7,combined_herpes_viruses
SRR22753445,0,,,,0,,0,,,,,,,0,,0,,,,HHV7,HSV2_StrainG
SRR22753445,0,,,0,,3,,,,,,,0,,3,,,,,HSV1_KOS,HHV6B
SRR22753445,0,0,,,,3,,,,,0,,,,3,,,,,HSV1_KOS,EBV
SRR22753445,3,,,,,3,,,,3,,,,,0,,,,0,HSV1_KOS,combined_herpes_viruses
SRR22753445,0,,,,,3,0,,,,,,,,3,0,,,,HSV1_KOS,HSV2_StrainG
SRR22753445,0,0,,0,,,,,,,0,,0,,,,,,,HHV6B,EBV
SRR22753445,0,,,0,,,,,,3,,,0,,,,,,3,HHV6B,combined_herpes_viruses
SRR22753445,0,,,0,,,0,,,,,,0,,,0,,,,HHV6B,HSV2_StrainG
SRR22753445,0,0,,,,,,,,3,0,,,,,,,,3,EBV,combined_herpes_viruses
SRR22753445,0,0,,,,,0,,,,0,,,,,0,,,,EBV,HSV2_StrainG
SRR22753445,0,,,,,,0,,,3,,,,,,0,,,3,combined_herpes_viruses,HSV2_StrainG
SRR22753445,0,,,,,,,,0,,,,,,,,,0,,VZV_Ellen,VZV_Ellen
SRR22753445,1,,,,,,,1,,,,,,,,,0,,,KSHV,KSHV
SRR22753445,0,,0,,,,,,,,,0,,,,,,,,HCMV,HCMV
SRR22753445,0,,,,0,,,,,,,,,0,,,,,,HHV7,HHV7
SRR22753445,3,,,,,3,,,,,,,,,0,,,,,HSV1_KOS,HSV1_KOS
SRR22753445,0,,,0,,,,,,,,,0,,,,,,,HHV6B,HHV6B
SRR22753445,0,0,,,,,,,,,0,,,,,,,,,EBV,EBV
SRR22753445,3,,,,,,,,,3,,,,,,,,,0,combined_herpes_viruses,combined_herpes_viruses
SRR22753445,0,,,,,,0,,,,,,,,,0,,,,HSV2_StrainG,HSV2_StrainG
SRR22753415,0,,,,,,1,,0,,,,,,,1,,0,,HSV2_StrainG,VZV_Ellen
SRR22753415,0,,,,,,1,,,10,,,,,,1,,,10,HSV2_StrainG,combined_herpes_viruses
SRR22753415,0,,0,,,,1,,,,,0,,,,1,,,,HSV2_StrainG,HCMV
SRR22753415,0,,,,0,,1,,,,,,,0,,1,,,,HSV2_StrainG,HHV7
SRR22753415,0,0,,,,,1,,,,0,,,,,1,,,,HSV2_StrainG,EBV
SRR22753415,0,,,,,,1,3,,,,,,,,1,3,,,HSV2_StrainG,KSHV
SRR22753415,0,,,0,,,1,,,,,,0,,,1,,,,HSV2_StrainG,HHV6B
SRR22753415,0,,,,,8,1,,,,,,,,8,1,,,,HSV2_StrainG,HSV1_KOS
SRR22753415,0,,,,,,,,0,10,,,,,,,,0,10,VZV_Ellen,combined_herpes_viruses
SRR22753415,0,,0,,,,,,0,,,0,,,,,,0,,VZV_Ellen,HCMV
SRR22753415,0,,,,0,,,,0,,,,,0,,,,0,,VZV_Ellen,HHV7
SRR22753415,0,0,,,,,,,0,,0,,,,,,,0,,VZV_Ellen,EBV
SRR22753415,0,,,,,,,3,0,,,,,,,,3,0,,VZV_Ellen,KSHV
SRR22753415,0,,,0,,,,,0,,,,0,,,,,0,,VZV_Ellen,HHV6B
SRR22753415,0,,,,,8,,,0,,,,,,8,,,0,,VZV_Ellen,HSV1_KOS
SRR22753415,0,,0,,,,,,,10,,0,,,,,,,10,combined_herpes_viruses,HCMV
SRR22753415,0,,,,0,,,,,10,,,,0,,,,,10,combined_herpes_viruses,HHV7
SRR22753415,0,0,,,,,,,,10,0,,,,,,,,10,combined_herpes_viruses,EBV
SRR22753415,0,,,,,,,3,,10,,,,,,,3,,10,combined_herpes_viruses,KSHV
SRR22753415,0,,,0,,,,,,10,,,0,,,,,,10,combined_herpes_viruses,HHV6B
SRR22753415,7,,,,,8,,,,10,,,,,1,,,,3,combined_herpes_viruses,HSV1_KOS
SRR22753415,0,,0,,0,,,,,,,0,,0,,,,,,HCMV,HHV7
SRR22753415,0,0,0,,,,,,,,0,0,,,,,,,,HCMV,EBV
SRR22753415,0,,0,,,,,3,,,,0,,,,,3,,,HCMV,KSHV
SRR22753415,0,,0,0,,,,,,,,0,0,,,,,,,HCMV,HHV6B
SRR22753415,0,,0,,,8,,,,,,0,,,8,,,,,HCMV,HSV1_KOS
SRR22753415,0,0,,,0,,,,,,0,,,0,,,,,,HHV7,EBV
SRR22753415,0,,,,0,,,3,,,,,,0,,,3,,,HHV7,KSHV
SRR22753415,0,,,0,0,,,,,,,,0,0,,,,,,HHV7,HHV6B
SRR22753415,0,,,,0,8,,,,,,,,0,8,,,,,HHV7,HSV1_KOS
SRR22753415,0,0,,,,,,3,,,0,,,,,,3,,,EBV,KSHV
SRR22753415,0,0,,0,,,,,,,0,,0,,,,,,,EBV,HHV6B
SRR22753415,0,0,,,,8,,,,,0,,,,8,,,,,EBV,HSV1_KOS
SRR22753415,0,,,0,,,,3,,,,,0,,,,3,,,KSHV,HHV6B
SRR22753415,0,,,,,8,,3,,,,,,,8,,3,,,KSHV,HSV1_KOS
SRR22753415,0,,,0,,8,,,,,,,0,,8,,,,,HHV6B,HSV1_KOS
SRR22753415,1,,,,,,1,,,,,,,,,0,,,,HSV2_StrainG,HSV2_StrainG
SRR22753415,0,,,,,,,,0,,,,,,,,,0,,VZV_Ellen,VZV_Ellen
SRR22753415,10,,,,,,,,,10,,,,,,,,,0,combined_herpes_viruses,combined_herpes_viruses
SRR22753415,0,,0,,,,,,,,,0,,,,,,,,HCMV,HCMV
SRR22753415,0,,,,0,,,,,,,,,0,,,,,,HHV7,HHV7
SRR22753415,0,0,,,,,,,,,0,,,,,,,,,EBV,EBV
SRR22753415,3,,,,,,,3,,,,,,,,,0,,,KSHV,KSHV
SRR22753415,0,,,0,,,,,,,,,0,,,,,,,HHV6B,HHV6B
SRR22753415,8,,,,,8,,,,,,,,,0,,,,,HSV1_KOS,HSV1_KOS
SRR22753516,0,,,0,0,,,,,,,,0,0,,,,,,HHV6B,HHV7
SRR22753516,0,,,0,,,3,,,,,,0,,,3,,,,HHV6B,HSV2_StrainG
SRR22753516,0,,,0,,,,,0,,,,0,,,,,0,,HHV6B,VZV_Ellen
SRR22753516,0,,,0,,,,,,16,,,0,,,,,,16,HHV6B,combined_herpes_viruses
SRR22753516,0,0,,0,,,,,,,0,,0,,,,,,,HHV6B,EBV
SRR22753516,0,,,0,,13,,,,,,,0,,13,,,,,HHV6B,HSV1_KOS
SRR22753516,0,,0,0,,,,,,,,0,0,,,,,,,HHV6B,HCMV
SRR22753516,0,,,0,,,,2,,,,,0,,,,2,,,HHV6B,KSHV
SRR22753516,0,,,,0,,3,,,,,,,0,,3,,,,HHV7,HSV2_StrainG
SRR22753516,0,,,,0,,,,0,,,,,0,,,,0,,HHV7,VZV_Ellen
SRR22753516,0,,,,0,,,,,16,,,,0,,,,,16,HHV7,combined_herpes_viruses
SRR22753516,0,0,,,0,,,,,,0,,,0,,,,,,HHV7,EBV
SRR22753516,0,,,,0,13,,,,,,,,0,13,,,,,HHV7,HSV1_KOS
SRR22753516,0,,0,,0,,,,,,,0,,0,,,,,,HHV7,HCMV
SRR22753516,0,,,,0,,,2,,,,,,0,,,2,,,HHV7,KSHV
SRR22753516,0,,,,,,3,,0,,,,,,,3,,0,,HSV2_StrainG,VZV_Ellen
SRR22753516,0,,,,,,3,,,16,,,,,,3,,,16,HSV2_StrainG,combined_herpes_viruses
SRR22753516,0,0,,,,,3,,,,0,,,,,3,,,,HSV2_StrainG,EBV
SRR22753516,0,,,,,13,3,,,,,,,,13,3,,,,HSV2_StrainG,HSV1_KOS
SRR22753516,0,,0,,,,3,,,,,0,,,,3,,,,HSV2_StrainG,HCMV
SRR22753516,0,,,,,,3,2,,,,,,,,3,2,,,HSV2_StrainG,KSHV
SRR22753516,0,,,,,,,,0,16,,,,,,,,0,16,VZV_Ellen,combined_herpes_viruses
SRR22753516,0,0,,,,,,,0,,0,,,,,,,0,,VZV_Ellen,EBV
SRR22753516,0,,,,,13,,,0,,,,,,13,,,0,,VZV_Ellen,HSV1_KOS
SRR22753516,0,,0,,,,,,0,,,0,,,,,,0,,VZV_Ellen,HCMV
SRR22753516,0,,,,,,,2,0,,,,,,,,2,0,,VZV_Ellen,KSHV
SRR22753516,0,0,,,,,,,,16,0,,,,,,,,16,combined_herpes_viruses,EBV
SRR22753516,10,,,,,13,,,,16,,,,,3,,,,6,combined_herpes_viruses,HSV1_KOS
SRR22753516,0,,0,,,,,,,16,,0,,,,,,,16,combined_herpes_viruses,HCMV
SRR22753516,0,,,,,,,2,,16,,,,,,,2,,16,combined_herpes_viruses,KSHV
SRR22753516,0,0,,,,13,,,,,0,,,,13,,,,,EBV,HSV1_KOS
SRR22753516,0,0,0,,,,,,,,0,0,,,,,,,,EBV,HCMV
SRR22753516,0,0,,,,,,2,,,0,,,,,,2,,,EBV,KSHV
SRR22753516,0,,0,,,13,,,,,,0,,,13,,,,,HSV1_KOS,HCMV
SRR22753516,0,,,,,13,,2,,,,,,,13,,2,,,HSV1_KOS,KSHV
SRR22753516,0,,0,,,,,2,,,,0,,,,,2,,,HCMV,KSHV
SRR22753516,0,,,0,,,,,,,,,0,,,,,,,HHV6B,HHV6B
SRR22753516,0,,,,0,,,,,,,,,0,,,,,,HHV7,HHV7
SRR22753516,3,,,,,,3,,,,,,,,,0,,,,HSV2_StrainG,HSV2_StrainG
SRR22753516,0,,,,,,,,0,,,,,,,,,0,,VZV_Ellen,VZV_Ellen
SRR22753516,16,,,,,,,,,16,,,,,,,,,0,combined_herpes_viruses,combined_herpes_viruses
SRR22753516,0,0,,,,,,,,,0,,,,,,,,,EBV,EBV
SRR22753516,13,,,,,13,,,,,,,,,0,,,,,HSV1_KOS,HSV1_KOS
SRR22753516,0,,0,,,,,,,,,0,,,,,,,,HCMV,HCMV
SRR22753516,2,,,,,,,2,,,,,,,,,0,,,KSHV,KSHV
SRR22753530,0,,,,,8,,,0,,,,,,8,,,0,,HSV1_KOS,VZV_Ellen
SRR22753530,4,,,,,8,,,,8,,,,,4,,,,4,HSV1_KOS,combined_herpes_viruses
SRR22753530,0,,,,,8,,8,,,,,,,8,,8,,,HSV1_KOS,KSHV
SRR22753530,0,,,,,8,3,,,,,,,,8,3,,,,HSV1_KOS,HSV2_StrainG
SRR22753530,0,,,1,,8,,,,,,,1,,8,,,,,HSV1_KOS,HHV6B
SRR22753530,0,,0,,,8,,,,,,0,,,8,,,,,HSV1_KOS,HCMV
SRR22753530,0,,,,0,8,,,,,,,,0,8,,,,,HSV1_KOS,HHV7
SRR22753530,0,0,,,,8,,,,,0,,,,8,,,,,HSV1_KOS,EBV
SRR22753530,0,,,,,,,,0,8,,,,,,,,0,8,VZV_Ellen,combined_herpes_viruses
SRR22753530,0,,,,,,,8,0,,,,,,,,8,0,,VZV_Ellen,KSHV
SRR22753530,0,,,,,,3,,0,,,,,,,3,,0,,VZV_Ellen,HSV2_StrainG
SRR22753530,0,,,1,,,,,0,,,,1,,,,,0,,VZV_Ellen,HHV6B
SRR22753530,0,,0,,,,,,0,,,0,,,,,,0,,VZV_Ellen,HCMV
SRR22753530,0,,,,0,,,,0,,,,,0,,,,0,,VZV_Ellen,HHV7
SRR22753530,0,0,,,,,,,0,,0,,,,,,,0,,VZV_Ellen,EBV
SRR22753530,1,,,,,,,8,,8,,,,,,,7,,7,combined_herpes_viruses,KSHV
SRR22753530,0,,,,,,3,,,8,,,,,,3,,,8,combined_herpes_viruses,HSV2_StrainG
SRR22753530,0,,,1,,,,,,8,,,1,,,,,,8,combined_herpes_viruses,HHV6B
SRR22753530,0,,0,,,,,,,8,,0,,,,,,,8,combined_herpes_viruses,HCMV
SRR22753530,0,,,,0,,,,,8,,,,0,,,,,8,combined_herpes_viruses,HHV7
SRR22753530,0,0,,,,,,,,8,0,,,,,,,,8,combined_herpes_viruses,EBV
SRR22753530,0,,,,,,3,8,,,,,,,,3,8,,,KSHV,HSV2_StrainG
SRR22753530,1,,,1,,,,8,,,,,0,,,,7,,,KSHV,HHV6B
SRR22753530,0,,0,,,,,8,,,,0,,,,,8,,,KSHV,HCMV
SRR22753530,0,,,,0,,,8,,,,,,0,,,8,,,KSHV,HHV7
SRR22753530,0,0,,,,,,8,,,0,,,,,,8,,,KSHV,EBV
SRR22753530,0,,,1,,,3,,,,,,1,,,3,,,,HSV2_StrainG,HHV6B
SRR22753530,0,,0,,,,3,,,,,0,,,,3,,,,HSV2_StrainG,HCMV
SRR22753530,0,,,,0,,3,,,,,,,0,,3,,,,HSV2_StrainG,HHV7
SRR22753530,0,0,,,,,3,,,,0,,,,,3,,,,HSV2_StrainG,EBV
SRR22753530,0,,0,1,,,,,,,,0,1,,,,,,,HHV6B,HCMV
SRR22753530,0,,,1,0,,,,,,,,1,0,,,,,,HHV6B,HHV7
SRR22753530,0,0,,1,,,,,,,0,,1,,,,,,,HHV6B,EBV
SRR22753530,0,,0,,0,,,,,,,0,,0,,,,,,HCMV,HHV7
SRR22753530,0,0,0,,,,,,,,0,0,,,,,,,,HCMV,EBV
SRR22753530,0,0,,,0,,,,,,0,,,0,,,,,,HHV7,EBV
SRR22753530,8,,,,,8,,,,,,,,,0,,,,,HSV1_KOS,HSV1_KOS
SRR22753530,0,,,,,,,,0,,,,,,,,,0,,VZV_Ellen,VZV_Ellen
SRR22753530,8,,,,,,,,,8,,,,,,,,,0,combined_herpes_viruses,combined_herpes_viruses
SRR22753530,8,,,,,,,8,,,,,,,,,0,,,KSHV,KSHV
SRR22753530,3,,,,,,3,,,,,,,,,0,,,,HSV2_StrainG,HSV2_StrainG
SRR22753530,1,,,1,,,,,,,,,0,,,,,,,HHV6B,HHV6B
SRR22753530,0,,0,,,,,,,,,0,,,,,,,,HCMV,HCMV
SRR22753530,0,,,,0,,,,,,,,,0,,,,,,HHV7,HHV7
SRR22753530,0,0,,,,,,,,,0,,,,,,,,,EBV,EBV
SRR22753470,0,0,,,0,,,,,,0,,,0,,,,,,EBV,HHV7
SRR22753470,0,0,,,,234,,,,,0,,,,234,,,,,EBV,HSV1_KOS
SRR22753470,0,0,,,,,,,,148,0,,,,,,,,148,EBV,combined_herpes_viruses
SRR22753470,0,0,,0,,,,,,,0,,0,,,,,,,EBV,HHV6B
SRR22753470,0,0,0,,,,,,,,0,0,,,,,,,,EBV,HCMV
SRR22753470,0,0,,,,,,1,,,0,,,,,,1,,,EBV,KSHV
SRR22753470,0,0,,,,,1,,,,0,,,,,1,,,,EBV,HSV2_StrainG
SRR22753470,0,0,,,,,,,0,,0,,,,,,,0,,EBV,VZV_Ellen
SRR22753470,0,,,,0,234,,,,,,,,0,234,,,,,HHV7,HSV1_KOS
SRR22753470,0,,,,0,,,,,148,,,,0,,,,,148,HHV7,combined_herpes_viruses
SRR22753470,0,,,0,0,,,,,,,,0,0,,,,,,HHV7,HHV6B
SRR22753470,0,,0,,0,,,,,,,0,,0,,,,,,HHV7,HCMV
SRR22753470,0,,,,0,,,1,,,,,,0,,,1,,,HHV7,KSHV
SRR22753470,0,,,,0,,1,,,,,,,0,,1,,,,HHV7,HSV2_StrainG
SRR22753470,0,,,,0,,,,0,,,,,0,,,,0,,HHV7,VZV_Ellen
SRR22753470,115,,,,,234,,,,148,,,,,119,,,,33,HSV1_KOS,combined_herpes_viruses
SRR22753470,0,,,0,,234,,,,,,,0,,234,,,,,HSV1_KOS,HHV6B
SRR22753470,0,,0,,,234,,,,,,0,,,234,,,,,HSV1_KOS,HCMV
SRR22753470,0,,,,,234,,1,,,,,,,234,,1,,,HSV1_KOS,KSHV
SRR22753470,0,,,,,234,1,,,,,,,,234,1,,,,HSV1_KOS,HSV2_StrainG
SRR22753470,0,,,,,234,,,0,,,,,,234,,,0,,HSV1_KOS,VZV_Ellen
SRR22753470,0,,,0,,,,,,148,,,0,,,,,,148,combined_herpes_viruses,HHV6B
SRR22753470,0,,0,,,,,,,148,,0,,,,,,,148,combined_herpes_viruses,HCMV
SRR22753470,0,,,,,,,1,,148,,,,,,,1,,148,combined_herpes_viruses,KSHV
SRR22753470,0,,,,,,1,,,148,,,,,,1,,,148,combined_herpes_viruses,HSV2_StrainG
SRR22753470,0,,,,,,,,0,148,,,,,,,,0,148,combined_herpes_viruses,VZV_Ellen
SRR22753470,0,,0,0,,,,,,,,0,0,,,,,,,HHV6B,HCMV
SRR22753470,0,,,0,,,,1,,,,,0,,,,1,,,HHV6B,KSHV
SRR22753470,0,,,0,,,1,,,,,,0,,,1,,,,HHV6B,HSV2_StrainG
SRR22753470,0,,,0,,,,,0,,,,0,,,,,0,,HHV6B,VZV_Ellen
SRR22753470,0,,0,,,,,1,,,,0,,,,,1,,,HCMV,KSHV
SRR22753470,0,,0,,,,1,,,,,0,,,,1,,,,HCMV,HSV2_StrainG
SRR22753470,0,,0,,,,,,0,,,0,,,,,,0,,HCMV,VZV_Ellen
SRR22753470,0,,,,,,1,1,,,,,,,,1,1,,,KSHV,HSV2_StrainG
SRR22753470,0,,,,,,,1,0,,,,,,,,1,0,,KSHV,VZV_Ellen
SRR22753470,0,,,,,,1,,0,,,,,,,1,,0,,HSV2_StrainG,VZV_Ellen
SRR22753470,0,0,,,,,,,,,0,,,,,,,,,EBV,EBV
SRR22753470,0,,,,0,,,,,,,,,0,,,,,,HHV7,HHV7
SRR22753470,234,,,,,234,,,,,,,,,0,,,,,HSV1_KOS,HSV1_KOS
SRR22753470,148,,,,,,,,,148,,,,,,,,,0,combined_herpes_viruses,combined_herpes_viruses
SRR22753470,0,,,0,,,,,,,,,0,,,,,,,HHV6B,HHV6B
SRR22753470,0,,0,,,,,,,,,0,,,,,,,,HCMV,HCMV
SRR22753470,1,,,,,,,1,,,,,,,,,0,,,KSHV,KSHV
SRR22753470,1,,,,,,1,,,,,,,,,0,,,,HSV2_StrainG,HSV2_StrainG
SRR22753470,0,,,,,,,,0,,,,,,,,,0,,VZV_Ellen,VZV_Ellen
SRR22753441,0,,0,,0,,,,,,,0,,0,,,,,,HHV7,HCMV
SRR22753441,0,,,,0,,3,,,,,,,0,,3,,,,HHV7,HSV2_StrainG
SRR22753441,0,,,,0,20,,,,,,,,0,20,,,,,HHV7,HSV1_KOS
SRR22753441,0,,,,0,,,4,,,,,,0,,,4,,,HHV7,KSHV
SRR22753441,0,,,,0,,,,0,,,,,0,,,,0,,HHV7,VZV_Ellen
SRR22753441,0,,,0,0,,,,,,,,0,0,,,,,,HHV7,HHV6B
SRR22753441,0,0,,,0,,,,,,0,,,0,,,,,,HHV7,EBV
SRR22753441,0,,,,0,,,,,11,,,,0,,,,,11,HHV7,combined_herpes_viruses
SRR22753441,0,,0,,,,3,,,,,0,,,,3,,,,HCMV,HSV2_StrainG
SRR22753441,0,,0,,,20,,,,,,0,,,20,,,,,HCMV,HSV1_KOS
SRR22753441,0,,0,,,,,4,,,,0,,,,,4,,,HCMV,KSHV
SRR22753441,0,,0,,,,,,0,,,0,,,,,,0,,HCMV,VZV_Ellen
SRR22753441,0,,0,0,,,,,,,,0,0,,,,,,,HCMV,HHV6B
SRR22753441,0,0,0,,,,,,,,0,0,,,,,,,,HCMV,EBV
SRR22753441,0,,0,,,,,,,11,,0,,,,,,,11,HCMV,combined_herpes_viruses
SRR22753441,0,,,,,20,3,,,,,,,,20,3,,,,HSV2_StrainG,HSV1_KOS
SRR22753441,0,,,,,,3,4,,,,,,,,3,4,,,HSV2_StrainG,KSHV
SRR22753441,0,,,,,,3,,0,,,,,,,3,,0,,HSV2_StrainG,VZV_Ellen
SRR22753441,0,,,0,,,3,,,,,,0,,,3,,,,HSV2_StrainG,HHV6B
SRR22753441,0,0,,,,,3,,,,0,,,,,3,,,,HSV2_StrainG,EBV
SRR22753441,0,,,,,,3,,,11,,,,,,3,,,11,HSV2_StrainG,combined_herpes_viruses
SRR22753441,0,,,,,20,,4,,,,,,,20,,4,,,HSV1_KOS,KSHV
SRR22753441,0,,,,,20,,,0,,,,,,20,,,0,,HSV1_KOS,VZV_Ellen
SRR22753441,0,,,0,,20,,,,,,,0,,20,,,,,HSV1_KOS,HHV6B
SRR22753441,0,0,,,,20,,,,,0,,,,20,,,,,HSV1_KOS,EBV
SRR22753441,8,,,,,20,,,,11,,,,,12,,,,3,HSV1_KOS,combined_herpes_viruses
SRR22753441,0,,,,,,,4,0,,,,,,,,4,0,,KSHV,VZV_Ellen
SRR22753441,0,,,0,,,,4,,,,,0,,,,4,,,KSHV,HHV6B
SRR22753441,0,0,,,,,,4,,,0,,,,,,4,,,KSHV,EBV
SRR22753441,0,,,,,,,4,,11,,,,,,,4,,11,KSHV,combined_herpes_viruses
SRR22753441,0,,,0,,,,,0,,,,0,,,,,0,,VZV_Ellen,HHV6B
SRR22753441,0,0,,,,,,,0,,0,,,,,,,0,,VZV_Ellen,EBV
SRR22753441,0,,,,,,,,0,11,,,,,,,,0,11,VZV_Ellen,combined_herpes_viruses
SRR22753441,0,0,,0,,,,,,,0,,0,,,,,,,HHV6B,EBV
SRR22753441,0,,,0,,,,,,11,,,0,,,,,,11,HHV6B,combined_herpes_viruses
SRR22753441,0,0,,,,,,,,11,0,,,,,,,,11,EBV,combined_herpes_viruses
SRR22753441,0,,,,0,,,,,,,,,0,,,,,,HHV7,HHV7
SRR22753441,0,,0,,,,,,,,,0,,,,,,,,HCMV,HCMV
SRR22753441,3,,,,,,3,,,,,,,,,0,,,,HSV2_StrainG,HSV2_StrainG
SRR22753441,20,,,,,20,,,,,,,,,0,,,,,HSV1_KOS,HSV1_KOS
SRR22753441,4,,,,,,,4,,,,,,,,,0,,,KSHV,KSHV
SRR22753441,0,,,,,,,,0,,,,,,,,,0,,VZV_Ellen,VZV_Ellen
SRR22753441,0,,,0,,,,,,,,,0,,,,,,,HHV6B,HHV6B
SRR22753441,0,0,,,,,,,,,0,,,,,,,,,EBV,EBV
SRR22753441,11,,,,,,,,,11,,,,,,,,,0,combined_herpes_viruses,combined_herpes_viruses
SRR22753418,0,,,,0,,,,,12,,,,0,,,,,12,HHV7,combined_herpes_viruses
SRR22753418,0,,,,0,,,,0,,,,,0,,,,0,,HHV7,VZV_Ellen
SRR22753418,0,,,0,0,,,,,,,,0,0,,,,,,HHV7,HHV6B
SRR22753418,0,,1,,0,,,,,,,1,,0,,,,,,HHV7,HCMV
SRR22753418,0,0,,,0,,,,,,0,,,0,,,,,,HHV7,EBV
SRR22753418,0,,,,0,10,,,,,,,,0,10,,,,,HHV7,HSV1_KOS
SRR22753418,0,,,,0,,1,,,,,,,0,,1,,,,HHV7,HSV2_StrainG
SRR22753418,0,,,,0,,,4,,,,,,0,,,4,,,HHV7,KSHV
SRR22753418,0,,,,,,,,0,12,,,,,,,,0,12,combined_herpes_viruses,VZV_Ellen
SRR22753418,0,,,0,,,,,,12,,,0,,,,,,12,combined_herpes_viruses,HHV6B
SRR22753418,0,,1,,,,,,,12,,1,,,,,,,12,combined_herpes_viruses,HCMV
SRR22753418,0,0,,,,,,,,12,0,,,,,,,,12,combined_herpes_viruses,EBV
SRR22753418,7,,,,,10,,,,12,,,,,3,,,,5,combined_herpes_viruses,HSV1_KOS
SRR22753418,0,,,,,,1,,,12,,,,,,1,,,12,combined_herpes_viruses,HSV2_StrainG
SRR22753418,1,,,,,,,4,,12,,,,,,,3,,11,combined_herpes_viruses,KSHV
SRR22753418,0,,,0,,,,,0,,,,0,,,,,0,,VZV_Ellen,HHV6B
SRR22753418,0,,1,,,,,,0,,,1,,,,,,0,,VZV_Ellen,HCMV
SRR22753418,0,0,,,,,,,0,,0,,,,,,,0,,VZV_Ellen,EBV
SRR22753418,0,,,,,10,,,0,,,,,,10,,,0,,VZV_Ellen,HSV1_KOS
SRR22753418,0,,,,,,1,,0,,,,,,,1,,0,,VZV_Ellen,HSV2_StrainG
SRR22753418,0,,,,,,,4,0,,,,,,,,4,0,,VZV_Ellen,KSHV
SRR22753418,0,,1,0,,,,,,,,1,0,,,,,,,HHV6B,HCMV
SRR22753418,0,0,,0,,,,,,,0,,0,,,,,,,HHV6B,EBV
SRR22753418,0,,,0,,10,,,,,,,0,,10,,,,,HHV6B,HSV1_KOS
SRR22753418,0,,,0,,,1,,,,,,0,,,1,,,,HHV6B,HSV2_StrainG
SRR22753418,0,,,0,,,,4,,,,,0,,,,4,,,HHV6B,KSHV
SRR22753418,0,0,1,,,,,,,,0,1,,,,,,,,HCMV,EBV
SRR22753418,0,,1,,,10,,,,,,1,,,10,,,,,HCMV,HSV1_KOS
SRR22753418,0,,1,,,,1,,,,,1,,,,1,,,,HCMV,HSV2_StrainG
SRR22753418,0,,1,,,,,4,,,,1,,,,,4,,,HCMV,KSHV
SRR22753418,0,0,,,,10,,,,,0,,,,10,,,,,EBV,HSV1_KOS
SRR22753418,0,0,,,,,1,,,,0,,,,,1,,,,EBV,HSV2_StrainG
SRR22753418,0,0,,,,,,4,,,0,,,,,,4,,,EBV,KSHV
SRR22753418,0,,,,,10,1,,,,,,,,10,1,,,,HSV1_KOS,HSV2_StrainG
SRR22753418,0,,,,,10,,4,,,,,,,10,,4,,,HSV1_KOS,KSHV
SRR22753418,0,,,,,,1,4,,,,,,,,1,4,,,HSV2_StrainG,KSHV
SRR22753418,0,,,,0,,,,,,,,,0,,,,,,HHV7,HHV7
SRR22753418,12,,,,,,,,,12,,,,,,,,,0,combined_herpes_viruses,combined_herpes_viruses
SRR22753418,0,,,,,,,,0,,,,,,,,,0,,VZV_Ellen,VZV_Ellen
SRR22753418,0,,,0,,,,,,,,,0,,,,,,,HHV6B,HHV6B
SRR22753418,1,,1,,,,,,,,,0,,,,,,,,HCMV,HCMV
SRR22753418,0,0,,,,,,,,,0,,,,,,,,,EBV,EBV
SRR22753418,10,,,,,10,,,,,,,,,0,,,,,HSV1_KOS,HSV1_KOS
SRR22753418,1,,,,,,1,,,,,,,,,0,,,,HSV2_StrainG,HSV2_StrainG
SRR22753418,4,,,,,,,4,,,,,,,,,0,,,KSHV,KSHV
SRR22753443,0,,,,,3,0,,,,,,,,3,0,,,,HSV1_KOS,HSV2_StrainG
SRR22753443,0,,,,,3,,1,,,,,,,3,,1,,,HSV1_KOS,KSHV
SRR22753443,0,,,,0,3,,,,,,,,0,3,,,,,HSV1_KOS,HHV7
SRR22753443,0,,,,,3,,,,0,,,,,3,,,,0,HSV1_KOS,combined_herpes_viruses
SRR22753443,0,,,,,3,,,0,,,,,,3,,,0,,HSV1_KOS,VZV_Ellen
SRR22753443,0,0,,,,3,,,,,0,,,,3,,,,,HSV1_KOS,EBV
SRR22753443,0,,0,,,3,,,,,,0,,,3,,,,,HSV1_KOS,HCMV
SRR22753443,0,,,0,,3,,,,,,,0,,3,,,,,HSV1_KOS,HHV6B
SRR22753443,0,,,,,,0,1,,,,,,,,0,1,,,HSV2_StrainG,KSHV
SRR22753443,0,,,,0,,0,,,,,,,0,,0,,,,HSV2_StrainG,HHV7
SRR22753443,0,,,,,,0,,,0,,,,,,0,,,0,HSV2_StrainG,combined_herpes_viruses
SRR22753443,0,,,,,,0,,0,,,,,,,0,,0,,HSV2_StrainG,VZV_Ellen
SRR22753443,0,0,,,,,0,,,,0,,,,,0,,,,HSV2_StrainG,EBV
SRR22753443,0,,0,,,,0,,,,,0,,,,0,,,,HSV2_StrainG,HCMV
SRR22753443,0,,,0,,,0,,,,,,0,,,0,,,,HSV2_StrainG,HHV6B
SRR22753443,0,,,,0,,,1,,,,,,0,,,1,,,KSHV,HHV7
SRR22753443,0,,,,,,,1,,0,,,,,,,1,,0,KSHV,combined_herpes_viruses
SRR22753443,0,,,,,,,1,0,,,,,,,,1,0,,KSHV,VZV_Ellen
SRR22753443,0,0,,,,,,1,,,0,,,,,,1,,,KSHV,EBV
SRR22753443,0,,0,,,,,1,,,,0,,,,,1,,,KSHV,HCMV
SRR22753443,0,,,0,,,,1,,,,,0,,,,1,,,KSHV,HHV6B
SRR22753443,0,,,,0,,,,,0,,,,0,,,,,0,HHV7,combined_herpes_viruses
SRR22753443,0,,,,0,,,,0,,,,,0,,,,0,,HHV7,VZV_Ellen
SRR22753443,0,0,,,0,,,,,,0,,,0,,,,,,HHV7,EBV
SRR22753443,0,,0,,0,,,,,,,0,,0,,,,,,HHV7,HCMV
SRR22753443,0,,,0,0,,,,,,,,0,0,,,,,,HHV7,HHV6B
SRR22753443,0,,,,,,,,0,0,,,,,,,,0,0,combined_herpes_viruses,VZV_Ellen
SRR22753443,0,0,,,,,,,,0,0,,,,,,,,0,combined_herpes_viruses,EBV
SRR22753443,0,,0,,,,,,,0,,0,,,,,,,0,combined_herpes_viruses,HCMV
SRR22753443,0,,,0,,,,,,0,,,0,,,,,,0,combined_herpes_viruses,HHV6B
SRR22753443,0,0,,,,,,,0,,0,,,,,,,0,,VZV_Ellen,EBV
SRR22753443,0,,0,,,,,,0,,,0,,,,,,0,,VZV_Ellen,HCMV
SRR22753443,0,,,0,,,,,0,,,,0,,,,,0,,VZV_Ellen,HHV6B
SRR22753443,0,0,0,,,,,,,,0,0,,,,,,,,EBV,HCMV
SRR22753443,0,0,,0,,,,,,,0,,0,,,,,,,EBV,HHV6B
SRR22753443,0,,0,0,,,,,,,,0,0,,,,,,,HCMV,HHV6B
SRR22753443,3,,,,,3,,,,,,,,,0,,,,,HSV1_KOS,HSV1_KOS
SRR22753443,0,,,,,,0,,,,,,,,,0,,,,HSV2_StrainG,HSV2_StrainG
SRR22753443,1,,,,,,,1,,,,,,,,,0,,,KSHV,KSHV
SRR22753443,0,,,,0,,,,,,,,,0,,,,,,HHV7,HHV7
SRR22753443,0,,,,,,,,,0,,,,,,,,,0,combined_herpes_viruses,combined_herpes_viruses
SRR22753443,0,,,,,,,,0,,,,,,,,,0,,VZV_Ellen,VZV_Ellen
SRR22753443,0,0,,,,,,,,,0,,,,,,,,,EBV,EBV
SRR22753443,0,,0,,,,,,,,,0,,,,,,,,HCMV,HCMV
SRR22753443,0,,,0,,,,,,,,,0,,,,,,,HHV6B,HHV6B
SRR22753395,0,0,,,,,,,0,,0,,,,,,,0,,EBV,VZV_Ellen
SRR22753395,0,0,,0,,,,,,,0,,0,,,,,,,EBV,HHV6B
SRR22753395,0,0,,,,,2,,,,0,,,,,2,,,,EBV,HSV2_StrainG
SRR22753395,0,0,,,0,,,,,,0,,,0,,,,,,EBV,HHV7
SRR22753395,0,0,,,,,,8,,,0,,,,,,8,,,EBV,KSHV
SRR22753395,0,0,0,,,,,,,,0,0,,,,,,,,EBV,HCMV
SRR22753395,0,0,,,,15,,,,,0,,,,15,,,,,EBV,HSV1_KOS
SRR22753395,0,0,,,,,,,,6,0,,,,,,,,6,EBV,combined_herpes_viruses
SRR22753395,0,,,0,,,,,0,,,,0,,,,,0,,VZV_Ellen,HHV6B
SRR22753395,0,,,,,,2,,0,,,,,,,2,,0,,VZV_Ellen,HSV2_StrainG
SRR22753395,0,,,,0,,,,0,,,,,0,,,,0,,VZV_Ellen,HHV7
SRR22753395,0,,,,,,,8,0,,,,,,,,8,0,,VZV_Ellen,KSHV
SRR22753395,0,,0,,,,,,0,,,0,,,,,,0,,VZV_Ellen,HCMV
SRR22753395,0,,,,,15,,,0,,,,,,15,,,0,,VZV_Ellen,HSV1_KOS
SRR22753395,0,,,,,,,,0,6,,,,,,,,0,6,VZV_Ellen,combined_herpes_viruses
SRR22753395,0,,,0,,,2,,,,,,0,,,2,,,,HHV6B,HSV2_StrainG
SRR22753395,0,,,0,0,,,,,,,,0,0,,,,,,HHV6B,HHV7
SRR22753395,0,,,0,,,,8,,,,,0,,,,8,,,HHV6B,KSHV
SRR22753395,0,,0,0,,,,,,,,0,0,,,,,,,HHV6B,HCMV
SRR22753395,0,,,0,,15,,,,,,,0,,15,,,,,HHV6B,HSV1_KOS
SRR22753395,0,,,0,,,,,,6,,,0,,,,,,6,HHV6B,combined_herpes_viruses
SRR22753395,0,,,,0,,2,,,,,,,0,,2,,,,HSV2_StrainG,HHV7
SRR22753395,0,,,,,,2,8,,,,,,,,2,8,,,HSV2_StrainG,KSHV
SRR22753395,0,,0,,,,2,,,,,0,,,,2,,,,HSV2_StrainG,HCMV
SRR22753395,0,,,,,15,2,,,,,,,,15,2,,,,HSV2_StrainG,HSV1_KOS
SRR22753395,0,,,,,,2,,,6,,,,,,2,,,6,HSV2_StrainG,combined_herpes_viruses
SRR22753395,0,,,,0,,,8,,,,,,0,,,8,,,HHV7,KSHV
SRR22753395,0,,0,,0,,,,,,,0,,0,,,,,,HHV7,HCMV
SRR22753395,0,,,,0,15,,,,,,,,0,15,,,,,HHV7,HSV1_KOS
SRR22753395,0,,,,0,,,,,6,,,,0,,,,,6,HHV7,combined_herpes_viruses
SRR22753395,0,,0,,,,,8,,,,0,,,,,8,,,KSHV,HCMV
SRR22753395,0,,,,,15,,8,,,,,,,15,,8,,,KSHV,HSV1_KOS
SRR22753395,0,,,,,,,8,,6,,,,,,,8,,6,KSHV,combined_herpes_viruses
SRR22753395,0,,0,,,15,,,,,,0,,,15,,,,,HCMV,HSV1_KOS
SRR22753395,0,,0,,,,,,,6,,0,,,,,,,6,HCMV,combined_herpes_viruses
SRR22753395,5,,,,,15,,,,6,,,,,10,,,,1,HSV1_KOS,combined_herpes_viruses
SRR22753395,0,0,,,,,,,,,0,,,,,,,,,EBV,EBV
SRR22753395,0,,,,,,,,0,,,,,,,,,0,,VZV_Ellen,VZV_Ellen
SRR22753395,0,,,0,,,,,,,,,0,,,,,,,HHV6B,HHV6B
SRR22753395,2,,,,,,2,,,,,,,,,0,,,,HSV2_StrainG,HSV2_StrainG
SRR22753395,0,,,,0,,,,,,,,,0,,,,,,HHV7,HHV7
SRR22753395,8,,,,,,,8,,,,,,,,,0,,,KSHV,KSHV
SRR22753395,0,,0,,,,,,,,,0,,,,,,,,HCMV,HCMV
SRR22753395,15,,,,,15,,,,,,,,,0,,,,,HSV1_KOS,HSV1_KOS
SRR22753395,6,,,,,,,,,6,,,,,,,,,0,combined_herpes_viruses,combined_herpes_viruses
SRR22753366,0,,,0,,,1,,,,,,0,,,1,,,,HSV2_StrainG,HHV6B
SRR22753366,0,0,,,,,1,,,,0,,,,,1,,,,HSV2_StrainG,EBV
SRR22753366,1,,,,,,1,,,222,,,,,,0,,,221,HSV2_StrainG,combined_herpes_viruses
SRR22753366,0,,,,0,,1,,,,,,,0,,1,,,,HSV2_StrainG,HHV7
SRR22753366,0,,,,,,1,,0,,,,,,,1,,0,,HSV2_StrainG,VZV_Ellen
SRR22753366,0,,0,,,,1,,,,,0,,,,1,,,,HSV2_StrainG,HCMV
SRR22753366,0,,,,,288,1,,,,,,,,288,1,,,,HSV2_StrainG,HSV1_KOS
SRR22753366,0,,,,,,1,9,,,,,,,,1,9,,,HSV2_StrainG,KSHV
SRR22753366,0,0,,0,,,,,,,0,,0,,,,,,,HHV6B,EBV
SRR22753366,0,,,0,,,,,,222,,,0,,,,,,222,HHV6B,combined_herpes_viruses
SRR22753366,0,,,0,0,,,,,,,,0,0,,,,,,HHV6B,HHV7
SRR22753366,0,,,0,,,,,0,,,,0,,,,,0,,HHV6B,VZV_Ellen
SRR22753366,0,,0,0,,,,,,,,0,0,,,,,,,HHV6B,HCMV
SRR22753366,0,,,0,,288,,,,,,,0,,288,,,,,HHV6B,HSV1_KOS
SRR22753366,0,,,0,,,,9,,,,,0,,,,9,,,HHV6B,KSHV
SRR22753366,0,0,,,,,,,,222,0,,,,,,,,222,EBV,combined_herpes_viruses
SRR22753366,0,0,,,0,,,,,,0,,,0,,,,,,EBV,HHV7
SRR22753366,0,0,,,,,,,0,,0,,,,,,,0,,EBV,VZV_Ellen
SRR22753366,0,0,0,,,,,,,,0,0,,,,,,,,EBV,HCMV
SRR22753366,0,0,,,,288,,,,,0,,,,288,,,,,EBV,HSV1_KOS
SRR22753366,0,0,,,,,,9,,,0,,,,,,9,,,EBV,KSHV
SRR22753366,0,,,,0,,,,,222,,,,0,,,,,222,combined_herpes_viruses,HHV7
SRR22753366,0,,,,,,,,0,222,,,,,,,,0,222,combined_herpes_viruses,VZV_Ellen
SRR22753366,0,,0,,,,,,,222,,0,,,,,,,222,combined_herpes_viruses,HCMV
SRR22753366,178,,,,,288,,,,222,,,,,110,,,,44,combined_herpes_viruses,HSV1_KOS
SRR22753366,1,,,,,,,9,,222,,,,,,,8,,221,combined_herpes_viruses,KSHV
SRR22753366,0,,,,0,,,,0,,,,,0,,,,0,,HHV7,VZV_Ellen
SRR22753366,0,,0,,0,,,,,,,0,,0,,,,,,HHV7,HCMV
SRR22753366,0,,,,0,288,,,,,,,,0,288,,,,,HHV7,HSV1_KOS
SRR22753366,0,,,,0,,,9,,,,,,0,,,9,,,HHV7,KSHV
SRR22753366,0,,0,,,,,,0,,,0,,,,,,0,,VZV_Ellen,HCMV
SRR22753366,0,,,,,288,,,0,,,,,,288,,,0,,VZV_Ellen,HSV1_KOS
SRR22753366,0,,,,,,,9,0,,,,,,,,9,0,,VZV_Ellen,KSHV
SRR22753366,0,,0,,,288,,,,,,0,,,288,,,,,HCMV,HSV1_KOS
SRR22753366,0,,0,,,,,9,,,,0,,,,,9,,,HCMV,KSHV
SRR22753366,0,,,,,288,,9,,,,,,,288,,9,,,HSV1_KOS,KSHV
SRR22753366,1,,,,,,1,,,,,,,,,0,,,,HSV2_StrainG,HSV2_StrainG
SRR22753366,0,,,0,,,,,,,,,0,,,,,,,HHV6B,HHV6B
SRR22753366,0,0,,,,,,,,,0,,,,,,,,,EBV,EBV
SRR22753366,222,,,,,,,,,222,,,,,,,,,0,combined_herpes_viruses,combined_herpes_viruses
SRR22753366,0,,,,0,,,,,,,,,0,,,,,,HHV7,HHV7
SRR22753366,0,,,,,,,,0,,,,,,,,,0,,VZV_Ellen,VZV_Ellen
SRR22753366,0,,0,,,,,,,,,0,,,,,,,,HCMV,HCMV
SRR22753366,288,,,,,288,,,,,,,,,0,,,,,HSV1_KOS,HSV1_KOS
SRR22753366,9,,,,,,,9,,,,,,,,,0,,,KSHV,KSHV
SRR22753568,0,0,,,0,,,,,,0,,,0,,,,,,EBV,HHV7
SRR22753568,0,0,,,,,10,,,,0,,,,,10,,,,EBV,HSV2_StrainG
SRR22753568,0,0,,,,,,,0,,0,,,,,,,0,,EBV,VZV_Ellen
SRR22753568,0,0,0,,,,,,,,0,0,,,,,,,,EBV,HCMV
SRR22753568,0,0,,,,,,12,,,0,,,,,,12,,,EBV,KSHV
SRR22753568,0,0,,0,,,,,,,0,,0,,,,,,,EBV,HHV6B
SRR22753568,0,0,,,,22,,,,,0,,,,22,,,,,EBV,HSV1_KOS
SRR22753568,0,0,,,,,,,,17,0,,,,,,,,17,EBV,combined_herpes_viruses
SRR22753568,0,,,,0,,10,,,,,,,0,,10,,,,HHV7,HSV2_StrainG
SRR22753568,0,,,,0,,,,0,,,,,0,,,,0,,HHV7,VZV_Ellen
SRR22753568,0,,0,,0,,,,,,,0,,0,,,,,,HHV7,HCMV
SRR22753568,0,,,,0,,,12,,,,,,0,,,12,,,HHV7,KSHV
SRR22753568,0,,,0,0,,,,,,,,0,0,,,,,,HHV7,HHV6B
SRR22753568,0,,,,0,22,,,,,,,,0,22,,,,,HHV7,HSV1_KOS
SRR22753568,0,,,,0,,,,,17,,,,0,,,,,17,HHV7,combined_herpes_viruses
SRR22753568,0,,,,,,10,,0,,,,,,,10,,0,,HSV2_StrainG,VZV_Ellen
SRR22753568,0,,0,,,,10,,,,,0,,,,10,,,,HSV2_StrainG,HCMV
SRR22753568,0,,,,,,10,12,,,,,,,,10,12,,,HSV2_StrainG,KSHV
SRR22753568,0,,,0,,,10,,,,,,0,,,10,,,,HSV2_StrainG,HHV6B
SRR22753568,0,,,,,22,10,,,,,,,,22,10,,,,HSV2_StrainG,HSV1_KOS
SRR22753568,0,,,,,,10,,,17,,,,,,10,,,17,HSV2_StrainG,combined_herpes_viruses
SRR22753568,0,,0,,,,,,0,,,0,,,,,,0,,VZV_Ellen,HCMV
SRR22753568,0,,,,,,,12,0,,,,,,,,12,0,,VZV_Ellen,KSHV
SRR22753568,0,,,0,,,,,0,,,,0,,,,,0,,VZV_Ellen,HHV6B
SRR22753568,0,,,,,22,,,0,,,,,,22,,,0,,VZV_Ellen,HSV1_KOS
SRR22753568,0,,,,,,,,0,17,,,,,,,,0,17,VZV_Ellen,combined_herpes_viruses
SRR22753568,0,,0,,,,,12,,,,0,,,,,12,,,HCMV,KSHV
SRR22753568,0,,0,0,,,,,,,,0,0,,,,,,,HCMV,HHV6B
SRR22753568,0,,0,,,22,,,,,,0,,,22,,,,,HCMV,HSV1_KOS
SRR22753568,0,,0,,,,,,,17,,0,,,,,,,17,HCMV,combined_herpes_viruses
SRR22753568,0,,,0,,,,12,,,,,0,,,,12,,,KSHV,HHV6B
SRR22753568,0,,,,,22,,12,,,,,,,22,,12,,,KSHV,HSV1_KOS
SRR22753568,2,,,,,,,12,,17,,,,,,,10,,15,KSHV,combined_herpes_viruses
SRR22753568,0,,,0,,22,,,,,,,0,,22,,,,,HHV6B,HSV1_KOS
SRR22753568,0,,,0,,,,,,17,,,0,,,,,,17,HHV6B,combined_herpes_viruses
SRR22753568,11,,,,,22,,,,17,,,,,11,,,,6,HSV1_KOS,combined_herpes_viruses
SRR22753568,0,0,,,,,,,,,0,,,,,,,,,EBV,EBV
SRR22753568,0,,,,0,,,,,,,,,0,,,,,,HHV7,HHV7
SRR22753568,10,,,,,,10,,,,,,,,,0,,,,HSV2_StrainG,HSV2_StrainG
SRR22753568,0,,,,,,,,0,,,,,,,,,0,,VZV_Ellen,VZV_Ellen
SRR22753568,0,,0,,,,,,,,,0,,,,,,,,HCMV,HCMV
SRR22753568,12,,,,,,,12,,,,,,,,,0,,,KSHV,KSHV
SRR22753568,0,,,0,,,,,,,,,0,,,,,,,HHV6B,HHV6B
SRR22753568,22,,,,,22,,,,,,,,,0,,,,,HSV1_KOS,HSV1_KOS
SRR22753568,17,,,,,,,,,17,,,,,,,,,0,combined_herpes_viruses,combined_herpes_viruses
SRR22753553,0,,0,,,,,3,,,,0,,,,,3,,,KSHV,HCMV
SRR22753553,0,,,0,,,,3,,,,,0,,,,3,,,KSHV,HHV6B
SRR22753553,0,,,,,3,,3,,,,,,,3,,3,,,KSHV,HSV1_KOS
SRR22753553,0,,,,,,7,3,,,,,,,,7,3,,,KSHV,HSV2_StrainG
SRR22753553,0,,,,,,,3,0,,,,,,,,3,0,,KSHV,VZV_Ellen
SRR22753553,0,,,,0,,,3,,,,,,0,,,3,,,KSHV,HHV7
SRR22753553,0,0,,,,,,3,,,0,,,,,,3,,,KSHV,EBV
SRR22753553,1,,,,,,,3,,2,,,,,,,2,,1,KSHV,combined_herpes_viruses
SRR22753553,0,,0,0,,,,,,,,0,0,,,,,,,HCMV,HHV6B
SRR22753553,0,,0,,,3,,,,,,0,,,3,,,,,HCMV,HSV1_KOS
SRR22753553,0,,0,,,,7,,,,,0,,,,7,,,,HCMV,HSV2_StrainG
SRR22753553,0,,0,,,,,,0,,,0,,,,,,0,,HCMV,VZV_Ellen
SRR22753553,0,,0,,0,,,,,,,0,,0,,,,,,HCMV,HHV7
SRR22753553,0,0,0,,,,,,,,0,0,,,,,,,,HCMV,EBV
SRR22753553,0,,0,,,,,,,2,,0,,,,,,,2,HCMV,combined_herpes_viruses
SRR22753553,0,,,0,,3,,,,,,,0,,3,,,,,HHV6B,HSV1_KOS
SRR22753553,0,,,0,,,7,,,,,,0,,,7,,,,HHV6B,HSV2_StrainG
SRR22753553,0,,,0,,,,,0,,,,0,,,,,0,,HHV6B,VZV_Ellen
SRR22753553,0,,,0,0,,,,,,,,0,0,,,,,,HHV6B,HHV7
SRR22753553,0,0,,0,,,,,,,0,,0,,,,,,,HHV6B,EBV
SRR22753553,0,,,0,,,,,,2,,,0,,,,,,2,HHV6B,combined_herpes_viruses
SRR22753553,0,,,,,3,7,,,,,,,,3,7,,,,HSV1_KOS,HSV2_StrainG
SRR22753553,0,,,,,3,,,0,,,,,,3,,,0,,HSV1_KOS,VZV_Ellen
SRR22753553,0,,,,0,3,,,,,,,,0,3,,,,,HSV1_KOS,HHV7
SRR22753553,0,0,,,,3,,,,,0,,,,3,,,,,HSV1_KOS,EBV
SRR22753553,1,,,,,3,,,,2,,,,,2,,,,1,HSV1_KOS,combined_herpes_viruses
SRR22753553,0,,,,,,7,,0,,,,,,,7,,0,,HSV2_StrainG,VZV_Ellen
SRR22753553,0,,,,0,,7,,,,,,,0,,7,,,,HSV2_StrainG,HHV7
SRR22753553,0,0,,,,,7,,,,0,,,,,7,,,,HSV2_StrainG,EBV
SRR22753553,0,,,,,,7,,,2,,,,,,7,,,2,HSV2_StrainG,combined_herpes_viruses
SRR22753553,0,,,,0,,,,0,,,,,0,,,,0,,VZV_Ellen,HHV7
SRR22753553,0,0,,,,,,,0,,0,,,,,,,0,,VZV_Ellen,EBV
SRR22753553,0,,,,,,,,0,2,,,,,,,,0,2,VZV_Ellen,combined_herpes_viruses
SRR22753553,0,0,,,0,,,,,,0,,,0,,,,,,HHV7,EBV
SRR22753553,0,,,,0,,,,,2,,,,0,,,,,2,HHV7,combined_herpes_viruses
SRR22753553,0,0,,,,,,,,2,0,,,,,,,,2,EBV,combined_herpes_viruses
SRR22753553,3,,,,,,,3,,,,,,,,,0,,,KSHV,KSHV
SRR22753553,0,,0,,,,,,,,,0,,,,,,,,HCMV,HCMV
SRR22753553,0,,,0,,,,,,,,,0,,,,,,,HHV6B,HHV6B
SRR22753553,3,,,,,3,,,,,,,,,0,,,,,HSV1_KOS,HSV1_KOS
SRR22753553,7,,,,,,7,,,,,,,,,0,,,,HSV2_StrainG,HSV2_StrainG
SRR22753553,0,,,,,,,,0,,,,,,,,,0,,VZV_Ellen,VZV_Ellen
SRR22753553,0,,,,0,,,,,,,,,0,,,,,,HHV7,HHV7
SRR22753553,0,0,,,,,,,,,0,,,,,,,,,EBV,EBV
SRR22753553,2,,,,,,,,,2,,,,,,,,,0,combined_herpes_viruses,combined_herpes_viruses
SRR22753522,0,,,,,10,3,,,,,,,,10,3,,,,HSV2_StrainG,HSV1_KOS
SRR22753522,0,0,,,,,3,,,,0,,,,,3,,,,HSV2_StrainG,EBV
SRR22753522,0,,,1,,,3,,,,,,1,,,3,,,,HSV2_StrainG,HHV6B
SRR22753522,0,,0,,,,3,,,,,0,,,,3,,,,HSV2_StrainG,HCMV
SRR22753522,0,,,,,,3,,0,,,,,,,3,,0,,HSV2_StrainG,VZV_Ellen
SRR22753522,0,,,,0,,3,,,,,,,0,,3,,,,HSV2_StrainG,HHV7
SRR22753522,0,,,,,,3,,,11,,,,,,3,,,11,HSV2_StrainG,combined_herpes_viruses
SRR22753522,0,,,,,,3,6,,,,,,,,3,6,,,HSV2_StrainG,KSHV
SRR22753522,0,0,,,,10,,,,,0,,,,10,,,,,HSV1_KOS,EBV
SRR22753522,0,,,1,,10,,,,,,,1,,10,,,,,HSV1_KOS,HHV6B
SRR22753522,0,,0,,,10,,,,,,0,,,10,,,,,HSV1_KOS,HCMV
SRR22753522,0,,,,,10,,,0,,,,,,10,,,0,,HSV1_KOS,VZV_Ellen
SRR22753522,0,,,,0,10,,,,,,,,0,10,,,,,HSV1_KOS,HHV7
SRR22753522,3,,,,,10,,,,11,,,,,7,,,,8,HSV1_KOS,combined_herpes_viruses
SRR22753522,0,,,,,10,,6,,,,,,,10,,6,,,HSV1_KOS,KSHV
SRR22753522,0,0,,1,,,,,,,0,,1,,,,,,,EBV,HHV6B
SRR22753522,0,0,0,,,,,,,,0,0,,,,,,,,EBV,HCMV
SRR22753522,0,0,,,,,,,0,,0,,,,,,,0,,EBV,VZV_Ellen
SRR22753522,0,0,,,0,,,,,,0,,,0,,,,,,EBV,HHV7
SRR22753522,0,0,,,,,,,,11,0,,,,,,,,11,EBV,combined_herpes_viruses
SRR22753522,0,0,,,,,,6,,,0,,,,,,6,,,EBV,KSHV
SRR22753522,0,,0,1,,,,,,,,0,1,,,,,,,HHV6B,HCMV
SRR22753522,0,,,1,,,,,0,,,,1,,,,,0,,HHV6B,VZV_Ellen
SRR22753522,0,,,1,0,,,,,,,,1,0,,,,,,HHV6B,HHV7
SRR22753522,1,,,1,,,,,,11,,,0,,,,,,10,HHV6B,combined_herpes_viruses
SRR22753522,0,,,1,,,,6,,,,,1,,,,6,,,HHV6B,KSHV
SRR22753522,0,,0,,,,,,0,,,0,,,,,,0,,HCMV,VZV_Ellen
SRR22753522,0,,0,,0,,,,,,,0,,0,,,,,,HCMV,HHV7
SRR22753522,0,,0,,,,,,,11,,0,,,,,,,11,HCMV,combined_herpes_viruses
SRR22753522,0,,0,,,,,6,,,,0,,,,,6,,,HCMV,KSHV
SRR22753522,0,,,,0,,,,0,,,,,0,,,,0,,VZV_Ellen,HHV7
SRR22753522,0,,,,,,,,0,11,,,,,,,,0,11,VZV_Ellen,combined_herpes_viruses
SRR22753522,0,,,,,,,6,0,,,,,,,,6,0,,VZV_Ellen,KSHV
SRR22753522,0,,,,0,,,,,11,,,,0,,,,,11,HHV7,combined_herpes_viruses
SRR22753522,0,,,,0,,,6,,,,,,0,,,6,,,HHV7,KSHV
SRR22753522,1,,,,,,,6,,11,,,,,,,5,,10,combined_herpes_viruses,KSHV
SRR22753522,3,,,,,,3,,,,,,,,,0,,,,HSV2_StrainG,HSV2_StrainG
SRR22753522,10,,,,,10,,,,,,,,,0,,,,,HSV1_KOS,HSV1_KOS
SRR22753522,0,0,,,,,,,,,0,,,,,,,,,EBV,EBV
SRR22753522,1,,,1,,,,,,,,,0,,,,,,,HHV6B,HHV6B
SRR22753522,0,,0,,,,,,,,,0,,,,,,,,HCMV,HCMV
SRR22753522,0,,,,,,,,0,,,,,,,,,0,,VZV_Ellen,VZV_Ellen
SRR22753522,0,,,,0,,,,,,,,,0,,,,,,HHV7,HHV7
SRR22753522,11,,,,,,,,,11,,,,,,,,,0,combined_herpes_viruses,combined_herpes_viruses
SRR22753522,6,,,,,,,6,,,,,,,,,0,,,KSHV,KSHV
SRR22753542,0,,,,,,,2,0,,,,,,,,2,0,,VZV_Ellen,KSHV
SRR22753542,0,,,,0,,,,0,,,,,0,,,,0,,VZV_Ellen,HHV7
SRR22753542,0,0,,,,,,,0,,0,,,,,,,0,,VZV_Ellen,EBV
SRR22753542,0,,,,,0,,,0,,,,,,0,,,0,,VZV_Ellen,HSV1_KOS
SRR22753542,0,,0,,,,,,0,,,0,,,,,,0,,VZV_Ellen,HCMV
SRR22753542,0,,,0,,,,,0,,,,0,,,,,0,,VZV_Ellen,HHV6B
SRR22753542,0,,,,,,2,,0,,,,,,,2,,0,,VZV_Ellen,HSV2_StrainG
SRR22753542,0,,,,,,,,0,2,,,,,,,,0,2,VZV_Ellen,combined_herpes_viruses
SRR22753542,0,,,,0,,,2,,,,,,0,,,2,,,KSHV,HHV7
SRR22753542,0,0,,,,,,2,,,0,,,,,,2,,,KSHV,EBV
SRR22753542,0,,,,,0,,2,,,,,,,0,,2,,,KSHV,HSV1_KOS
SRR22753542,0,,0,,,,,2,,,,0,,,,,2,,,KSHV,HCMV
SRR22753542,0,,,0,,,,2,,,,,0,,,,2,,,KSHV,HHV6B
SRR22753542,0,,,,,,2,2,,,,,,,,2,2,,,KSHV,HSV2_StrainG
SRR22753542,0,,,,,,,2,,2,,,,,,,2,,2,KSHV,combined_herpes_viruses
SRR22753542,0,0,,,0,,,,,,0,,,0,,,,,,HHV7,EBV
SRR22753542,0,,,,0,0,,,,,,,,0,0,,,,,HHV7,HSV1_KOS
SRR22753542,0,,0,,0,,,,,,,0,,0,,,,,,HHV7,HCMV
SRR22753542,0,,,0,0,,,,,,,,0,0,,,,,,HHV7,HHV6B
SRR22753542,0,,,,0,,2,,,,,,,0,,2,,,,HHV7,HSV2_StrainG
SRR22753542,0,,,,0,,,,,2,,,,0,,,,,2,HHV7,combined_herpes_viruses
SRR22753542,0,0,,,,0,,,,,0,,,,0,,,,,EBV,HSV1_KOS
SRR22753542,0,0,0,,,,,,,,0,0,,,,,,,,EBV,HCMV
SRR22753542,0,0,,0,,,,,,,0,,0,,,,,,,EBV,HHV6B
SRR22753542,0,0,,,,,2,,,,0,,,,,2,,,,EBV,HSV2_StrainG
SRR22753542,0,0,,,,,,,,2,0,,,,,,,,2,EBV,combined_herpes_viruses
SRR22753542,0,,0,,,0,,,,,,0,,,0,,,,,HSV1_KOS,HCMV
SRR22753542,0,,,0,,0,,,,,,,0,,0,,,,,HSV1_KOS,HHV6B
SRR22753542,0,,,,,0,2,,,,,,,,0,2,,,,HSV1_KOS,HSV2_StrainG
SRR22753542,0,,,,,0,,,,2,,,,,0,,,,2,HSV1_KOS,combined_herpes_viruses
SRR22753542,0,,0,0,,,,,,,,0,0,,,,,,,HCMV,HHV6B
SRR22753542,0,,0,,,,2,,,,,0,,,,2,,,,HCMV,HSV2_StrainG
SRR22753542,0,,0,,,,,,,2,,0,,,,,,,2,HCMV,combined_herpes_viruses
SRR22753542,0,,,0,,,2,,,,,,0,,,2,,,,HHV6B,HSV2_StrainG
SRR22753542,0,,,0,,,,,,2,,,0,,,,,,2,HHV6B,combined_herpes_viruses
SRR22753542,0,,,,,,2,,,2,,,,,,2,,,2,HSV2_StrainG,combined_herpes_viruses
SRR22753542,0,,,,,,,,0,,,,,,,,,0,,VZV_Ellen,VZV_Ellen
SRR22753542,2,,,,,,,2,,,,,,,,,0,,,KSHV,KSHV
SRR22753542,0,,,,0,,,,,,,,,0,,,,,,HHV7,HHV7
SRR22753542,0,0,,,,,,,,,0,,,,,,,,,EBV,EBV
SRR22753542,0,,,,,0,,,,,,,,,0,,,,,HSV1_KOS,HSV1_KOS
SRR22753542,0,,0,,,,,,,,,0,,,,,,,,HCMV,HCMV
SRR22753542,0,,,0,,,,,,,,,0,,,,,,,HHV6B,HHV6B
SRR22753542,2,,,,,,2,,,,,,,,,0,,,,HSV2_StrainG,HSV2_StrainG
SRR22753542,2,,,,,,,,,2,,,,,,,,,0,combined_herpes_viruses,combined_herpes_viruses
SRR22753513,0,,,1,,,,,0,,,,1,,,,,0,,VZV_Ellen,HHV6B
SRR22753513,0,0,,,,,,,0,,0,,,,,,,0,,VZV_Ellen,EBV
SRR22753513,0,,,,,,0,,0,,,,,,,0,,0,,VZV_Ellen,HSV2_StrainG
SRR22753513,0,,,,,,,2,0,,,,,,,,2,0,,VZV_Ellen,KSHV
SRR22753513,0,,,,0,,,,0,,,,,0,,,,0,,VZV_Ellen,HHV7
SRR22753513,0,,,,,7,,,0,,,,,,7,,,0,,VZV_Ellen,HSV1_KOS
SRR22753513,0,,0,,,,,,0,,,0,,,,,,0,,VZV_Ellen,HCMV
SRR22753513,0,,,,,,,,0,8,,,,,,,,0,8,VZV_Ellen,combined_herpes_viruses
SRR22753513,0,0,,1,,,,,,,0,,1,,,,,,,HHV6B,EBV
SRR22753513,0,,,1,,,0,,,,,,1,,,0,,,,HHV6B,HSV2_StrainG
SRR22753513,0,,,1,,,,2,,,,,1,,,,2,,,HHV6B,KSHV
SRR22753513,0,,,1,0,,,,,,,,1,0,,,,,,HHV6B,HHV7
SRR22753513,0,,,1,,7,,,,,,,1,,7,,,,,HHV6B,HSV1_KOS
SRR22753513,0,,0,1,,,,,,,,0,1,,,,,,,HHV6B,HCMV
SRR22753513,0,,,1,,,,,,8,,,1,,,,,,8,HHV6B,combined_herpes_viruses
SRR22753513,0,0,,,,,0,,,,0,,,,,0,,,,EBV,HSV2_StrainG
SRR22753513,0,0,,,,,,2,,,0,,,,,,2,,,EBV,KSHV
SRR22753513,0,0,,,0,,,,,,0,,,0,,,,,,EBV,HHV7
SRR22753513,0,0,,,,7,,,,,0,,,,7,,,,,EBV,HSV1_KOS
SRR22753513,0,0,0,,,,,,,,0,0,,,,,,,,EBV,HCMV
SRR22753513,0,0,,,,,,,,8,0,,,,,,,,8,EBV,combined_herpes_viruses
SRR22753513,0,,,,,,0,2,,,,,,,,0,2,,,HSV2_StrainG,KSHV
SRR22753513,0,,,,0,,0,,,,,,,0,,0,,,,HSV2_StrainG,HHV7
SRR22753513,0,,,,,7,0,,,,,,,,7,0,,,,HSV2_StrainG,HSV1_KOS
SRR22753513,0,,0,,,,0,,,,,0,,,,0,,,,HSV2_StrainG,HCMV
SRR22753513,0,,,,,,0,,,8,,,,,,0,,,8,HSV2_StrainG,combined_herpes_viruses
SRR22753513,0,,,,0,,,2,,,,,,0,,,2,,,KSHV,HHV7
SRR22753513,0,,,,,7,,2,,,,,,,7,,2,,,KSHV,HSV1_KOS
SRR22753513,0,,0,,,,,2,,,,0,,,,,2,,,KSHV,HCMV
SRR22753513,0,,,,,,,2,,8,,,,,,,2,,8,KSHV,combined_herpes_viruses
SRR22753513,0,,,,0,7,,,,,,,,0,7,,,,,HHV7,HSV1_KOS
SRR22753513,0,,0,,0,,,,,,,0,,0,,,,,,HHV7,HCMV
SRR22753513,0,,,,0,,,,,8,,,,0,,,,,8,HHV7,combined_herpes_viruses
SRR22753513,0,,0,,,7,,,,,,0,,,7,,,,,HSV1_KOS,HCMV
SRR22753513,4,,,,,7,,,,8,,,,,3,,,,4,HSV1_KOS,combined_herpes_viruses
SRR22753513,0,,0,,,,,,,8,,0,,,,,,,8,HCMV,combined_herpes_viruses
SRR22753513,0,,,,,,,,0,,,,,,,,,0,,VZV_Ellen,VZV_Ellen
SRR22753513,1,,,1,,,,,,,,,0,,,,,,,HHV6B,HHV6B
SRR22753513,0,0,,,,,,,,,0,,,,,,,,,EBV,EBV
SRR22753513,0,,,,,,0,,,,,,,,,0,,,,HSV2_StrainG,HSV2_StrainG
SRR22753513,2,,,,,,,2,,,,,,,,,0,,,KSHV,KSHV
SRR22753513,0,,,,0,,,,,,,,,0,,,,,,HHV7,HHV7
SRR22753513,7,,,,,7,,,,,,,,,0,,,,,HSV1_KOS,HSV1_KOS
SRR22753513,0,,0,,,,,,,,,0,,,,,,,,HCMV,HCMV
SRR22753513,8,,,,,,,,,8,,,,,,,,,0,combined_herpes_viruses,combined_herpes_viruses
SRR22753383,0,,0,,,,,,0,,,0,,,,,,0,,HCMV,VZV_Ellen
SRR22753383,0,,0,0,,,,,,,,0,0,,,,,,,HCMV,HHV6B
SRR22753383,0,,0,,,15,,,,,,0,,,15,,,,,HCMV,HSV1_KOS
SRR22753383,0,,0,,,,4,,,,,0,,,,4,,,,HCMV,HSV2_StrainG
SRR22753383,0,,0,,,,,,,12,,0,,,,,,,12,HCMV,combined_herpes_viruses
SRR22753383,0,,0,,0,,,,,,,0,,0,,,,,,HCMV,HHV7
SRR22753383,0,0,0,,,,,,,,0,0,,,,,,,,HCMV,EBV
SRR22753383,0,,0,,,,,7,,,,0,,,,,7,,,HCMV,KSHV
SRR22753383,0,,,0,,,,,0,,,,0,,,,,0,,VZV_Ellen,HHV6B
SRR22753383,0,,,,,15,,,0,,,,,,15,,,0,,VZV_Ellen,HSV1_KOS
SRR22753383,0,,,,,,4,,0,,,,,,,4,,0,,VZV_Ellen,HSV2_StrainG
SRR22753383,0,,,,,,,,0,12,,,,,,,,0,12,VZV_Ellen,combined_herpes_viruses
SRR22753383,0,,,,0,,,,0,,,,,0,,,,0,,VZV_Ellen,HHV7
SRR22753383,0,0,,,,,,,0,,0,,,,,,,0,,VZV_Ellen,EBV
SRR22753383,0,,,,,,,7,0,,,,,,,,7,0,,VZV_Ellen,KSHV
SRR22753383,0,,,0,,15,,,,,,,0,,15,,,,,HHV6B,HSV1_KOS
SRR22753383,0,,,0,,,4,,,,,,0,,,4,,,,HHV6B,HSV2_StrainG
SRR22753383,0,,,0,,,,,,12,,,0,,,,,,12,HHV6B,combined_herpes_viruses
SRR22753383,0,,,0,0,,,,,,,,0,0,,,,,,HHV6B,HHV7
SRR22753383,0,0,,0,,,,,,,0,,0,,,,,,,HHV6B,EBV
SRR22753383,0,,,0,,,,7,,,,,0,,,,7,,,HHV6B,KSHV
SRR22753383,0,,,,,15,4,,,,,,,,15,4,,,,HSV1_KOS,HSV2_StrainG
SRR22753383,8,,,,,15,,,,12,,,,,7,,,,4,HSV1_KOS,combined_herpes_viruses
SRR22753383,0,,,,0,15,,,,,,,,0,15,,,,,HSV1_KOS,HHV7
SRR22753383,0,0,,,,15,,,,,0,,,,15,,,,,HSV1_KOS,EBV
SRR22753383,0,,,,,15,,7,,,,,,,15,,7,,,HSV1_KOS,KSHV
SRR22753383,0,,,,,,4,,,12,,,,,,4,,,12,HSV2_StrainG,combined_herpes_viruses
SRR22753383,0,,,,0,,4,,,,,,,0,,4,,,,HSV2_StrainG,HHV7
SRR22753383,0,0,,,,,4,,,,0,,,,,4,,,,HSV2_StrainG,EBV
SRR22753383,0,,,,,,4,7,,,,,,,,4,7,,,HSV2_StrainG,KSHV
SRR22753383,0,,,,0,,,,,12,,,,0,,,,,12,combined_herpes_viruses,HHV7
SRR22753383,0,0,,,,,,,,12,0,,,,,,,,12,combined_herpes_viruses,EBV
SRR22753383,2,,,,,,,7,,12,,,,,,,5,,10,combined_herpes_viruses,KSHV
SRR22753383,0,0,,,0,,,,,,0,,,0,,,,,,HHV7,EBV
SRR22753383,0,,,,0,,,7,,,,,,0,,,7,,,HHV7,KSHV
SRR22753383,0,0,,,,,,7,,,0,,,,,,7,,,EBV,KSHV
SRR22753383,0,,0,,,,,,,,,0,,,,,,,,HCMV,HCMV
SRR22753383,0,,,,,,,,0,,,,,,,,,0,,VZV_Ellen,VZV_Ellen
SRR22753383,0,,,0,,,,,,,,,0,,,,,,,HHV6B,HHV6B
SRR22753383,15,,,,,15,,,,,,,,,0,,,,,HSV1_KOS,HSV1_KOS
SRR22753383,4,,,,,,4,,,,,,,,,0,,,,HSV2_StrainG,HSV2_StrainG
SRR22753383,12,,,,,,,,,12,,,,,,,,,0,combined_herpes_viruses,combined_herpes_viruses
SRR22753383,0,,,,0,,,,,,,,,0,,,,,,HHV7,HHV7
SRR22753383,0,0,,,,,,,,,0,,,,,,,,,EBV,EBV
SRR22753383,7,,,,,,,7,,,,,,,,,0,,,KSHV,KSHV
SRR22753372,0,0,,,,,1,,,,0,,,,,1,,,,HSV2_StrainG,EBV
SRR22753372,0,,0,,,,1,,,,,0,,,,1,,,,HSV2_StrainG,HCMV
SRR22753372,0,,,1,,,1,,,,,,1,,,1,,,,HSV2_StrainG,HHV6B
SRR22753372,0,,,,,,1,1,,,,,,,,1,1,,,HSV2_StrainG,KSHV
SRR22753372,0,,,,,,1,,,7,,,,,,1,,,7,HSV2_StrainG,combined_herpes_viruses
SRR22753372,0,,,,,10,1,,,,,,,,10,1,,,,HSV2_StrainG,HSV1_KOS
SRR22753372,0,,,,,,1,,0,,,,,,,1,,0,,HSV2_StrainG,VZV_Ellen
SRR22753372,0,,,,0,,1,,,,,,,0,,1,,,,HSV2_StrainG,HHV7
SRR22753372,0,0,0,,,,,,,,0,0,,,,,,,,EBV,HCMV
SRR22753372,0,0,,1,,,,,,,0,,1,,,,,,,EBV,HHV6B
SRR22753372,0,0,,,,,,1,,,0,,,,,,1,,,EBV,KSHV
SRR22753372,0,0,,,,,,,,7,0,,,,,,,,7,EBV,combined_herpes_viruses
SRR22753372,0,0,,,,10,,,,,0,,,,10,,,,,EBV,HSV1_KOS
SRR22753372,0,0,,,,,,,0,,0,,,,,,,0,,EBV,VZV_Ellen
SRR22753372,0,0,,,0,,,,,,0,,,0,,,,,,EBV,HHV7
SRR22753372,0,,0,1,,,,,,,,0,1,,,,,,,HCMV,HHV6B
SRR22753372,0,,0,,,,,1,,,,0,,,,,1,,,HCMV,KSHV
SRR22753372,0,,0,,,,,,,7,,0,,,,,,,7,HCMV,combined_herpes_viruses
SRR22753372,0,,0,,,10,,,,,,0,,,10,,,,,HCMV,HSV1_KOS
SRR22753372,0,,0,,,,,,0,,,0,,,,,,0,,HCMV,VZV_Ellen
SRR22753372,0,,0,,0,,,,,,,0,,0,,,,,,HCMV,HHV7
SRR22753372,0,,,1,,,,1,,,,,1,,,,1,,,HHV6B,KSHV
SRR22753372,0,,,1,,,,,,7,,,1,,,,,,7,HHV6B,combined_herpes_viruses
SRR22753372,0,,,1,,10,,,,,,,1,,10,,,,,HHV6B,HSV1_KOS
SRR22753372,0,,,1,,,,,0,,,,1,,,,,0,,HHV6B,VZV_Ellen
SRR22753372,0,,,1,0,,,,,,,,1,0,,,,,,HHV6B,HHV7
SRR22753372,0,,,,,,,1,,7,,,,,,,1,,7,KSHV,combined_herpes_viruses
SRR22753372,0,,,,,10,,1,,,,,,,10,,1,,,KSHV,HSV1_KOS
SRR22753372,0,,,,,,,1,0,,,,,,,,1,0,,KSHV,VZV_Ellen
SRR22753372,0,,,,0,,,1,,,,,,0,,,1,,,KSHV,HHV7
SRR22753372,4,,,,,10,,,,7,,,,,6,,,,3,combined_herpes_viruses,HSV1_KOS
SRR22753372,0,,,,,,,,0,7,,,,,,,,0,7,combined_herpes_viruses,VZV_Ellen
SRR22753372,0,,,,0,,,,,7,,,,0,,,,,7,combined_herpes_viruses,HHV7
SRR22753372,0,,,,,10,,,0,,,,,,10,,,0,,HSV1_KOS,VZV_Ellen
SRR22753372,0,,,,0,10,,,,,,,,0,10,,,,,HSV1_KOS,HHV7
SRR22753372,0,,,,0,,,,0,,,,,0,,,,0,,VZV_Ellen,HHV7
SRR22753372,1,,,,,,1,,,,,,,,,0,,,,HSV2_StrainG,HSV2_StrainG
SRR22753372,0,0,,,,,,,,,0,,,,,,,,,EBV,EBV
SRR22753372,0,,0,,,,,,,,,0,,,,,,,,HCMV,HCMV
SRR22753372,1,,,1,,,,,,,,,0,,,,,,,HHV6B,HHV6B
SRR22753372,1,,,,,,,1,,,,,,,,,0,,,KSHV,KSHV
SRR22753372,7,,,,,,,,,7,,,,,,,,,0,combined_herpes_viruses,combined_herpes_viruses
SRR22753372,10,,,,,10,,,,,,,,,0,,,,,HSV1_KOS,HSV1_KOS
SRR22753372,0,,,,,,,,0,,,,,,,,,0,,VZV_Ellen,VZV_Ellen
SRR22753372,0,,,,0,,,,,,,,,0,,,,,,HHV7,HHV7
SRR22753476,0,0,,,,,,,0,,0,,,,,,,0,,VZV_Ellen,EBV
SRR22753476,0,,0,,,,,,0,,,0,,,,,,0,,VZV_Ellen,HCMV
SRR22753476,0,,,3,,,,,0,,,,3,,,,,0,,VZV_Ellen,HHV6B
SRR22753476,0,,,,,,22,,0,,,,,,,22,,0,,VZV_Ellen,HSV2_StrainG
SRR22753476,0,,,,,,,19,0,,,,,,,,19,0,,VZV_Ellen,KSHV
SRR22753476,0,,,,,31,,,0,,,,,,31,,,0,,VZV_Ellen,HSV1_KOS
SRR22753476,0,,,,0,,,,0,,,,,0,,,,0,,VZV_Ellen,HHV7
SRR22753476,0,,,,,,,,0,23,,,,,,,,0,23,VZV_Ellen,combined_herpes_viruses
SRR22753476,0,0,0,,,,,,,,0,0,,,,,,,,EBV,HCMV
SRR22753476,0,0,,3,,,,,,,0,,3,,,,,,,EBV,HHV6B
SRR22753476,0,0,,,,,22,,,,0,,,,,22,,,,EBV,HSV2_StrainG
SRR22753476,0,0,,,,,,19,,,0,,,,,,19,,,EBV,KSHV
SRR22753476,0,0,,,,31,,,,,0,,,,31,,,,,EBV,HSV1_KOS
SRR22753476,0,0,,,0,,,,,,0,,,0,,,,,,EBV,HHV7
SRR22753476,0,0,,,,,,,,23,0,,,,,,,,23,EBV,combined_herpes_viruses
SRR22753476,0,,0,3,,,,,,,,0,3,,,,,,,HCMV,HHV6B
SRR22753476,0,,0,,,,22,,,,,0,,,,22,,,,HCMV,HSV2_StrainG
SRR22753476,0,,0,,,,,19,,,,0,,,,,19,,,HCMV,KSHV
SRR22753476,0,,0,,,31,,,,,,0,,,31,,,,,HCMV,HSV1_KOS
SRR22753476,0,,0,,0,,,,,,,0,,0,,,,,,HCMV,HHV7
SRR22753476,0,,0,,,,,,,23,,0,,,,,,,23,HCMV,combined_herpes_viruses
SRR22753476,0,,,3,,,22,,,,,,3,,,22,,,,HHV6B,HSV2_StrainG
SRR22753476,1,,,3,,,,19,,,,,2,,,,18,,,HHV6B,KSHV
SRR22753476,0,,,3,,31,,,,,,,3,,31,,,,,HHV6B,HSV1_KOS
SRR22753476,0,,,3,0,,,,,,,,3,0,,,,,,HHV6B,HHV7
SRR22753476,0,,,3,,,,,,23,,,3,,,,,,23,HHV6B,combined_herpes_viruses
SRR22753476,0,,,,,,22,19,,,,,,,,22,19,,,HSV2_StrainG,KSHV
SRR22753476,0,,,,,31,22,,,,,,,,31,22,,,,HSV2_StrainG,HSV1_KOS
SRR22753476,0,,,,0,,22,,,,,,,0,,22,,,,HSV2_StrainG,HHV7
SRR22753476,1,,,,,,22,,,23,,,,,,21,,,22,HSV2_StrainG,combined_herpes_viruses
SRR22753476,0,,,,,31,,19,,,,,,,31,,19,,,KSHV,HSV1_KOS
SRR22753476,0,,,,0,,,19,,,,,,0,,,19,,,KSHV,HHV7
SRR22753476,4,,,,,,,19,,23,,,,,,,15,,19,KSHV,combined_herpes_viruses
SRR22753476,0,,,,0,31,,,,,,,,0,31,,,,,HSV1_KOS,HHV7
SRR22753476,15,,,,,31,,,,23,,,,,16,,,,8,HSV1_KOS,combined_herpes_viruses
SRR22753476,0,,,,0,,,,,23,,,,0,,,,,23,HHV7,combined_herpes_viruses
SRR22753476,0,,,,,,,,0,,,,,,,,,0,,VZV_Ellen,VZV_Ellen
SRR22753476,0,0,,,,,,,,,0,,,,,,,,,EBV,EBV
SRR22753476,0,,0,,,,,,,,,0,,,,,,,,HCMV,HCMV
SRR22753476,3,,,3,,,,,,,,,0,,,,,,,HHV6B,HHV6B
SRR22753476,22,,,,,,22,,,,,,,,,0,,,,HSV2_StrainG,HSV2_StrainG
SRR22753476,19,,,,,,,19,,,,,,,,,0,,,KSHV,KSHV
SRR22753476,31,,,,,31,,,,,,,,,0,,,,,HSV1_KOS,HSV1_KOS
SRR22753476,0,,,,0,,,,,,,,,0,,,,,,HHV7,HHV7
SRR22753476,23,,,,,,,,,23,,,,,,,,,0,combined_herpes_viruses,combined_herpes_viruses
SRR22753460,0,,1,,,203,,,,,,1,,,203,,,,,HCMV,HSV1_KOS
SRR22753460,0,,1,,0,,,,,,,1,,0,,,,,,HCMV,HHV7
SRR22753460,0,,1,,,,,,0,,,1,,,,,,0,,HCMV,VZV_Ellen
SRR22753460,0,0,1,,,,,,,,0,1,,,,,,,,HCMV,EBV
SRR22753460,0,,1,,,,4,,,,,1,,,,4,,,,HCMV,HSV2_StrainG
SRR22753460,0,,1,,,,,6,,,,1,,,,,6,,,HCMV,KSHV
SRR22753460,1,,1,,,,,,,149,,0,,,,,,,148,HCMV,combined_herpes_viruses
SRR22753460,0,,1,5,,,,,,,,1,5,,,,,,,HCMV,HHV6B
SRR22753460,0,,,,0,203,,,,,,,,0,203,,,,,HSV1_KOS,HHV7
SRR22753460,0,,,,,203,,,0,,,,,,203,,,0,,HSV1_KOS,VZV_Ellen
SRR22753460,0,0,,,,203,,,,,0,,,,203,,,,,HSV1_KOS,EBV
SRR22753460,0,,,,,203,4,,,,,,,,203,4,,,,HSV1_KOS,HSV2_StrainG
SRR22753460,0,,,,,203,,6,,,,,,,203,,6,,,HSV1_KOS,KSHV
SRR22753460,116,,,,,203,,,,149,,,,,87,,,,33,HSV1_KOS,combined_herpes_viruses
SRR22753460,0,,,5,,203,,,,,,,5,,203,,,,,HSV1_KOS,HHV6B
SRR22753460,0,,,,0,,,,0,,,,,0,,,,0,,HHV7,VZV_Ellen
SRR22753460,0,0,,,0,,,,,,0,,,0,,,,,,HHV7,EBV
SRR22753460,0,,,,0,,4,,,,,,,0,,4,,,,HHV7,HSV2_StrainG
SRR22753460,0,,,,0,,,6,,,,,,0,,,6,,,HHV7,KSHV
SRR22753460,0,,,,0,,,,,149,,,,0,,,,,149,HHV7,combined_herpes_viruses
SRR22753460,0,,,5,0,,,,,,,,5,0,,,,,,HHV7,HHV6B
SRR22753460,0,0,,,,,,,0,,0,,,,,,,0,,VZV_Ellen,EBV
SRR22753460,0,,,,,,4,,0,,,,,,,4,,0,,VZV_Ellen,HSV2_StrainG
SRR22753460,0,,,,,,,6,0,,,,,,,,6,0,,VZV_Ellen,KSHV
SRR22753460,0,,,,,,,,0,149,,,,,,,,0,149,VZV_Ellen,combined_herpes_viruses
SRR22753460,0,,,5,,,,,0,,,,5,,,,,0,,VZV_Ellen,HHV6B
SRR22753460,0,0,,,,,4,,,,0,,,,,4,,,,EBV,HSV2_StrainG
SRR22753460,0,0,,,,,,6,,,0,,,,,,6,,,EBV,KSHV
SRR22753460,0,0,,,,,,,,149,0,,,,,,,,149,EBV,combined_herpes_viruses
SRR22753460,0,0,,5,,,,,,,0,,5,,,,,,,EBV,HHV6B
SRR22753460,0,,,,,,4,6,,,,,,,,4,6,,,HSV2_StrainG,KSHV
SRR22753460,2,,,,,,4,,,149,,,,,,2,,,147,HSV2_StrainG,combined_herpes_viruses
SRR22753460,2,,,5,,,4,,,,,,3,,,2,,,,HSV2_StrainG,HHV6B
SRR22753460,0,,,,,,,6,,149,,,,,,,6,,149,KSHV,combined_herpes_viruses
SRR22753460,1,,,5,,,,6,,,,,4,,,,5,,,KSHV,HHV6B
SRR22753460,2,,,5,,,,,,149,,,3,,,,,,147,combined_herpes_viruses,HHV6B
SRR22753460,1,,1,,,,,,,,,0,,,,,,,,HCMV,HCMV
SRR22753460,203,,,,,203,,,,,,,,,0,,,,,HSV1_KOS,HSV1_KOS
SRR22753460,0,,,,0,,,,,,,,,0,,,,,,HHV7,HHV7
SRR22753460,0,,,,,,,,0,,,,,,,,,0,,VZV_Ellen,VZV_Ellen
SRR22753460,0,0,,,,,,,,,0,,,,,,,,,EBV,EBV
SRR22753460,4,,,,,,4,,,,,,,,,0,,,,HSV2_StrainG,HSV2_StrainG
SRR22753460,6,,,,,,,6,,,,,,,,,0,,,KSHV,KSHV
SRR22753460,149,,,,,,,,,149,,,,,,,,,0,combined_herpes_viruses,combined_herpes_viruses
SRR22753460,5,,,5,,,,,,,,,0,,,,,,,HHV6B,HHV6B
SRR22753474,0,,,1,,184,,,,,,,1,,184,,,,,HHV6B,HSV1_KOS
SRR22753474,0,,,1,,,,,0,,,,1,,,,,0,,HHV6B,VZV_Ellen
SRR22753474,0,,0,1,,,,,,,,0,1,,,,,,,HHV6B,HCMV
SRR22753474,0,0,,1,,,,,,,0,,1,,,,,,,HHV6B,EBV
SRR22753474,0,,,1,,,3,,,,,,1,,,3,,,,HHV6B,HSV2_StrainG
SRR22753474,0,,,1,0,,,,,,,,1,0,,,,,,HHV6B,HHV7
SRR22753474,1,,,1,,,,5,,,,,0,,,,4,,,HHV6B,KSHV
SRR22753474,0,,,1,,,,,,144,,,1,,,,,,144,HHV6B,combined_herpes_viruses
SRR22753474,0,,,,,184,,,0,,,,,,184,,,0,,HSV1_KOS,VZV_Ellen
SRR22753474,0,,0,,,184,,,,,,0,,,184,,,,,HSV1_KOS,HCMV
SRR22753474,0,0,,,,184,,,,,0,,,,184,,,,,HSV1_KOS,EBV
SRR22753474,0,,,,,184,3,,,,,,,,184,3,,,,HSV1_KOS,HSV2_StrainG
SRR22753474,0,,,,0,184,,,,,,,,0,184,,,,,HSV1_KOS,HHV7
SRR22753474,0,,,,,184,,5,,,,,,,184,,5,,,HSV1_KOS,KSHV
SRR22753474,111,,,,,184,,,,144,,,,,73,,,,33,HSV1_KOS,combined_herpes_viruses
SRR22753474,0,,0,,,,,,0,,,0,,,,,,0,,VZV_Ellen,HCMV
SRR22753474,0,0,,,,,,,0,,0,,,,,,,0,,VZV_Ellen,EBV
SRR22753474,0,,,,,,3,,0,,,,,,,3,,0,,VZV_Ellen,HSV2_StrainG
SRR22753474,0,,,,0,,,,0,,,,,0,,,,0,,VZV_Ellen,HHV7
SRR22753474,0,,,,,,,5,0,,,,,,,,5,0,,VZV_Ellen,KSHV
SRR22753474,0,,,,,,,,0,144,,,,,,,,0,144,VZV_Ellen,combined_herpes_viruses
SRR22753474,0,0,0,,,,,,,,0,0,,,,,,,,HCMV,EBV
SRR22753474,0,,0,,,,3,,,,,0,,,,3,,,,HCMV,HSV2_StrainG
SRR22753474,0,,0,,0,,,,,,,0,,0,,,,,,HCMV,HHV7
SRR22753474,0,,0,,,,,5,,,,0,,,,,5,,,HCMV,KSHV
SRR22753474,0,,0,,,,,,,144,,0,,,,,,,144,HCMV,combined_herpes_viruses
SRR22753474,0,0,,,,,3,,,,0,,,,,3,,,,EBV,HSV2_StrainG
SRR22753474,0,0,,,0,,,,,,0,,,0,,,,,,EBV,HHV7
SRR22753474,0,0,,,,,,5,,,0,,,,,,5,,,EBV,KSHV
SRR22753474,0,0,,,,,,,,144,0,,,,,,,,144,EBV,combined_herpes_viruses
SRR22753474,0,,,,0,,3,,,,,,,0,,3,,,,HSV2_StrainG,HHV7
SRR22753474,0,,,,,,3,5,,,,,,,,3,5,,,HSV2_StrainG,KSHV
SRR22753474,1,,,,,,3,,,144,,,,,,2,,,143,HSV2_StrainG,combined_herpes_viruses
SRR22753474,0,,,,0,,,5,,,,,,0,,,5,,,HHV7,KSHV
SRR22753474,0,,,,0,,,,,144,,,,0,,,,,144,HHV7,combined_herpes_viruses
SRR22753474,0,,,,,,,5,,144,,,,,,,5,,144,KSHV,combined_herpes_viruses
SRR22753474,1,,,1,,,,,,,,,0,,,,,,,HHV6B,HHV6B
SRR22753474,184,,,,,184,,,,,,,,,0,,,,,HSV1_KOS,HSV1_KOS
SRR22753474,0,,,,,,,,0,,,,,,,,,0,,VZV_Ellen,VZV_Ellen
SRR22753474,0,,0,,,,,,,,,0,,,,,,,,HCMV,HCMV
SRR22753474,0,0,,,,,,,,,0,,,,,,,,,EBV,EBV
SRR22753474,3,,,,,,3,,,,,,,,,0,,,,HSV2_StrainG,HSV2_StrainG
SRR22753474,0,,,,0,,,,,,,,,0,,,,,,HHV7,HHV7
SRR22753474,5,,,,,,,5,,,,,,,,,0,,,KSHV,KSHV
SRR22753474,144,,,,,,,,,144,,,,,,,,,0,combined_herpes_viruses,combined_herpes_viruses
SRR22753584,0,0,,,,,,,,80,0,,,,,,,,80,EBV,combined_herpes_viruses
SRR22753584,0,0,,,,,,,0,,0,,,,,,,0,,EBV,VZV_Ellen
SRR22753584,0,0,,,,,,1,,,0,,,,,,1,,,EBV,KSHV
SRR22753584,0,0,,,,,3,,,,0,,,,,3,,,,EBV,HSV2_StrainG
SRR22753584,0,0,,,,134,,,,,0,,,,134,,,,,EBV,HSV1_KOS
SRR22753584,0,0,,1,,,,,,,0,,1,,,,,,,EBV,HHV6B
SRR22753584,0,0,0,,,,,,,,0,0,,,,,,,,EBV,HCMV
SRR22753584,0,0,,,0,,,,,,0,,,0,,,,,,EBV,HHV7
SRR22753584,0,,,,,,,,0,80,,,,,,,,0,80,combined_herpes_viruses,VZV_Ellen
SRR22753584,0,,,,,,,1,,80,,,,,,,1,,80,combined_herpes_viruses,KSHV
SRR22753584,1,,,,,,3,,,80,,,,,,2,,,79,combined_herpes_viruses,HSV2_StrainG
SRR22753584,71,,,,,134,,,,80,,,,,63,,,,9,combined_herpes_viruses,HSV1_KOS
SRR22753584,0,,,1,,,,,,80,,,1,,,,,,80,combined_herpes_viruses,HHV6B
SRR22753584,0,,0,,,,,,,80,,0,,,,,,,80,combined_herpes_viruses,HCMV
SRR22753584,0,,,,0,,,,,80,,,,0,,,,,80,combined_herpes_viruses,HHV7
SRR22753584,0,,,,,,,1,0,,,,,,,,1,0,,VZV_Ellen,KSHV
SRR22753584,0,,,,,,3,,0,,,,,,,3,,0,,VZV_Ellen,HSV2_StrainG
SRR22753584,0,,,,,134,,,0,,,,,,134,,,0,,VZV_Ellen,HSV1_KOS
SRR22753584,0,,,1,,,,,0,,,,1,,,,,0,,VZV_Ellen,HHV6B
SRR22753584,0,,0,,,,,,0,,,0,,,,,,0,,VZV_Ellen,HCMV
SRR22753584,0,,,,0,,,,0,,,,,0,,,,0,,VZV_Ellen,HHV7
SRR22753584,0,,,,,,3,1,,,,,,,,3,1,,,KSHV,HSV2_StrainG
SRR22753584,0,,,,,134,,1,,,,,,,134,,1,,,KSHV,HSV1_KOS
SRR22753584,1,,,1,,,,1,,,,,0,,,,0,,,KSHV,HHV6B
SRR22753584,0,,0,,,,,1,,,,0,,,,,1,,,KSHV,HCMV
SRR22753584,0,,,,0,,,1,,,,,,0,,,1,,,KSHV,HHV7
SRR22753584,0,,,,,134,3,,,,,,,,134,3,,,,HSV2_StrainG,HSV1_KOS
SRR22753584,0,,,1,,,3,,,,,,1,,,3,,,,HSV2_StrainG,HHV6B
SRR22753584,0,,0,,,,3,,,,,0,,,,3,,,,HSV2_StrainG,HCMV
SRR22753584,0,,,,0,,3,,,,,,,0,,3,,,,HSV2_StrainG,HHV7
SRR22753584,0,,,1,,134,,,,,,,1,,134,,,,,HSV1_KOS,HHV6B
SRR22753584,0,,0,,,134,,,,,,0,,,134,,,,,HSV1_KOS,HCMV
SRR22753584,0,,,,0,134,,,,,,,,0,134,,,,,HSV1_KOS,HHV7
SRR22753584,0,,0,1,,,,,,,,0,1,,,,,,,HHV6B,HCMV
SRR22753584,0,,,1,0,,,,,,,,1,0,,,,,,HHV6B,HHV7
SRR22753584,0,,0,,0,,,,,,,0,,0,,,,,,HCMV,HHV7
SRR22753584,0,0,,,,,,,,,0,,,,,,,,,EBV,EBV
SRR22753584,80,,,,,,,,,80,,,,,,,,,0,combined_herpes_viruses,combined_herpes_viruses
SRR22753584,0,,,,,,,,0,,,,,,,,,0,,VZV_Ellen,VZV_Ellen
SRR22753584,1,,,,,,,1,,,,,,,,,0,,,KSHV,KSHV
SRR22753584,3,,,,,,3,,,,,,,,,0,,,,HSV2_StrainG,HSV2_StrainG
SRR22753584,134,,,,,134,,,,,,,,,0,,,,,HSV1_KOS,HSV1_KOS
SRR22753584,1,,,1,,,,,,,,,0,,,,,,,HHV6B,HHV6B
SRR22753584,0,,0,,,,,,,,,0,,,,,,,,HCMV,HCMV
SRR22753584,0,,,,0,,,,,,,,,0,,,,,,HHV7,HHV7
SRR22753502,6,,,,,15,,,,11,,,,,9,,,,5,combined_herpes_viruses,HSV1_KOS
SRR22753502,0,,0,,,,,,,11,,0,,,,,,,11,combined_herpes_viruses,HCMV
SRR22753502,0,0,,,,,,,,11,0,,,,,,,,11,combined_herpes_viruses,EBV
SRR22753502,2,,,,,,,10,,11,,,,,,,8,,9,combined_herpes_viruses,KSHV
SRR22753502,0,,,,,,,,0,11,,,,,,,,0,11,combined_herpes_viruses,VZV_Ellen
SRR22753502,0,,,,,,2,,,11,,,,,,2,,,11,combined_herpes_viruses,HSV2_StrainG
SRR22753502,0,,,,1,,,,,11,,,,1,,,,,11,combined_herpes_viruses,HHV7
SRR22753502,0,,,0,,,,,,11,,,0,,,,,,11,combined_herpes_viruses,HHV6B
SRR22753502,0,,0,,,15,,,,,,0,,,15,,,,,HSV1_KOS,HCMV
SRR22753502,0,0,,,,15,,,,,0,,,,15,,,,,HSV1_KOS,EBV
SRR22753502,0,,,,,15,,10,,,,,,,15,,10,,,HSV1_KOS,KSHV
SRR22753502,0,,,,,15,,,0,,,,,,15,,,0,,HSV1_KOS,VZV_Ellen
SRR22753502,0,,,,,15,2,,,,,,,,15,2,,,,HSV1_KOS,HSV2_StrainG
SRR22753502,0,,,,1,15,,,,,,,,1,15,,,,,HSV1_KOS,HHV7
SRR22753502,0,,,0,,15,,,,,,,0,,15,,,,,HSV1_KOS,HHV6B
SRR22753502,0,0,0,,,,,,,,0,0,,,,,,,,HCMV,EBV
SRR22753502,0,,0,,,,,10,,,,0,,,,,10,,,HCMV,KSHV
SRR22753502,0,,0,,,,,,0,,,0,,,,,,0,,HCMV,VZV_Ellen
SRR22753502,0,,0,,,,2,,,,,0,,,,2,,,,HCMV,HSV2_StrainG
SRR22753502,0,,0,,1,,,,,,,0,,1,,,,,,HCMV,HHV7
SRR22753502,0,,0,0,,,,,,,,0,0,,,,,,,HCMV,HHV6B
SRR22753502,0,0,,,,,,10,,,0,,,,,,10,,,EBV,KSHV
SRR22753502,0,0,,,,,,,0,,0,,,,,,,0,,EBV,VZV_Ellen
SRR22753502,0,0,,,,,2,,,,0,,,,,2,,,,EBV,HSV2_StrainG
SRR22753502,0,0,,,1,,,,,,0,,,1,,,,,,EBV,HHV7
SRR22753502,0,0,,0,,,,,,,0,,0,,,,,,,EBV,HHV6B
SRR22753502,0,,,,,,,10,0,,,,,,,,10,0,,KSHV,VZV_Ellen
SRR22753502,0,,,,,,2,10,,,,,,,,2,10,,,KSHV,HSV2_StrainG
SRR22753502,0,,,,1,,,10,,,,,,1,,,10,,,KSHV,HHV7
SRR22753502,0,,,0,,,,10,,,,,0,,,,10,,,KSHV,HHV6B
SRR22753502,0,,,,,,2,,0,,,,,,,2,,0,,VZV_Ellen,HSV2_StrainG
SRR22753502,0,,,,1,,,,0,,,,,1,,,,0,,VZV_Ellen,HHV7
SRR22753502,0,,,0,,,,,0,,,,0,,,,,0,,VZV_Ellen,HHV6B
SRR22753502,0,,,,1,,2,,,,,,,1,,2,,,,HSV2_StrainG,HHV7
SRR22753502,0,,,0,,,2,,,,,,0,,,2,,,,HSV2_StrainG,HHV6B
SRR22753502,0,,,0,1,,,,,,,,0,1,,,,,,HHV7,HHV6B
SRR22753502,11,,,,,,,,,11,,,,,,,,,0,combined_herpes_viruses,combined_herpes_viruses
SRR22753502,15,,,,,15,,,,,,,,,0,,,,,HSV1_KOS,HSV1_KOS
SRR22753502,0,,0,,,,,,,,,0,,,,,,,,HCMV,HCMV
SRR22753502,0,0,,,,,,,,,0,,,,,,,,,EBV,EBV
SRR22753502,10,,,,,,,10,,,,,,,,,0,,,KSHV,KSHV
SRR22753502,0,,,,,,,,0,,,,,,,,,0,,VZV_Ellen,VZV_Ellen
SRR22753502,2,,,,,,2,,,,,,,,,0,,,,HSV2_StrainG,HSV2_StrainG
SRR22753502,1,,,,1,,,,,,,,,0,,,,,,HHV7,HHV7
SRR22753502,0,,,0,,,,,,,,,0,,,,,,,HHV6B,HHV6B
SRR22753485,0,,0,,,7,,,,,,0,,,7,,,,,HSV1_KOS,HCMV
SRR22753485,2,,,,,7,,,,5,,,,,5,,,,3,HSV1_KOS,combined_herpes_viruses
SRR22753485,0,1,,,,7,,,,,1,,,,7,,,,,HSV1_KOS,EBV
SRR22753485,0,,,,,7,,6,,,,,,,7,,6,,,HSV1_KOS,KSHV
SRR22753485,0,,,,,7,7,,,,,,,,7,7,,,,HSV1_KOS,HSV2_StrainG
SRR22753485,0,,,,,7,,,0,,,,,,7,,,0,,HSV1_KOS,VZV_Ellen
SRR22753485,0,,,,0,7,,,,,,,,0,7,,,,,HSV1_KOS,HHV7
SRR22753485,0,,,0,,7,,,,,,,0,,7,,,,,HSV1_KOS,HHV6B
SRR22753485,0,,0,,,,,,,5,,0,,,,,,,5,HCMV,combined_herpes_viruses
SRR22753485,0,1,0,,,,,,,,1,0,,,,,,,,HCMV,EBV
SRR22753485,0,,0,,,,,6,,,,0,,,,,6,,,HCMV,KSHV
SRR22753485,0,,0,,,,7,,,,,0,,,,7,,,,HCMV,HSV2_StrainG
SRR22753485,0,,0,,,,,,0,,,0,,,,,,0,,HCMV,VZV_Ellen
SRR22753485,0,,0,,0,,,,,,,0,,0,,,,,,HCMV,HHV7
SRR22753485,0,,0,0,,,,,,,,0,0,,,,,,,HCMV,HHV6B
SRR22753485,0,1,,,,,,,,5,1,,,,,,,,5,combined_herpes_viruses,EBV
SRR22753485,1,,,,,,,6,,5,,,,,,,5,,4,combined_herpes_viruses,KSHV
SRR22753485,0,,,,,,7,,,5,,,,,,7,,,5,combined_herpes_viruses,HSV2_StrainG
SRR22753485,0,,,,,,,,0,5,,,,,,,,0,5,combined_herpes_viruses,VZV_Ellen
SRR22753485,0,,,,0,,,,,5,,,,0,,,,,5,combined_herpes_viruses,HHV7
SRR22753485,0,,,0,,,,,,5,,,0,,,,,,5,combined_herpes_viruses,HHV6B
SRR22753485,0,1,,,,,,6,,,1,,,,,,6,,,EBV,KSHV
SRR22753485,0,1,,,,,7,,,,1,,,,,7,,,,EBV,HSV2_StrainG
SRR22753485,0,1,,,,,,,0,,1,,,,,,,0,,EBV,VZV_Ellen
SRR22753485,0,1,,,0,,,,,,1,,,0,,,,,,EBV,HHV7
SRR22753485,0,1,,0,,,,,,,1,,0,,,,,,,EBV,HHV6B
SRR22753485,0,,,,,,7,6,,,,,,,,7,6,,,KSHV,HSV2_StrainG
SRR22753485,0,,,,,,,6,0,,,,,,,,6,0,,KSHV,VZV_Ellen
SRR22753485,0,,,,0,,,6,,,,,,0,,,6,,,KSHV,HHV7
SRR22753485,0,,,0,,,,6,,,,,0,,,,6,,,KSHV,HHV6B
SRR22753485,0,,,,,,7,,0,,,,,,,7,,0,,HSV2_StrainG,VZV_Ellen
SRR22753485,0,,,,0,,7,,,,,,,0,,7,,,,HSV2_StrainG,HHV7
SRR22753485,0,,,0,,,7,,,,,,0,,,7,,,,HSV2_StrainG,HHV6B
SRR22753485,0,,,,0,,,,0,,,,,0,,,,0,,VZV_Ellen,HHV7
SRR22753485,0,,,0,,,,,0,,,,0,,,,,0,,VZV_Ellen,HHV6B
SRR22753485,0,,,0,0,,,,,,,,0,0,,,,,,HHV7,HHV6B
SRR22753485,7,,,,,7,,,,,,,,,0,,,,,HSV1_KOS,HSV1_KOS
SRR22753485,0,,0,,,,,,,,,0,,,,,,,,HCMV,HCMV
SRR22753485,5,,,,,,,,,5,,,,,,,,,0,combined_herpes_viruses,combined_herpes_viruses
SRR22753485,1,1,,,,,,,,,0,,,,,,,,,EBV,EBV
SRR22753485,6,,,,,,,6,,,,,,,,,0,,,KSHV,KSHV
SRR22753485,7,,,,,,7,,,,,,,,,0,,,,HSV2_StrainG,HSV2_StrainG
SRR22753485,0,,,,,,,,0,,,,,,,,,0,,VZV_Ellen,VZV_Ellen
SRR22753485,0,,,,0,,,,,,,,,0,,,,,,HHV7,HHV7
SRR22753485,0,,,0,,,,,,,,,0,,,,,,,HHV6B,HHV6B
SRR22753487,0,,0,,0,,,,,,,0,,0,,,,,,HCMV,HHV7
SRR22753487,0,,0,,,,,20,,,,0,,,,,20,,,HCMV,KSHV
SRR22753487,0,,0,,,,13,,,,,0,,,,13,,,,HCMV,HSV2_StrainG
SRR22753487,0,,0,,,,,,,15,,0,,,,,,,15,HCMV,combined_herpes_viruses
SRR22753487,0,,0,,,29,,,,,,0,,,29,,,,,HCMV,HSV1_KOS
SRR22753487,0,,0,,,,,,0,,,0,,,,,,0,,HCMV,VZV_Ellen
SRR22753487,0,,0,0,,,,,,,,0,0,,,,,,,HCMV,HHV6B
SRR22753487,0,0,0,,,,,,,,0,0,,,,,,,,HCMV,EBV
SRR22753487,0,,,,0,,,20,,,,,,0,,,20,,,HHV7,KSHV
SRR22753487,0,,,,0,,13,,,,,,,0,,13,,,,HHV7,HSV2_StrainG
SRR22753487,0,,,,0,,,,,15,,,,0,,,,,15,HHV7,combined_herpes_viruses
SRR22753487,0,,,,0,29,,,,,,,,0,29,,,,,HHV7,HSV1_KOS
SRR22753487,0,,,,0,,,,0,,,,,0,,,,0,,HHV7,VZV_Ellen
SRR22753487,0,,,0,0,,,,,,,,0,0,,,,,,HHV7,HHV6B
SRR22753487,0,0,,,0,,,,,,0,,,0,,,,,,HHV7,EBV
SRR22753487,0,,,,,,13,20,,,,,,,,13,20,,,KSHV,HSV2_StrainG
SRR22753487,1,,,,,,,20,,15,,,,,,,19,,14,KSHV,combined_herpes_viruses
SRR22753487,0,,,,,29,,20,,,,,,,29,,20,,,KSHV,HSV1_KOS
SRR22753487,0,,,,,,,20,0,,,,,,,,20,0,,KSHV,VZV_Ellen
SRR22753487,0,,,0,,,,20,,,,,0,,,,20,,,KSHV,HHV6B
SRR22753487,0,0,,,,,,20,,,0,,,,,,20,,,KSHV,EBV
SRR22753487,0,,,,,,13,,,15,,,,,,13,,,15,HSV2_StrainG,combined_herpes_viruses
SRR22753487,0,,,,,29,13,,,,,,,,29,13,,,,HSV2_StrainG,HSV1_KOS
SRR22753487,0,,,,,,13,,0,,,,,,,13,,0,,HSV2_StrainG,VZV_Ellen
SRR22753487,0,,,0,,,13,,,,,,0,,,13,,,,HSV2_StrainG,HHV6B
SRR22753487,0,0,,,,,13,,,,0,,,,,13,,,,HSV2_StrainG,EBV
SRR22753487,13,,,,,29,,,,15,,,,,16,,,,2,combined_herpes_viruses,HSV1_KOS
SRR22753487,0,,,,,,,,0,15,,,,,,,,0,15,combined_herpes_viruses,VZV_Ellen
SRR22753487,0,,,0,,,,,,15,,,0,,,,,,15,combined_herpes_viruses,HHV6B
SRR22753487,0,0,,,,,,,,15,0,,,,,,,,15,combined_herpes_viruses,EBV
SRR22753487,0,,,,,29,,,0,,,,,,29,,,0,,HSV1_KOS,VZV_Ellen
SRR22753487,0,,,0,,29,,,,,,,0,,29,,,,,HSV1_KOS,HHV6B
SRR22753487,0,0,,,,29,,,,,0,,,,29,,,,,HSV1_KOS,EBV
SRR22753487,0,,,0,,,,,0,,,,0,,,,,0,,VZV_Ellen,HHV6B
SRR22753487,0,0,,,,,,,0,,0,,,,,,,0,,VZV_Ellen,EBV
SRR22753487,0,0,,0,,,,,,,0,,0,,,,,,,HHV6B,EBV
SRR22753487,0,,0,,,,,,,,,0,,,,,,,,HCMV,HCMV
SRR22753487,0,,,,0,,,,,,,,,0,,,,,,HHV7,HHV7
SRR22753487,20,,,,,,,20,,,,,,,,,0,,,KSHV,KSHV
SRR22753487,13,,,,,,13,,,,,,,,,0,,,,HSV2_StrainG,HSV2_StrainG
SRR22753487,15,,,,,,,,,15,,,,,,,,,0,combined_herpes_viruses,combined_herpes_viruses
SRR22753487,29,,,,,29,,,,,,,,,0,,,,,HSV1_KOS,HSV1_KOS
SRR22753487,0,,,,,,,,0,,,,,,,,,0,,VZV_Ellen,VZV_Ellen
SRR22753487,0,,,0,,,,,,,,,0,,,,,,,HHV6B,HHV6B
SRR22753487,0,0,,,,,,,,,0,,,,,,,,,EBV,EBV
SRR22753521,0,,,,,8,,,0,,,,,,8,,,0,,HSV1_KOS,VZV_Ellen
SRR22753521,0,,0,,,8,,,,,,0,,,8,,,,,HSV1_KOS,HCMV
SRR22753521,0,,,,,8,,9,,,,,,,8,,9,,,HSV1_KOS,KSHV
SRR22753521,0,,,,0,8,,,,,,,,0,8,,,,,HSV1_KOS,HHV7
SRR22753521,4,,,,,8,,,,8,,,,,4,,,,4,HSV1_KOS,combined_herpes_viruses
SRR22753521,0,0,,,,8,,,,,0,,,,8,,,,,HSV1_KOS,EBV
SRR22753521,0,,,,,8,6,,,,,,,,8,6,,,,HSV1_KOS,HSV2_StrainG
SRR22753521,0,,,2,,8,,,,,,,2,,8,,,,,HSV1_KOS,HHV6B
SRR22753521,0,,0,,,,,,0,,,0,,,,,,0,,VZV_Ellen,HCMV
SRR22753521,0,,,,,,,9,0,,,,,,,,9,0,,VZV_Ellen,KSHV
SRR22753521,0,,,,0,,,,0,,,,,0,,,,0,,VZV_Ellen,HHV7
SRR22753521,0,,,,,,,,0,8,,,,,,,,0,8,VZV_Ellen,combined_herpes_viruses
SRR22753521,0,0,,,,,,,0,,0,,,,,,,0,,VZV_Ellen,EBV
SRR22753521,0,,,,,,6,,0,,,,,,,6,,0,,VZV_Ellen,HSV2_StrainG
SRR22753521,0,,,2,,,,,0,,,,2,,,,,0,,VZV_Ellen,HHV6B
SRR22753521,0,,0,,,,,9,,,,0,,,,,9,,,HCMV,KSHV
SRR22753521,0,,0,,0,,,,,,,0,,0,,,,,,HCMV,HHV7
SRR22753521,0,,0,,,,,,,8,,0,,,,,,,8,HCMV,combined_herpes_viruses
SRR22753521,0,0,0,,,,,,,,0,0,,,,,,,,HCMV,EBV
SRR22753521,0,,0,,,,6,,,,,0,,,,6,,,,HCMV,HSV2_StrainG
SRR22753521,0,,0,2,,,,,,,,0,2,,,,,,,HCMV,HHV6B
SRR22753521,0,,,,0,,,9,,,,,,0,,,9,,,KSHV,HHV7
SRR22753521,1,,,,,,,9,,8,,,,,,,8,,7,KSHV,combined_herpes_viruses
SRR22753521,0,0,,,,,,9,,,0,,,,,,9,,,KSHV,EBV
SRR22753521,0,,,,,,6,9,,,,,,,,6,9,,,KSHV,HSV2_StrainG
SRR22753521,2,,,2,,,,9,,,,,0,,,,7,,,KSHV,HHV6B
SRR22753521,0,,,,0,,,,,8,,,,0,,,,,8,HHV7,combined_herpes_viruses
SRR22753521,0,0,,,0,,,,,,0,,,0,,,,,,HHV7,EBV
SRR22753521,0,,,,0,,6,,,,,,,0,,6,,,,HHV7,HSV2_StrainG
SRR22753521,0,,,2,0,,,,,,,,2,0,,,,,,HHV7,HHV6B
SRR22753521,0,0,,,,,,,,8,0,,,,,,,,8,combined_herpes_viruses,EBV
SRR22753521,0,,,,,,6,,,8,,,,,,6,,,8,combined_herpes_viruses,HSV2_StrainG
SRR22753521,1,,,2,,,,,,8,,,1,,,,,,7,combined_herpes_viruses,HHV6B
SRR22753521,0,0,,,,,6,,,,0,,,,,6,,,,EBV,HSV2_StrainG
SRR22753521,0,0,,2,,,,,,,0,,2,,,,,,,EBV,HHV6B
SRR22753521,0,,,2,,,6,,,,,,2,,,6,,,,HSV2_StrainG,HHV6B
SRR22753521,8,,,,,8,,,,,,,,,0,,,,,HSV1_KOS,HSV1_KOS
SRR22753521,0,,,,,,,,0,,,,,,,,,0,,VZV_Ellen,VZV_Ellen
SRR22753521,0,,0,,,,,,,,,0,,,,,,,,HCMV,HCMV
SRR22753521,9,,,,,,,9,,,,,,,,,0,,,KSHV,KSHV
SRR22753521,0,,,,0,,,,,,,,,0,,,,,,HHV7,HHV7
SRR22753521,8,,,,,,,,,8,,,,,,,,,0,combined_herpes_viruses,combined_herpes_viruses
SRR22753521,0,0,,,,,,,,,0,,,,,,,,,EBV,EBV
SRR22753521,6,,,,,,6,,,,,,,,,0,,,,HSV2_StrainG,HSV2_StrainG
SRR22753521,2,,,2,,,,,,,,,0,,,,,,,HHV6B,HHV6B
SRR22753399,0,,1,,0,,,,,,,1,,0,,,,,,HCMV,HHV7
SRR22753399,0,,1,,,,,,,39,,1,,,,,,,39,HCMV,combined_herpes_viruses
SRR22753399,0,,1,,,,22,,,,,1,,,,22,,,,HCMV,HSV2_StrainG
SRR22753399,0,,1,1,,,,,,,,1,1,,,,,,,HCMV,HHV6B
SRR22753399,0,,1,,,,,31,,,,1,,,,,31,,,HCMV,KSHV
SRR22753399,0,,1,,,,,,0,,,1,,,,,,0,,HCMV,VZV_Ellen
SRR22753399,0,1,1,,,,,,,,1,1,,,,,,,,HCMV,EBV
SRR22753399,0,,1,,,52,,,,,,1,,,52,,,,,HCMV,HSV1_KOS
SRR22753399,0,,,,0,,,,,39,,,,0,,,,,39,HHV7,combined_herpes_viruses
SRR22753399,0,,,,0,,22,,,,,,,0,,22,,,,HHV7,HSV2_StrainG
SRR22753399,0,,,1,0,,,,,,,,1,0,,,,,,HHV7,HHV6B
SRR22753399,0,,,,0,,,31,,,,,,0,,,31,,,HHV7,KSHV
SRR22753399,0,,,,0,,,,0,,,,,0,,,,0,,HHV7,VZV_Ellen
SRR22753399,0,1,,,0,,,,,,1,,,0,,,,,,HHV7,EBV
SRR22753399,0,,,,0,52,,,,,,,,0,52,,,,,HHV7,HSV1_KOS
SRR22753399,0,,,,,,22,,,39,,,,,,22,,,39,combined_herpes_viruses,HSV2_StrainG
SRR22753399,0,,,1,,,,,,39,,,1,,,,,,39,combined_herpes_viruses,HHV6B
SRR22753399,5,,,,,,,31,,39,,,,,,,26,,34,combined_herpes_viruses,KSHV
SRR22753399,0,,,,,,,,0,39,,,,,,,,0,39,combined_herpes_viruses,VZV_Ellen
SRR22753399,0,1,,,,,,,,39,1,,,,,,,,39,combined_herpes_viruses,EBV
SRR22753399,22,,,,,52,,,,39,,,,,30,,,,17,combined_herpes_viruses,HSV1_KOS
SRR22753399,0,,,1,,,22,,,,,,1,,,22,,,,HSV2_StrainG,HHV6B
SRR22753399,0,,,,,,22,31,,,,,,,,22,31,,,HSV2_StrainG,KSHV
SRR22753399,0,,,,,,22,,0,,,,,,,22,,0,,HSV2_StrainG,VZV_Ellen
SRR22753399,0,1,,,,,22,,,,1,,,,,22,,,,HSV2_StrainG,EBV
SRR22753399,0,,,,,52,22,,,,,,,,52,22,,,,HSV2_StrainG,HSV1_KOS
SRR22753399,0,,,1,,,,31,,,,,1,,,,31,,,HHV6B,KSHV
SRR22753399,0,,,1,,,,,0,,,,1,,,,,0,,HHV6B,VZV_Ellen
SRR22753399,0,1,,1,,,,,,,1,,1,,,,,,,HHV6B,EBV
SRR22753399,0,,,1,,52,,,,,,,1,,52,,,,,HHV6B,HSV1_KOS
SRR22753399,0,,,,,,,31,0,,,,,,,,31,0,,KSHV,VZV_Ellen
SRR22753399,0,1,,,,,,31,,,1,,,,,,31,,,KSHV,EBV
SRR22753399,0,,,,,52,,31,,,,,,,52,,31,,,KSHV,HSV1_KOS
SRR22753399,0,1,,,,,,,0,,1,,,,,,,0,,VZV_Ellen,EBV
SRR22753399,0,,,,,52,,,0,,,,,,52,,,0,,VZV_Ellen,HSV1_KOS
SRR22753399,0,1,,,,52,,,,,1,,,,52,,,,,EBV,HSV1_KOS
SRR22753399,1,,1,,,,,,,,,0,,,,,,,,HCMV,HCMV
SRR22753399,0,,,,0,,,,,,,,,0,,,,,,HHV7,HHV7
SRR22753399,39,,,,,,,,,39,,,,,,,,,0,combined_herpes_viruses,combined_herpes_viruses
SRR22753399,22,,,,,,22,,,,,,,,,0,,,,HSV2_StrainG,HSV2_StrainG
SRR22753399,1,,,1,,,,,,,,,0,,,,,,,HHV6B,HHV6B
SRR22753399,31,,,,,,,31,,,,,,,,,0,,,KSHV,KSHV
SRR22753399,0,,,,,,,,0,,,,,,,,,0,,VZV_Ellen,VZV_Ellen
SRR22753399,1,1,,,,,,,,,0,,,,,,,,,EBV,EBV
SRR22753399,52,,,,,52,,,,,,,,,0,,,,,HSV1_KOS,HSV1_KOS
SRR22753498,0,,,0,0,,,,,,,,0,0,,,,,,HHV6B,HHV7
SRR22753498,0,,,0,,,,,0,,,,0,,,,,0,,HHV6B,VZV_Ellen
SRR22753498,0,,,0,,,11,,,,,,0,,,11,,,,HHV6B,HSV2_StrainG
SRR22753498,0,,,0,,,,9,,,,,0,,,,9,,,HHV6B,KSHV
SRR22753498,0,0,,0,,,,,,,0,,0,,,,,,,HHV6B,EBV
SRR22753498,0,,0,0,,,,,,,,0,0,,,,,,,HHV6B,HCMV
SRR22753498,0,,,0,,10,,,,,,,0,,10,,,,,HHV6B,HSV1_KOS
SRR22753498,0,,,0,,,,,,5,,,0,,,,,,5,HHV6B,combined_herpes_viruses
SRR22753498,0,,,,0,,,,0,,,,,0,,,,0,,HHV7,VZV_Ellen
SRR22753498,0,,,,0,,11,,,,,,,0,,11,,,,HHV7,HSV2_StrainG
SRR22753498,0,,,,0,,,9,,,,,,0,,,9,,,HHV7,KSHV
SRR22753498,0,0,,,0,,,,,,0,,,0,,,,,,HHV7,EBV
SRR22753498,0,,0,,0,,,,,,,0,,0,,,,,,HHV7,HCMV
SRR22753498,0,,,,0,10,,,,,,,,0,10,,,,,HHV7,HSV1_KOS
SRR22753498,0,,,,0,,,,,5,,,,0,,,,,5,HHV7,combined_herpes_viruses
SRR22753498,0,,,,,,11,,0,,,,,,,11,,0,,VZV_Ellen,HSV2_StrainG
SRR22753498,0,,,,,,,9,0,,,,,,,,9,0,,VZV_Ellen,KSHV
SRR22753498,0,0,,,,,,,0,,0,,,,,,,0,,VZV_Ellen,EBV
SRR22753498,0,,0,,,,,,0,,,0,,,,,,0,,VZV_Ellen,HCMV
SRR22753498,0,,,,,10,,,0,,,,,,10,,,0,,VZV_Ellen,HSV1_KOS
SRR22753498,0,,,,,,,,0,5,,,,,,,,0,5,VZV_Ellen,combined_herpes_viruses
SRR22753498,0,,,,,,11,9,,,,,,,,11,9,,,HSV2_StrainG,KSHV
SRR22753498,0,0,,,,,11,,,,0,,,,,11,,,,HSV2_StrainG,EBV
SRR22753498,0,,0,,,,11,,,,,0,,,,11,,,,HSV2_StrainG,HCMV
SRR22753498,0,,,,,10,11,,,,,,,,10,11,,,,HSV2_StrainG,HSV1_KOS
SRR22753498,0,,,,,,11,,,5,,,,,,11,,,5,HSV2_StrainG,combined_herpes_viruses
SRR22753498,0,0,,,,,,9,,,0,,,,,,9,,,KSHV,EBV
SRR22753498,0,,0,,,,,9,,,,0,,,,,9,,,KSHV,HCMV
SRR22753498,0,,,,,10,,9,,,,,,,10,,9,,,KSHV,HSV1_KOS
SRR22753498,0,,,,,,,9,,5,,,,,,,9,,5,KSHV,combined_herpes_viruses
SRR22753498,0,0,0,,,,,,,,0,0,,,,,,,,EBV,HCMV
SRR22753498,0,0,,,,10,,,,,0,,,,10,,,,,EBV,HSV1_KOS
SRR22753498,0,0,,,,,,,,5,0,,,,,,,,5,EBV,combined_herpes_viruses
SRR22753498,0,,0,,,10,,,,,,0,,,10,,,,,HCMV,HSV1_KOS
SRR22753498,0,,0,,,,,,,5,,0,,,,,,,5,HCMV,combined_herpes_viruses
SRR22753498,4,,,,,10,,,,5,,,,,6,,,,1,HSV1_KOS,combined_herpes_viruses
SRR22753498,0,,,0,,,,,,,,,0,,,,,,,HHV6B,HHV6B
SRR22753498,0,,,,0,,,,,,,,,0,,,,,,HHV7,HHV7
SRR22753498,0,,,,,,,,0,,,,,,,,,0,,VZV_Ellen,VZV_Ellen
SRR22753498,11,,,,,,11,,,,,,,,,0,,,,HSV2_StrainG,HSV2_StrainG
SRR22753498,9,,,,,,,9,,,,,,,,,0,,,KSHV,KSHV
SRR22753498,0,0,,,,,,,,,0,,,,,,,,,EBV,EBV
SRR22753498,0,,0,,,,,,,,,0,,,,,,,,HCMV,HCMV
SRR22753498,10,,,,,10,,,,,,,,,0,,,,,HSV1_KOS,HSV1_KOS
SRR22753498,5,,,,,,,,,5,,,,,,,,,0,combined_herpes_viruses,combined_herpes_viruses
SRR22753388,0,,,,0,,,,,162,,,,0,,,,,162,HHV7,combined_herpes_viruses
SRR22753388,0,,,,0,,,,0,,,,,0,,,,0,,HHV7,VZV_Ellen
SRR22753388,0,,0,,0,,,,,,,0,,0,,,,,,HHV7,HCMV
SRR22753388,0,,,,0,220,,,,,,,,0,220,,,,,HHV7,HSV1_KOS
SRR22753388,0,0,,,0,,,,,,0,,,0,,,,,,HHV7,EBV
SRR22753388,0,,,,0,,,1,,,,,,0,,,1,,,HHV7,KSHV
SRR22753388,0,,,,0,,0,,,,,,,0,,0,,,,HHV7,HSV2_StrainG
SRR22753388,0,,,1,0,,,,,,,,1,0,,,,,,HHV7,HHV6B
SRR22753388,0,,,,,,,,0,162,,,,,,,,0,162,combined_herpes_viruses,VZV_Ellen
SRR22753388,0,,0,,,,,,,162,,0,,,,,,,162,combined_herpes_viruses,HCMV
SRR22753388,125,,,,,220,,,,162,,,,,95,,,,37,combined_herpes_viruses,HSV1_KOS
SRR22753388,0,0,,,,,,,,162,0,,,,,,,,162,combined_herpes_viruses,EBV
SRR22753388,0,,,,,,,1,,162,,,,,,,1,,162,combined_herpes_viruses,KSHV
SRR22753388,0,,,,,,0,,,162,,,,,,0,,,162,combined_herpes_viruses,HSV2_StrainG
SRR22753388,0,,,1,,,,,,162,,,1,,,,,,162,combined_herpes_viruses,HHV6B
SRR22753388,0,,0,,,,,,0,,,0,,,,,,0,,VZV_Ellen,HCMV
SRR22753388,0,,,,,220,,,0,,,,,,220,,,0,,VZV_Ellen,HSV1_KOS
SRR22753388,0,0,,,,,,,0,,0,,,,,,,0,,VZV_Ellen,EBV
SRR22753388,0,,,,,,,1,0,,,,,,,,1,0,,VZV_Ellen,KSHV
SRR22753388,0,,,,,,0,,0,,,,,,,0,,0,,VZV_Ellen,HSV2_StrainG
SRR22753388,0,,,1,,,,,0,,,,1,,,,,0,,VZV_Ellen,HHV6B
SRR22753388,0,,0,,,220,,,,,,0,,,220,,,,,HCMV,HSV1_KOS
SRR22753388,0,0,0,,,,,,,,0,0,,,,,,,,HCMV,EBV
SRR22753388,0,,0,,,,,1,,,,0,,,,,1,,,HCMV,KSHV
SRR22753388,0,,0,,,,0,,,,,0,,,,0,,,,HCMV,HSV2_StrainG
SRR22753388,0,,0,1,,,,,,,,0,1,,,,,,,HCMV,HHV6B
SRR22753388,0,0,,,,220,,,,,0,,,,220,,,,,HSV1_KOS,EBV
SRR22753388,0,,,,,220,,1,,,,,,,220,,1,,,HSV1_KOS,KSHV
SRR22753388,0,,,,,220,0,,,,,,,,220,0,,,,HSV1_KOS,HSV2_StrainG
SRR22753388,0,,,1,,220,,,,,,,1,,220,,,,,HSV1_KOS,HHV6B
SRR22753388,0,0,,,,,,1,,,0,,,,,,1,,,EBV,KSHV
SRR22753388,0,0,,,,,0,,,,0,,,,,0,,,,EBV,HSV2_StrainG
SRR22753388,0,0,,1,,,,,,,0,,1,,,,,,,EBV,HHV6B
SRR22753388,0,,,,,,0,1,,,,,,,,0,1,,,KSHV,HSV2_StrainG
SRR22753388,0,,,1,,,,1,,,,,1,,,,1,,,KSHV,HHV6B
SRR22753388,0,,,1,,,0,,,,,,1,,,0,,,,HSV2_StrainG,HHV6B
SRR22753388,0,,,,0,,,,,,,,,0,,,,,,HHV7,HHV7
SRR22753388,162,,,,,,,,,162,,,,,,,,,0,combined_herpes_viruses,combined_herpes_viruses
SRR22753388,0,,,,,,,,0,,,,,,,,,0,,VZV_Ellen,VZV_Ellen
SRR22753388,0,,0,,,,,,,,,0,,,,,,,,HCMV,HCMV
SRR22753388,220,,,,,220,,,,,,,,,0,,,,,HSV1_KOS,HSV1_KOS
SRR22753388,0,0,,,,,,,,,0,,,,,,,,,EBV,EBV
SRR22753388,1,,,,,,,1,,,,,,,,,0,,,KSHV,KSHV
SRR22753388,0,,,,,,0,,,,,,,,,0,,,,HSV2_StrainG,HSV2_StrainG
SRR22753388,1,,,1,,,,,,,,,0,,,,,,,HHV6B,HHV6B
SRR22753546,0,,,,0,,,,0,,,,,0,,,,0,,VZV_Ellen,HHV7
SRR22753546,0,,,,,,,3,0,,,,,,,,3,0,,VZV_Ellen,KSHV
SRR22753546,0,,0,,,,,,0,,,0,,,,,,0,,VZV_Ellen,HCMV
SRR22753546,0,,,0,,,,,0,,,,0,,,,,0,,VZV_Ellen,HHV6B
SRR22753546,0,,,,,,,,0,6,,,,,,,,0,6,VZV_Ellen,combined_herpes_viruses
SRR22753546,0,,,,,,23,,0,,,,,,,23,,0,,VZV_Ellen,HSV2_StrainG
SRR22753546,0,0,,,,,,,0,,0,,,,,,,0,,VZV_Ellen,EBV
SRR22753546,0,,,,,5,,,0,,,,,,5,,,0,,VZV_Ellen,HSV1_KOS
SRR22753546,0,,,,0,,,3,,,,,,0,,,3,,,HHV7,KSHV
SRR22753546,0,,0,,0,,,,,,,0,,0,,,,,,HHV7,HCMV
SRR22753546,0,,,0,0,,,,,,,,0,0,,,,,,HHV7,HHV6B
SRR22753546,0,,,,0,,,,,6,,,,0,,,,,6,HHV7,combined_herpes_viruses
SRR22753546,0,,,,0,,23,,,,,,,0,,23,,,,HHV7,HSV2_StrainG
SRR22753546,0,0,,,0,,,,,,0,,,0,,,,,,HHV7,EBV
SRR22753546,0,,,,0,5,,,,,,,,0,5,,,,,HHV7,HSV1_KOS
SRR22753546,0,,0,,,,,3,,,,0,,,,,3,,,KSHV,HCMV
SRR22753546,0,,,0,,,,3,,,,,0,,,,3,,,KSHV,HHV6B
SRR22753546,1,,,,,,,3,,6,,,,,,,2,,5,KSHV,combined_herpes_viruses
SRR22753546,0,,,,,,23,3,,,,,,,,23,3,,,KSHV,HSV2_StrainG
SRR22753546,0,0,,,,,,3,,,0,,,,,,3,,,KSHV,EBV
SRR22753546,0,,,,,5,,3,,,,,,,5,,3,,,KSHV,HSV1_KOS
SRR22753546,0,,0,0,,,,,,,,0,0,,,,,,,HCMV,HHV6B
SRR22753546,0,,0,,,,,,,6,,0,,,,,,,6,HCMV,combined_herpes_viruses
SRR22753546,0,,0,,,,23,,,,,0,,,,23,,,,HCMV,HSV2_StrainG
SRR22753546,0,0,0,,,,,,,,0,0,,,,,,,,HCMV,EBV
SRR22753546,0,,0,,,5,,,,,,0,,,5,,,,,HCMV,HSV1_KOS
SRR22753546,0,,,0,,,,,,6,,,0,,,,,,6,HHV6B,combined_herpes_viruses
SRR22753546,0,,,0,,,23,,,,,,0,,,23,,,,HHV6B,HSV2_StrainG
SRR22753546,0,0,,0,,,,,,,0,,0,,,,,,,HHV6B,EBV
SRR22753546,0,,,0,,5,,,,,,,0,,5,,,,,HHV6B,HSV1_KOS
SRR22753546,0,,,,,,23,,,6,,,,,,23,,,6,combined_herpes_viruses,HSV2_StrainG
SRR22753546,0,0,,,,,,,,6,0,,,,,,,,6,combined_herpes_viruses,EBV
SRR22753546,3,,,,,5,,,,6,,,,,2,,,,3,combined_herpes_viruses,HSV1_KOS
SRR22753546,0,0,,,,,23,,,,0,,,,,23,,,,HSV2_StrainG,EBV
SRR22753546,0,,,,,5,23,,,,,,,,5,23,,,,HSV2_StrainG,HSV1_KOS
SRR22753546,0,0,,,,5,,,,,0,,,,5,,,,,EBV,HSV1_KOS
SRR22753546,0,,,,,,,,0,,,,,,,,,0,,VZV_Ellen,VZV_Ellen
SRR22753546,0,,,,0,,,,,,,,,0,,,,,,HHV7,HHV7
SRR22753546,3,,,,,,,3,,,,,,,,,0,,,KSHV,KSHV
SRR22753546,0,,0,,,,,,,,,0,,,,,,,,HCMV,HCMV
SRR22753546,0,,,0,,,,,,,,,0,,,,,,,HHV6B,HHV6B
SRR22753546,6,,,,,,,,,6,,,,,,,,,0,combined_herpes_viruses,combined_herpes_viruses
SRR22753546,23,,,,,,23,,,,,,,,,0,,,,HSV2_StrainG,HSV2_StrainG
SRR22753546,0,0,,,,,,,,,0,,,,,,,,,EBV,EBV
SRR22753546,5,,,,,5,,,,,,,,,0,,,,,HSV1_KOS,HSV1_KOS
SRR22753450,0,,,,0,,1,,,,,,,0,,1,,,,HSV2_StrainG,HHV7
SRR22753450,0,,,,,,1,6,,,,,,,,1,6,,,HSV2_StrainG,KSHV
SRR22753450,0,,,,,,1,,0,,,,,,,1,,0,,HSV2_StrainG,VZV_Ellen
SRR22753450,0,,,,,9,1,,,,,,,,9,1,,,,HSV2_StrainG,HSV1_KOS
SRR22753450,0,,,1,,,1,,,,,,1,,,1,,,,HSV2_StrainG,HHV6B
SRR22753450,0,0,,,,,1,,,,0,,,,,1,,,,HSV2_StrainG,EBV
SRR22753450,0,,1,,,,1,,,,,1,,,,1,,,,HSV2_StrainG,HCMV
SRR22753450,0,,,,,,1,,,8,,,,,,1,,,8,HSV2_StrainG,combined_herpes_viruses
SRR22753450,0,,,,0,,,6,,,,,,0,,,6,,,HHV7,KSHV
SRR22753450,0,,,,0,,,,0,,,,,0,,,,0,,HHV7,VZV_Ellen
SRR22753450,0,,,,0,9,,,,,,,,0,9,,,,,HHV7,HSV1_KOS
SRR22753450,0,,,1,0,,,,,,,,1,0,,,,,,HHV7,HHV6B
SRR22753450,0,0,,,0,,,,,,0,,,0,,,,,,HHV7,EBV
SRR22753450,0,,1,,0,,,,,,,1,,0,,,,,,HHV7,HCMV
SRR22753450,0,,,,0,,,,,8,,,,0,,,,,8,HHV7,combined_herpes_viruses
SRR22753450,0,,,,,,,6,0,,,,,,,,6,0,,KSHV,VZV_Ellen
SRR22753450,0,,,,,9,,6,,,,,,,9,,6,,,KSHV,HSV1_KOS
SRR22753450,1,,,1,,,,6,,,,,0,,,,5,,,KSHV,HHV6B
SRR22753450,0,0,,,,,,6,,,0,,,,,,6,,,KSHV,EBV
SRR22753450,0,,1,,,,,6,,,,1,,,,,6,,,KSHV,HCMV
SRR22753450,4,,,,,,,6,,8,,,,,,,2,,4,KSHV,combined_herpes_viruses
SRR22753450,0,,,,,9,,,0,,,,,,9,,,0,,VZV_Ellen,HSV1_KOS
SRR22753450,0,,,1,,,,,0,,,,1,,,,,0,,VZV_Ellen,HHV6B
SRR22753450,0,0,,,,,,,0,,0,,,,,,,0,,VZV_Ellen,EBV
SRR22753450,0,,1,,,,,,0,,,1,,,,,,0,,VZV_Ellen,HCMV
SRR22753450,0,,,,,,,,0,8,,,,,,,,0,8,VZV_Ellen,combined_herpes_viruses
SRR22753450,0,,,1,,9,,,,,,,1,,9,,,,,HSV1_KOS,HHV6B
SRR22753450,0,0,,,,9,,,,,0,,,,9,,,,,HSV1_KOS,EBV
SRR22753450,0,,1,,,9,,,,,,1,,,9,,,,,HSV1_KOS,HCMV
SRR22753450,4,,,,,9,,,,8,,,,,5,,,,4,HSV1_KOS,combined_herpes_viruses
SRR22753450,0,0,,1,,,,,,,0,,1,,,,,,,HHV6B,EBV
SRR22753450,0,,1,1,,,,,,,,1,1,,,,,,,HHV6B,HCMV
SRR22753450,1,,,1,,,,,,8,,,0,,,,,,7,HHV6B,combined_herpes_viruses
SRR22753450,0,0,1,,,,,,,,0,1,,,,,,,,EBV,HCMV
SRR22753450,0,0,,,,,,,,8,0,,,,,,,,8,EBV,combined_herpes_viruses
SRR22753450,0,,1,,,,,,,8,,1,,,,,,,8,HCMV,combined_herpes_viruses
SRR22753450,1,,,,,,1,,,,,,,,,0,,,,HSV2_StrainG,HSV2_StrainG
SRR22753450,0,,,,0,,,,,,,,,0,,,,,,HHV7,HHV7
SRR22753450,6,,,,,,,6,,,,,,,,,0,,,KSHV,KSHV
SRR22753450,0,,,,,,,,0,,,,,,,,,0,,VZV_Ellen,VZV_Ellen
SRR22753450,9,,,,,9,,,,,,,,,0,,,,,HSV1_KOS,HSV1_KOS
SRR22753450,1,,,1,,,,,,,,,0,,,,,,,HHV6B,HHV6B
SRR22753450,0,0,,,,,,,,,0,,,,,,,,,EBV,EBV
SRR22753450,1,,1,,,,,,,,,0,,,,,,,,HCMV,HCMV
SRR22753450,8,,,,,,,,,8,,,,,,,,,0,combined_herpes_viruses,combined_herpes_viruses
SRR22753405,0,0,,,,,,,0,,0,,,,,,,0,,EBV,VZV_Ellen
SRR22753405,0,0,0,,,,,,,,0,0,,,,,,,,EBV,HCMV
SRR22753405,0,0,,,,,,,,221,0,,,,,,,,221,EBV,combined_herpes_viruses
SRR22753405,0,0,,,,,,5,,,0,,,,,,5,,,EBV,KSHV
SRR22753405,0,0,,,,,5,,,,0,,,,,5,,,,EBV,HSV2_StrainG
SRR22753405,0,0,,,,387,,,,,0,,,,387,,,,,EBV,HSV1_KOS
SRR22753405,0,0,,0,,,,,,,0,,0,,,,,,,EBV,HHV6B
SRR22753405,0,0,,,1,,,,,,0,,,1,,,,,,EBV,HHV7
SRR22753405,0,,0,,,,,,0,,,0,,,,,,0,,VZV_Ellen,HCMV
SRR22753405,0,,,,,,,,0,221,,,,,,,,0,221,VZV_Ellen,combined_herpes_viruses
SRR22753405,0,,,,,,,5,0,,,,,,,,5,0,,VZV_Ellen,KSHV
SRR22753405,0,,,,,,5,,0,,,,,,,5,,0,,VZV_Ellen,HSV2_StrainG
SRR22753405,0,,,,,387,,,0,,,,,,387,,,0,,VZV_Ellen,HSV1_KOS
SRR22753405,0,,,0,,,,,0,,,,0,,,,,0,,VZV_Ellen,HHV6B
SRR22753405,0,,,,1,,,,0,,,,,1,,,,0,,VZV_Ellen,HHV7
SRR22753405,0,,0,,,,,,,221,,0,,,,,,,221,HCMV,combined_herpes_viruses
SRR22753405,0,,0,,,,,5,,,,0,,,,,5,,,HCMV,KSHV
SRR22753405,0,,0,,,,5,,,,,0,,,,5,,,,HCMV,HSV2_StrainG
SRR22753405,0,,0,,,387,,,,,,0,,,387,,,,,HCMV,HSV1_KOS
SRR22753405,0,,0,0,,,,,,,,0,0,,,,,,,HCMV,HHV6B
SRR22753405,0,,0,,1,,,,,,,0,,1,,,,,,HCMV,HHV7
SRR22753405,0,,,,,,,5,,221,,,,,,,5,,221,combined_herpes_viruses,KSHV
SRR22753405,0,,,,,,5,,,221,,,,,,5,,,221,combined_herpes_viruses,HSV2_StrainG
SRR22753405,173,,,,,387,,,,221,,,,,214,,,,48,combined_herpes_viruses,HSV1_KOS
SRR22753405,0,,,0,,,,,,221,,,0,,,,,,221,combined_herpes_viruses,HHV6B
SRR22753405,0,,,,1,,,,,221,,,,1,,,,,221,combined_herpes_viruses,HHV7
SRR22753405,0,,,,,,5,5,,,,,,,,5,5,,,KSHV,HSV2_StrainG
SRR22753405,0,,,,,387,,5,,,,,,,387,,5,,,KSHV,HSV1_KOS
SRR22753405,0,,,0,,,,5,,,,,0,,,,5,,,KSHV,HHV6B
SRR22753405,0,,,,1,,,5,,,,,,1,,,5,,,KSHV,HHV7
SRR22753405,0,,,,,387,5,,,,,,,,387,5,,,,HSV2_StrainG,HSV1_KOS
SRR22753405,0,,,0,,,5,,,,,,0,,,5,,,,HSV2_StrainG,HHV6B
SRR22753405,0,,,,1,,5,,,,,,,1,,5,,,,HSV2_StrainG,HHV7
SRR22753405,0,,,0,,387,,,,,,,0,,387,,,,,HSV1_KOS,HHV6B
SRR22753405,0,,,,1,387,,,,,,,,1,387,,,,,HSV1_KOS,HHV7
SRR22753405,0,,,0,1,,,,,,,,0,1,,,,,,HHV6B,HHV7
SRR22753405,0,0,,,,,,,,,0,,,,,,,,,EBV,EBV
SRR22753405,0,,,,,,,,0,,,,,,,,,0,,VZV_Ellen,VZV_Ellen
SRR22753405,0,,0,,,,,,,,,0,,,,,,,,HCMV,HCMV
SRR22753405,221,,,,,,,,,221,,,,,,,,,0,combined_herpes_viruses,combined_herpes_viruses
SRR22753405,5,,,,,,,5,,,,,,,,,0,,,KSHV,KSHV
SRR22753405,5,,,,,,5,,,,,,,,,0,,,,HSV2_StrainG,HSV2_StrainG
SRR22753405,387,,,,,387,,,,,,,,,0,,,,,HSV1_KOS,HSV1_KOS
SRR22753405,0,,,0,,,,,,,,,0,,,,,,,HHV6B,HHV6B
SRR22753405,1,,,,1,,,,,,,,,0,,,,,,HHV7,HHV7
SRR22753529,0,,,,,,6,5,,,,,,,,6,5,,,HSV2_StrainG,KSHV
SRR22753529,0,,,,,,6,,,11,,,,,,6,,,11,HSV2_StrainG,combined_herpes_viruses
SRR22753529,0,,,0,,,6,,,,,,0,,,6,,,,HSV2_StrainG,HHV6B
SRR22753529,0,,,,0,,6,,,,,,,0,,6,,,,HSV2_StrainG,HHV7
SRR22753529,0,,,,,9,6,,,,,,,,9,6,,,,HSV2_StrainG,HSV1_KOS
SRR22753529,0,,0,,,,6,,,,,0,,,,6,,,,HSV2_StrainG,HCMV
SRR22753529,0,,,,,,6,,0,,,,,,,6,,0,,HSV2_StrainG,VZV_Ellen
SRR22753529,0,0,,,,,6,,,,0,,,,,6,,,,HSV2_StrainG,EBV
SRR22753529,3,,,,,,,5,,11,,,,,,,2,,8,KSHV,combined_herpes_viruses
SRR22753529,0,,,0,,,,5,,,,,0,,,,5,,,KSHV,HHV6B
SRR22753529,0,,,,0,,,5,,,,,,0,,,5,,,KSHV,HHV7
SRR22753529,0,,,,,9,,5,,,,,,,9,,5,,,KSHV,HSV1_KOS
SRR22753529,0,,0,,,,,5,,,,0,,,,,5,,,KSHV,HCMV
SRR22753529,0,,,,,,,5,0,,,,,,,,5,0,,KSHV,VZV_Ellen
SRR22753529,0,0,,,,,,5,,,0,,,,,,5,,,KSHV,EBV
SRR22753529,0,,,0,,,,,,11,,,0,,,,,,11,combined_herpes_viruses,HHV6B
SRR22753529,0,,,,0,,,,,11,,,,0,,,,,11,combined_herpes_viruses,HHV7
SRR22753529,5,,,,,9,,,,11,,,,,4,,,,6,combined_herpes_viruses,HSV1_KOS
SRR22753529,0,,0,,,,,,,11,,0,,,,,,,11,combined_herpes_viruses,HCMV
SRR22753529,0,,,,,,,,0,11,,,,,,,,0,11,combined_herpes_viruses,VZV_Ellen
SRR22753529,0,0,,,,,,,,11,0,,,,,,,,11,combined_herpes_viruses,EBV
SRR22753529,0,,,0,0,,,,,,,,0,0,,,,,,HHV6B,HHV7
SRR22753529,0,,,0,,9,,,,,,,0,,9,,,,,HHV6B,HSV1_KOS
SRR22753529,0,,0,0,,,,,,,,0,0,,,,,,,HHV6B,HCMV
SRR22753529,0,,,0,,,,,0,,,,0,,,,,0,,HHV6B,VZV_Ellen
SRR22753529,0,0,,0,,,,,,,0,,0,,,,,,,HHV6B,EBV
SRR22753529,0,,,,0,9,,,,,,,,0,9,,,,,HHV7,HSV1_KOS
SRR22753529,0,,0,,0,,,,,,,0,,0,,,,,,HHV7,HCMV
SRR22753529,0,,,,0,,,,0,,,,,0,,,,0,,HHV7,VZV_Ellen
SRR22753529,0,0,,,0,,,,,,0,,,0,,,,,,HHV7,EBV
SRR22753529,0,,0,,,9,,,,,,0,,,9,,,,,HSV1_KOS,HCMV
SRR22753529,0,,,,,9,,,0,,,,,,9,,,0,,HSV1_KOS,VZV_Ellen
SRR22753529,0,0,,,,9,,,,,0,,,,9,,,,,HSV1_KOS,EBV
SRR22753529,0,,0,,,,,,0,,,0,,,,,,0,,HCMV,VZV_Ellen
SRR22753529,0,0,0,,,,,,,,0,0,,,,,,,,HCMV,EBV
SRR22753529,0,0,,,,,,,0,,0,,,,,,,0,,VZV_Ellen,EBV
SRR22753529,6,,,,,,6,,,,,,,,,0,,,,HSV2_StrainG,HSV2_StrainG
SRR22753529,5,,,,,,,5,,,,,,,,,0,,,KSHV,KSHV
SRR22753529,11,,,,,,,,,11,,,,,,,,,0,combined_herpes_viruses,combined_herpes_viruses
SRR22753529,0,,,0,,,,,,,,,0,,,,,,,HHV6B,HHV6B
SRR22753529,0,,,,0,,,,,,,,,0,,,,,,HHV7,HHV7
SRR22753529,9,,,,,9,,,,,,,,,0,,,,,HSV1_KOS,HSV1_KOS
SRR22753529,0,,0,,,,,,,,,0,,,,,,,,HCMV,HCMV
SRR22753529,0,,,,,,,,0,,,,,,,,,0,,VZV_Ellen,VZV_Ellen
SRR22753529,0,0,,,,,,,,,0,,,,,,,,,EBV,EBV
SRR22753484,0,,,,0,,,,,5,,,,0,,,,,5,combined_herpes_viruses,HHV7
SRR22753484,0,,,,,,,,0,5,,,,,,,,0,5,combined_herpes_viruses,VZV_Ellen
SRR22753484,2,,,,,5,,,,5,,,,,3,,,,3,combined_herpes_viruses,HSV1_KOS
SRR22753484,0,,,0,,,,,,5,,,0,,,,,,5,combined_herpes_viruses,HHV6B
SRR22753484,1,,,,,,,7,,5,,,,,,,6,,4,combined_herpes_viruses,KSHV
SRR22753484,0,,0,,,,,,,5,,0,,,,,,,5,combined_herpes_viruses,HCMV
SRR22753484,0,,,,,,8,,,5,,,,,,8,,,5,combined_herpes_viruses,HSV2_StrainG
SRR22753484,0,0,,,,,,,,5,0,,,,,,,,5,combined_herpes_viruses,EBV
SRR22753484,0,,,,0,,,,0,,,,,0,,,,0,,HHV7,VZV_Ellen
SRR22753484,0,,,,0,5,,,,,,,,0,5,,,,,HHV7,HSV1_KOS
SRR22753484,0,,,0,0,,,,,,,,0,0,,,,,,HHV7,HHV6B
SRR22753484,0,,,,0,,,7,,,,,,0,,,7,,,HHV7,KSHV
SRR22753484,0,,0,,0,,,,,,,0,,0,,,,,,HHV7,HCMV
SRR22753484,0,,,,0,,8,,,,,,,0,,8,,,,HHV7,HSV2_StrainG
SRR22753484,0,0,,,0,,,,,,0,,,0,,,,,,HHV7,EBV
SRR22753484,0,,,,,5,,,0,,,,,,5,,,0,,VZV_Ellen,HSV1_KOS
SRR22753484,0,,,0,,,,,0,,,,0,,,,,0,,VZV_Ellen,HHV6B
SRR22753484,0,,,,,,,7,0,,,,,,,,7,0,,VZV_Ellen,KSHV
SRR22753484,0,,0,,,,,,0,,,0,,,,,,0,,VZV_Ellen,HCMV
SRR22753484,0,,,,,,8,,0,,,,,,,8,,0,,VZV_Ellen,HSV2_StrainG
SRR22753484,0,0,,,,,,,0,,0,,,,,,,0,,VZV_Ellen,EBV
SRR22753484,0,,,0,,5,,,,,,,0,,5,,,,,HSV1_KOS,HHV6B
SRR22753484,0,,,,,5,,7,,,,,,,5,,7,,,HSV1_KOS,KSHV
SRR22753484,0,,0,,,5,,,,,,0,,,5,,,,,HSV1_KOS,HCMV
SRR22753484,0,,,,,5,8,,,,,,,,5,8,,,,HSV1_KOS,HSV2_StrainG
SRR22753484,0,0,,,,5,,,,,0,,,,5,,,,,HSV1_KOS,EBV
SRR22753484,0,,,0,,,,7,,,,,0,,,,7,,,HHV6B,KSHV
SRR22753484,0,,0,0,,,,,,,,0,0,,,,,,,HHV6B,HCMV
SRR22753484,0,,,0,,,8,,,,,,0,,,8,,,,HHV6B,HSV2_StrainG
SRR22753484,0,0,,0,,,,,,,0,,0,,,,,,,HHV6B,EBV
SRR22753484,0,,0,,,,,7,,,,0,,,,,7,,,KSHV,HCMV
SRR22753484,0,,,,,,8,7,,,,,,,,8,7,,,KSHV,HSV2_StrainG
SRR22753484,0,0,,,,,,7,,,0,,,,,,7,,,KSHV,EBV
SRR22753484,0,,0,,,,8,,,,,0,,,,8,,,,HCMV,HSV2_StrainG
SRR22753484,0,0,0,,,,,,,,0,0,,,,,,,,HCMV,EBV
SRR22753484,0,0,,,,,8,,,,0,,,,,8,,,,HSV2_StrainG,EBV
SRR22753484,5,,,,,,,,,5,,,,,,,,,0,combined_herpes_viruses,combined_herpes_viruses
SRR22753484,0,,,,0,,,,,,,,,0,,,,,,HHV7,HHV7
SRR22753484,0,,,,,,,,0,,,,,,,,,0,,VZV_Ellen,VZV_Ellen
SRR22753484,5,,,,,5,,,,,,,,,0,,,,,HSV1_KOS,HSV1_KOS
SRR22753484,0,,,0,,,,,,,,,0,,,,,,,HHV6B,HHV6B
SRR22753484,7,,,,,,,7,,,,,,,,,0,,,KSHV,KSHV
SRR22753484,0,,0,,,,,,,,,0,,,,,,,,HCMV,HCMV
SRR22753484,8,,,,,,8,,,,,,,,,0,,,,HSV2_StrainG,HSV2_StrainG
SRR22753484,0,0,,,,,,,,,0,,,,,,,,,EBV,EBV
SRR22753386,0,,,,0,,,,0,,,,,0,,,,0,,VZV_Ellen,HHV7
SRR22753386,0,,,,,1,,,0,,,,,,1,,,0,,VZV_Ellen,HSV1_KOS
SRR22753386,0,0,,,,,,,0,,0,,,,,,,0,,VZV_Ellen,EBV
SRR22753386,0,,,,,,0,,0,,,,,,,0,,0,,VZV_Ellen,HSV2_StrainG
SRR22753386,0,,,,,,,0,0,,,,,,,,0,0,,VZV_Ellen,KSHV
SRR22753386,0,,,,,,,,0,2,,,,,,,,0,2,VZV_Ellen,combined_herpes_viruses
SRR22753386,0,,,2,,,,,0,,,,2,,,,,0,,VZV_Ellen,HHV6B
SRR22753386,0,,0,,,,,,0,,,0,,,,,,0,,VZV_Ellen,HCMV
SRR22753386,0,,,,0,1,,,,,,,,0,1,,,,,HHV7,HSV1_KOS
SRR22753386,0,0,,,0,,,,,,0,,,0,,,,,,HHV7,EBV
SRR22753386,0,,,,0,,0,,,,,,,0,,0,,,,HHV7,HSV2_StrainG
SRR22753386,0,,,,0,,,0,,,,,,0,,,0,,,HHV7,KSHV
SRR22753386,0,,,,0,,,,,2,,,,0,,,,,2,HHV7,combined_herpes_viruses
SRR22753386,0,,,2,0,,,,,,,,2,0,,,,,,HHV7,HHV6B
SRR22753386,0,,0,,0,,,,,,,0,,0,,,,,,HHV7,HCMV
SRR22753386,0,0,,,,1,,,,,0,,,,1,,,,,HSV1_KOS,EBV
SRR22753386,0,,,,,1,0,,,,,,,,1,0,,,,HSV1_KOS,HSV2_StrainG
SRR22753386,0,,,,,1,,0,,,,,,,1,,0,,,HSV1_KOS,KSHV
SRR22753386,1,,,,,1,,,,2,,,,,0,,,,1,HSV1_KOS,combined_herpes_viruses
SRR22753386,0,,,2,,1,,,,,,,2,,1,,,,,HSV1_KOS,HHV6B
SRR22753386,0,,0,,,1,,,,,,0,,,1,,,,,HSV1_KOS,HCMV
SRR22753386,0,0,,,,,0,,,,0,,,,,0,,,,EBV,HSV2_StrainG
SRR22753386,0,0,,,,,,0,,,0,,,,,,0,,,EBV,KSHV
SRR22753386,0,0,,,,,,,,2,0,,,,,,,,2,EBV,combined_herpes_viruses
SRR22753386,0,0,,2,,,,,,,0,,2,,,,,,,EBV,HHV6B
SRR22753386,0,0,0,,,,,,,,0,0,,,,,,,,EBV,HCMV
SRR22753386,0,,,,,,0,0,,,,,,,,0,0,,,HSV2_StrainG,KSHV
SRR22753386,0,,,,,,0,,,2,,,,,,0,,,2,HSV2_StrainG,combined_herpes_viruses
SRR22753386,0,,,2,,,0,,,,,,2,,,0,,,,HSV2_StrainG,HHV6B
SRR22753386,0,,0,,,,0,,,,,0,,,,0,,,,HSV2_StrainG,HCMV
SRR22753386,0,,,,,,,0,,2,,,,,,,0,,2,KSHV,combined_herpes_viruses
SRR22753386,0,,,2,,,,0,,,,,2,,,,0,,,KSHV,HHV6B
SRR22753386,0,,0,,,,,0,,,,0,,,,,0,,,KSHV,HCMV
SRR22753386,0,,,2,,,,,,2,,,2,,,,,,2,combined_herpes_viruses,HHV6B
SRR22753386,0,,0,,,,,,,2,,0,,,,,,,2,combined_herpes_viruses,HCMV
SRR22753386,0,,0,2,,,,,,,,0,2,,,,,,,HHV6B,HCMV
SRR22753386,0,,,,,,,,0,,,,,,,,,0,,VZV_Ellen,VZV_Ellen
SRR22753386,0,,,,0,,,,,,,,,0,,,,,,HHV7,HHV7
SRR22753386,1,,,,,1,,,,,,,,,0,,,,,HSV1_KOS,HSV1_KOS
SRR22753386,0,0,,,,,,,,,0,,,,,,,,,EBV,EBV
SRR22753386,0,,,,,,0,,,,,,,,,0,,,,HSV2_StrainG,HSV2_StrainG
SRR22753386,0,,,,,,,0,,,,,,,,,0,,,KSHV,KSHV
SRR22753386,2,,,,,,,,,2,,,,,,,,,0,combined_herpes_viruses,combined_herpes_viruses
SRR22753386,2,,,2,,,,,,,,,0,,,,,,,HHV6B,HHV6B
SRR22753386,0,,0,,,,,,,,,0,,,,,,,,HCMV,HCMV
SRR22753382,0,,0,,,,10,,,,,0,,,,10,,,,HSV2_StrainG,HCMV
SRR22753382,0,,,,,9,10,,,,,,,,9,10,,,,HSV2_StrainG,HSV1_KOS
SRR22753382,0,,,,,,10,,0,,,,,,,10,,0,,HSV2_StrainG,VZV_Ellen
SRR22753382,0,,,,0,,10,,,,,,,0,,10,,,,HSV2_StrainG,HHV7
SRR22753382,0,0,,,,,10,,,,0,,,,,10,,,,HSV2_StrainG,EBV
SRR22753382,2,,,,,,10,8,,,,,,,,8,6,,,HSV2_StrainG,KSHV
SRR22753382,1,,,,,,10,,,8,,,,,,9,,,7,HSV2_StrainG,combined_herpes_viruses
SRR22753382,0,,,0,,,10,,,,,,0,,,10,,,,HSV2_StrainG,HHV6B
SRR22753382,0,,0,,,9,,,,,,0,,,9,,,,,HCMV,HSV1_KOS
SRR22753382,0,,0,,,,,,0,,,0,,,,,,0,,HCMV,VZV_Ellen
SRR22753382,0,,0,,0,,,,,,,0,,0,,,,,,HCMV,HHV7
SRR22753382,0,0,0,,,,,,,,0,0,,,,,,,,HCMV,EBV
SRR22753382,0,,0,,,,,8,,,,0,,,,,8,,,HCMV,KSHV
SRR22753382,0,,0,,,,,,,8,,0,,,,,,,8,HCMV,combined_herpes_viruses
SRR22753382,0,,0,0,,,,,,,,0,0,,,,,,,HCMV,HHV6B
SRR22753382,0,,,,,9,,,0,,,,,,9,,,0,,HSV1_KOS,VZV_Ellen
SRR22753382,0,,,,0,9,,,,,,,,0,9,,,,,HSV1_KOS,HHV7
SRR22753382,0,0,,,,9,,,,,0,,,,9,,,,,HSV1_KOS,EBV
SRR22753382,0,,,,,9,,8,,,,,,,9,,8,,,HSV1_KOS,KSHV
SRR22753382,4,,,,,9,,,,8,,,,,5,,,,4,HSV1_KOS,combined_herpes_viruses
SRR22753382,0,,,0,,9,,,,,,,0,,9,,,,,HSV1_KOS,HHV6B
SRR22753382,0,,,,0,,,,0,,,,,0,,,,0,,VZV_Ellen,HHV7
SRR22753382,0,0,,,,,,,0,,0,,,,,,,0,,VZV_Ellen,EBV
SRR22753382,0,,,,,,,8,0,,,,,,,,8,0,,VZV_Ellen,KSHV
SRR22753382,0,,,,,,,,0,8,,,,,,,,0,8,VZV_Ellen,combined_herpes_viruses
SRR22753382,0,,,0,,,,,0,,,,0,,,,,0,,VZV_Ellen,HHV6B
SRR22753382,0,0,,,0,,,,,,0,,,0,,,,,,HHV7,EBV
SRR22753382,0,,,,0,,,8,,,,,,0,,,8,,,HHV7,KSHV
SRR22753382,0,,,,0,,,,,8,,,,0,,,,,8,HHV7,combined_herpes_viruses
SRR22753382,0,,,0,0,,,,,,,,0,0,,,,,,HHV7,HHV6B
SRR22753382,0,0,,,,,,8,,,0,,,,,,8,,,EBV,KSHV
SRR22753382,0,0,,,,,,,,8,0,,,,,,,,8,EBV,combined_herpes_viruses
SRR22753382,0,0,,0,,,,,,,0,,0,,,,,,,EBV,HHV6B
SRR22753382,1,,,,,,,8,,8,,,,,,,7,,7,KSHV,combined_herpes_viruses
SRR22753382,0,,,0,,,,8,,,,,0,,,,8,,,KSHV,HHV6B
SRR22753382,0,,,0,,,,,,8,,,0,,,,,,8,combined_herpes_viruses,HHV6B
SRR22753382,10,,,,,,10,,,,,,,,,0,,,,HSV2_StrainG,HSV2_StrainG
SRR22753382,0,,0,,,,,,,,,0,,,,,,,,HCMV,HCMV
SRR22753382,9,,,,,9,,,,,,,,,0,,,,,HSV1_KOS,HSV1_KOS
SRR22753382,0,,,,,,,,0,,,,,,,,,0,,VZV_Ellen,VZV_Ellen
SRR22753382,0,,,,0,,,,,,,,,0,,,,,,HHV7,HHV7
SRR22753382,0,0,,,,,,,,,0,,,,,,,,,EBV,EBV
SRR22753382,8,,,,,,,8,,,,,,,,,0,,,KSHV,KSHV
SRR22753382,8,,,,,,,,,8,,,,,,,,,0,combined_herpes_viruses,combined_herpes_viruses
SRR22753382,0,,,0,,,,,,,,,0,,,,,,,HHV6B,HHV6B
SRR22753578,527,,,,,808,,,,667,,,,,281,,,,140,combined_herpes_viruses,HSV1_KOS
SRR22753578,0,,,0,,,,,,667,,,0,,,,,,667,combined_herpes_viruses,HHV6B
SRR22753578,0,,,,1,,,,,667,,,,1,,,,,667,combined_herpes_viruses,HHV7
SRR22753578,0,,20,,,,,,,667,,20,,,,,,,667,combined_herpes_viruses,HCMV
SRR22753578,0,,,,,,,,0,667,,,,,,,,0,667,combined_herpes_viruses,VZV_Ellen
SRR22753578,0,,,,,,,1,,667,,,,,,,1,,667,combined_herpes_viruses,KSHV
SRR22753578,0,16,,,,,,,,667,16,,,,,,,,667,combined_herpes_viruses,EBV
SRR22753578,1,,,,,,8,,,667,,,,,,7,,,666,combined_herpes_viruses,HSV2_StrainG
SRR22753578,0,,,0,,808,,,,,,,0,,808,,,,,HSV1_KOS,HHV6B
SRR22753578,0,,,,1,808,,,,,,,,1,808,,,,,HSV1_KOS,HHV7
SRR22753578,0,,20,,,808,,,,,,20,,,808,,,,,HSV1_KOS,HCMV
SRR22753578,0,,,,,808,,,0,,,,,,808,,,0,,HSV1_KOS,VZV_Ellen
SRR22753578,0,,,,,808,,1,,,,,,,808,,1,,,HSV1_KOS,KSHV
SRR22753578,0,16,,,,808,,,,,16,,,,808,,,,,HSV1_KOS,EBV
SRR22753578,0,,,,,808,8,,,,,,,,808,8,,,,HSV1_KOS,HSV2_StrainG
SRR22753578,0,,,0,1,,,,,,,,0,1,,,,,,HHV6B,HHV7
SRR22753578,0,,20,0,,,,,,,,20,0,,,,,,,HHV6B,HCMV
SRR22753578,0,,,0,,,,,0,,,,0,,,,,0,,HHV6B,VZV_Ellen
SRR22753578,0,,,0,,,,1,,,,,0,,,,1,,,HHV6B,KSHV
SRR22753578,0,16,,0,,,,,,,16,,0,,,,,,,HHV6B,EBV
SRR22753578,0,,,0,,,8,,,,,,0,,,8,,,,HHV6B,HSV2_StrainG
SRR22753578,0,,20,,1,,,,,,,20,,1,,,,,,HHV7,HCMV
SRR22753578,0,,,,1,,,,0,,,,,1,,,,0,,HHV7,VZV_Ellen
SRR22753578,0,,,,1,,,1,,,,,,1,,,1,,,HHV7,KSHV
SRR22753578,0,16,,,1,,,,,,16,,,1,,,,,,HHV7,EBV
SRR22753578,0,,,,1,,8,,,,,,,1,,8,,,,HHV7,HSV2_StrainG
SRR22753578,0,,20,,,,,,0,,,20,,,,,,0,,HCMV,VZV_Ellen
SRR22753578,0,,20,,,,,1,,,,20,,,,,1,,,HCMV,KSHV
SRR22753578,0,16,20,,,,,,,,16,20,,,,,,,,HCMV,EBV
SRR22753578,0,,20,,,,8,,,,,20,,,,8,,,,HCMV,HSV2_StrainG
SRR22753578,0,,,,,,,1,0,,,,,,,,1,0,,VZV_Ellen,KSHV
SRR22753578,0,16,,,,,,,0,,16,,,,,,,0,,VZV_Ellen,EBV
SRR22753578,0,,,,,,8,,0,,,,,,,8,,0,,VZV_Ellen,HSV2_StrainG
SRR22753578,0,16,,,,,,1,,,16,,,,,,1,,,KSHV,EBV
SRR22753578,0,,,,,,8,1,,,,,,,,8,1,,,KSHV,HSV2_StrainG
SRR22753578,0,16,,,,,8,,,,16,,,,,8,,,,EBV,HSV2_StrainG
SRR22753578,667,,,,,,,,,667,,,,,,,,,0,combined_herpes_viruses,combined_herpes_viruses
SRR22753578,808,,,,,808,,,,,,,,,0,,,,,HSV1_KOS,HSV1_KOS
SRR22753578,0,,,0,,,,,,,,,0,,,,,,,HHV6B,HHV6B
SRR22753578,1,,,,1,,,,,,,,,0,,,,,,HHV7,HHV7
SRR22753578,20,,20,,,,,,,,,0,,,,,,,,HCMV,HCMV
SRR22753578,0,,,,,,,,0,,,,,,,,,0,,VZV_Ellen,VZV_Ellen
SRR22753578,1,,,,,,,1,,,,,,,,,0,,,KSHV,KSHV
SRR22753578,16,16,,,,,,,,,0,,,,,,,,,EBV,EBV
SRR22753578,8,,,,,,8,,,,,,,,,0,,,,HSV2_StrainG,HSV2_StrainG
SRR22753482,0,,,,,,36,,0,,,,,,,36,,0,,HSV2_StrainG,VZV_Ellen
SRR22753482,0,,,,,24,36,,,,,,,,24,36,,,,HSV2_StrainG,HSV1_KOS
SRR22753482,0,,,,0,,36,,,,,,,0,,36,,,,HSV2_StrainG,HHV7
SRR22753482,0,,,,,,36,,,25,,,,,,36,,,25,HSV2_StrainG,combined_herpes_viruses
SRR22753482,0,,,0,,,36,,,,,,0,,,36,,,,HSV2_StrainG,HHV6B
SRR22753482,0,,0,,,,36,,,,,0,,,,36,,,,HSV2_StrainG,HCMV
SRR22753482,0,,,,,,36,33,,,,,,,,36,33,,,HSV2_StrainG,KSHV
SRR22753482,0,0,,,,,36,,,,0,,,,,36,,,,HSV2_StrainG,EBV
SRR22753482,0,,,,,24,,,0,,,,,,24,,,0,,VZV_Ellen,HSV1_KOS
SRR22753482,0,,,,0,,,,0,,,,,0,,,,0,,VZV_Ellen,HHV7
SRR22753482,0,,,,,,,,0,25,,,,,,,,0,25,VZV_Ellen,combined_herpes_viruses
SRR22753482,0,,,0,,,,,0,,,,0,,,,,0,,VZV_Ellen,HHV6B
SRR22753482,0,,0,,,,,,0,,,0,,,,,,0,,VZV_Ellen,HCMV
SRR22753482,0,,,,,,,33,0,,,,,,,,33,0,,VZV_Ellen,KSHV
SRR22753482,0,0,,,,,,,0,,0,,,,,,,0,,VZV_Ellen,EBV
SRR22753482,0,,,,0,24,,,,,,,,0,24,,,,,HSV1_KOS,HHV7
SRR22753482,14,,,,,24,,,,25,,,,,10,,,,11,HSV1_KOS,combined_herpes_viruses
SRR22753482,0,,,0,,24,,,,,,,0,,24,,,,,HSV1_KOS,HHV6B
SRR22753482,0,,0,,,24,,,,,,0,,,24,,,,,HSV1_KOS,HCMV
SRR22753482,0,,,,,24,,33,,,,,,,24,,33,,,HSV1_KOS,KSHV
SRR22753482,0,0,,,,24,,,,,0,,,,24,,,,,HSV1_KOS,EBV
SRR22753482,0,,,,0,,,,,25,,,,0,,,,,25,HHV7,combined_herpes_viruses
SRR22753482,0,,,0,0,,,,,,,,0,0,,,,,,HHV7,HHV6B
SRR22753482,0,,0,,0,,,,,,,0,,0,,,,,,HHV7,HCMV
SRR22753482,0,,,,0,,,33,,,,,,0,,,33,,,HHV7,KSHV
SRR22753482,0,0,,,0,,,,,,0,,,0,,,,,,HHV7,EBV
SRR22753482,0,,,0,,,,,,25,,,0,,,,,,25,combined_herpes_viruses,HHV6B
SRR22753482,0,,0,,,,,,,25,,0,,,,,,,25,combined_herpes_viruses,HCMV
SRR22753482,7,,,,,,,33,,25,,,,,,,26,,18,combined_herpes_viruses,KSHV
SRR22753482,0,0,,,,,,,,25,0,,,,,,,,25,combined_herpes_viruses,EBV
SRR22753482,0,,0,0,,,,,,,,0,0,,,,,,,HHV6B,HCMV
SRR22753482,0,,,0,,,,33,,,,,0,,,,33,,,HHV6B,KSHV
SRR22753482,0,0,,0,,,,,,,0,,0,,,,,,,HHV6B,EBV
SRR22753482,0,,0,,,,,33,,,,0,,,,,33,,,HCMV,KSHV
SRR22753482,0,0,0,,,,,,,,0,0,,,,,,,,HCMV,EBV
SRR22753482,0,0,,,,,,33,,,0,,,,,,33,,,KSHV,EBV
SRR22753482,36,,,,,,36,,,,,,,,,0,,,,HSV2_StrainG,HSV2_StrainG
SRR22753482,0,,,,,,,,0,,,,,,,,,0,,VZV_Ellen,VZV_Ellen
SRR22753482,24,,,,,24,,,,,,,,,0,,,,,HSV1_KOS,HSV1_KOS
SRR22753482,0,,,,0,,,,,,,,,0,,,,,,HHV7,HHV7
SRR22753482,25,,,,,,,,,25,,,,,,,,,0,combined_herpes_viruses,combined_herpes_viruses
SRR22753482,0,,,0,,,,,,,,,0,,,,,,,HHV6B,HHV6B
SRR22753482,0,,0,,,,,,,,,0,,,,,,,,HCMV,HCMV
SRR22753482,33,,,,,,,33,,,,,,,,,0,,,KSHV,KSHV
SRR22753482,0,0,,,,,,,,,0,,,,,,,,,EBV,EBV
SRR22753390,2,,,6,,,,7,,,,,4,,,,5,,,HHV6B,KSHV
SRR22753390,0,0,,6,,,,,,,0,,6,,,,,,,HHV6B,EBV
SRR22753390,0,,0,6,,,,,,,,0,6,,,,,,,HHV6B,HCMV
SRR22753390,0,,,6,,70,,,,,,,6,,70,,,,,HHV6B,HSV1_KOS
SRR22753390,0,,,6,0,,,,,,,,6,0,,,,,,HHV6B,HHV7
SRR22753390,0,,,6,,,,,0,,,,6,,,,,0,,HHV6B,VZV_Ellen
SRR22753390,0,,,6,,,2,,,,,,6,,,2,,,,HHV6B,HSV2_StrainG
SRR22753390,2,,,6,,,,,,64,,,4,,,,,,62,HHV6B,combined_herpes_viruses
SRR22753390,0,0,,,,,,7,,,0,,,,,,7,,,KSHV,EBV
SRR22753390,0,,0,,,,,7,,,,0,,,,,7,,,KSHV,HCMV
SRR22753390,0,,,,,70,,7,,,,,,,70,,7,,,KSHV,HSV1_KOS
SRR22753390,0,,,,0,,,7,,,,,,0,,,7,,,KSHV,HHV7
SRR22753390,0,,,,,,,7,0,,,,,,,,7,0,,KSHV,VZV_Ellen
SRR22753390,1,,,,,,2,7,,,,,,,,1,6,,,KSHV,HSV2_StrainG
SRR22753390,1,,,,,,,7,,64,,,,,,,6,,63,KSHV,combined_herpes_viruses
SRR22753390,0,0,0,,,,,,,,0,0,,,,,,,,EBV,HCMV
SRR22753390,0,0,,,,70,,,,,0,,,,70,,,,,EBV,HSV1_KOS
SRR22753390,0,0,,,0,,,,,,0,,,0,,,,,,EBV,HHV7
SRR22753390,0,0,,,,,,,0,,0,,,,,,,0,,EBV,VZV_Ellen
SRR22753390,0,0,,,,,2,,,,0,,,,,2,,,,EBV,HSV2_StrainG
SRR22753390,0,0,,,,,,,,64,0,,,,,,,,64,EBV,combined_herpes_viruses
SRR22753390,0,,0,,,70,,,,,,0,,,70,,,,,HCMV,HSV1_KOS
SRR22753390,0,,0,,0,,,,,,,0,,0,,,,,,HCMV,HHV7
SRR22753390,0,,0,,,,,,0,,,0,,,,,,0,,HCMV,VZV_Ellen
SRR22753390,0,,0,,,,2,,,,,0,,,,2,,,,HCMV,HSV2_StrainG
SRR22753390,0,,0,,,,,,,64,,0,,,,,,,64,HCMV,combined_herpes_viruses
SRR22753390,0,,,,0,70,,,,,,,,0,70,,,,,HSV1_KOS,HHV7
SRR22753390,0,,,,,70,,,0,,,,,,70,,,0,,HSV1_KOS,VZV_Ellen
SRR22753390,0,,,,,70,2,,,,,,,,70,2,,,,HSV1_KOS,HSV2_StrainG
SRR22753390,46,,,,,70,,,,64,,,,,24,,,,18,HSV1_KOS,combined_herpes_viruses
SRR22753390,0,,,,0,,,,0,,,,,0,,,,0,,HHV7,VZV_Ellen
SRR22753390,0,,,,0,,2,,,,,,,0,,2,,,,HHV7,HSV2_StrainG
SRR22753390,0,,,,0,,,,,64,,,,0,,,,,64,HHV7,combined_herpes_viruses
SRR22753390,0,,,,,,2,,0,,,,,,,2,,0,,VZV_Ellen,HSV2_StrainG
SRR22753390,0,,,,,,,,0,64,,,,,,,,0,64,VZV_Ellen,combined_herpes_viruses
SRR22753390,0,,,,,,2,,,64,,,,,,2,,,64,HSV2_StrainG,combined_herpes_viruses
SRR22753390,6,,,6,,,,,,,,,0,,,,,,,HHV6B,HHV6B
SRR22753390,7,,,,,,,7,,,,,,,,,0,,,KSHV,KSHV
SRR22753390,0,0,,,,,,,,,0,,,,,,,,,EBV,EBV
SRR22753390,0,,0,,,,,,,,,0,,,,,,,,HCMV,HCMV
SRR22753390,70,,,,,70,,,,,,,,,0,,,,,HSV1_KOS,HSV1_KOS
SRR22753390,0,,,,0,,,,,,,,,0,,,,,,HHV7,HHV7
SRR22753390,0,,,,,,,,0,,,,,,,,,0,,VZV_Ellen,VZV_Ellen
SRR22753390,2,,,,,,2,,,,,,,,,0,,,,HSV2_StrainG,HSV2_StrainG
SRR22753390,64,,,,,,,,,64,,,,,,,,,0,combined_herpes_viruses,combined_herpes_viruses
SRR22753528,0,,,,,5,,8,,,,,,,5,,8,,,KSHV,HSV1_KOS
SRR22753528,1,,,1,,,,8,,,,,0,,,,7,,,KSHV,HHV6B
SRR22753528,0,0,,,,,,8,,,0,,,,,,8,,,KSHV,EBV
SRR22753528,0,,,,,,,8,0,,,,,,,,8,0,,KSHV,VZV_Ellen
SRR22753528,0,,,,,,3,8,,,,,,,,3,8,,,KSHV,HSV2_StrainG
SRR22753528,0,,,,0,,,8,,,,,,0,,,8,,,KSHV,HHV7
SRR22753528,0,,0,,,,,8,,,,0,,,,,8,,,KSHV,HCMV
SRR22753528,1,,,,,,,8,,6,,,,,,,7,,5,KSHV,combined_herpes_viruses
SRR22753528,0,,,1,,5,,,,,,,1,,5,,,,,HSV1_KOS,HHV6B
SRR22753528,0,0,,,,5,,,,,0,,,,5,,,,,HSV1_KOS,EBV
SRR22753528,0,,,,,5,,,0,,,,,,5,,,0,,HSV1_KOS,VZV_Ellen
SRR22753528,0,,,,,5,3,,,,,,,,5,3,,,,HSV1_KOS,HSV2_StrainG
SRR22753528,0,,,,0,5,,,,,,,,0,5,,,,,HSV1_KOS,HHV7
SRR22753528,0,,0,,,5,,,,,,0,,,5,,,,,HSV1_KOS,HCMV
SRR22753528,3,,,,,5,,,,6,,,,,2,,,,3,HSV1_KOS,combined_herpes_viruses
SRR22753528,0,0,,1,,,,,,,0,,1,,,,,,,HHV6B,EBV
SRR22753528,0,,,1,,,,,0,,,,1,,,,,0,,HHV6B,VZV_Ellen
SRR22753528,0,,,1,,,3,,,,,,1,,,3,,,,HHV6B,HSV2_StrainG
SRR22753528,0,,,1,0,,,,,,,,1,0,,,,,,HHV6B,HHV7
SRR22753528,0,,0,1,,,,,,,,0,1,,,,,,,HHV6B,HCMV
SRR22753528,0,,,1,,,,,,6,,,1,,,,,,6,HHV6B,combined_herpes_viruses
SRR22753528,0,0,,,,,,,0,,0,,,,,,,0,,EBV,VZV_Ellen
SRR22753528,0,0,,,,,3,,,,0,,,,,3,,,,EBV,HSV2_StrainG
SRR22753528,0,0,,,0,,,,,,0,,,0,,,,,,EBV,HHV7
SRR22753528,0,0,0,,,,,,,,0,0,,,,,,,,EBV,HCMV
SRR22753528,0,0,,,,,,,,6,0,,,,,,,,6,EBV,combined_herpes_viruses
SRR22753528,0,,,,,,3,,0,,,,,,,3,,0,,VZV_Ellen,HSV2_StrainG
SRR22753528,0,,,,0,,,,0,,,,,0,,,,0,,VZV_Ellen,HHV7
SRR22753528,0,,0,,,,,,0,,,0,,,,,,0,,VZV_Ellen,HCMV
SRR22753528,0,,,,,,,,0,6,,,,,,,,0,6,VZV_Ellen,combined_herpes_viruses
SRR22753528,0,,,,0,,3,,,,,,,0,,3,,,,HSV2_StrainG,HHV7
SRR22753528,0,,0,,,,3,,,,,0,,,,3,,,,HSV2_StrainG,HCMV
SRR22753528,0,,,,,,3,,,6,,,,,,3,,,6,HSV2_StrainG,combined_herpes_viruses
SRR22753528,0,,0,,0,,,,,,,0,,0,,,,,,HHV7,HCMV
SRR22753528,0,,,,0,,,,,6,,,,0,,,,,6,HHV7,combined_herpes_viruses
SRR22753528,0,,0,,,,,,,6,,0,,,,,,,6,HCMV,combined_herpes_viruses
SRR22753528,8,,,,,,,8,,,,,,,,,0,,,KSHV,KSHV
SRR22753528,5,,,,,5,,,,,,,,,0,,,,,HSV1_KOS,HSV1_KOS
SRR22753528,1,,,1,,,,,,,,,0,,,,,,,HHV6B,HHV6B
SRR22753528,0,0,,,,,,,,,0,,,,,,,,,EBV,EBV
SRR22753528,0,,,,,,,,0,,,,,,,,,0,,VZV_Ellen,VZV_Ellen
SRR22753528,3,,,,,,3,,,,,,,,,0,,,,HSV2_StrainG,HSV2_StrainG
SRR22753528,0,,,,0,,,,,,,,,0,,,,,,HHV7,HHV7
SRR22753528,0,,0,,,,,,,,,0,,,,,,,,HCMV,HCMV
SRR22753528,6,,,,,,,,,6,,,,,,,,,0,combined_herpes_viruses,combined_herpes_viruses
SRR22753567,0,,,0,,,12,,,,,,0,,,12,,,,HHV6B,HSV2_StrainG
SRR22753567,0,,,0,,,,,0,,,,0,,,,,0,,HHV6B,VZV_Ellen
SRR22753567,0,0,,0,,,,,,,0,,0,,,,,,,HHV6B,EBV
SRR22753567,0,,,0,,16,,,,,,,0,,16,,,,,HHV6B,HSV1_KOS
SRR22753567,0,,0,0,,,,,,,,0,0,,,,,,,HHV6B,HCMV
SRR22753567,0,,,0,,,,,,19,,,0,,,,,,19,HHV6B,combined_herpes_viruses
SRR22753567,0,,,0,0,,,,,,,,0,0,,,,,,HHV6B,HHV7
SRR22753567,0,,,0,,,,12,,,,,0,,,,12,,,HHV6B,KSHV
SRR22753567,0,,,,,,12,,0,,,,,,,12,,0,,HSV2_StrainG,VZV_Ellen
SRR22753567,0,0,,,,,12,,,,0,,,,,12,,,,HSV2_StrainG,EBV
SRR22753567,0,,,,,16,12,,,,,,,,16,12,,,,HSV2_StrainG,HSV1_KOS
SRR22753567,0,,0,,,,12,,,,,0,,,,12,,,,HSV2_StrainG,HCMV
SRR22753567,0,,,,,,12,,,19,,,,,,12,,,19,HSV2_StrainG,combined_herpes_viruses
SRR22753567,0,,,,0,,12,,,,,,,0,,12,,,,HSV2_StrainG,HHV7
SRR22753567,0,,,,,,12,12,,,,,,,,12,12,,,HSV2_StrainG,KSHV
SRR22753567,0,0,,,,,,,0,,0,,,,,,,0,,VZV_Ellen,EBV
SRR22753567,0,,,,,16,,,0,,,,,,16,,,0,,VZV_Ellen,HSV1_KOS
SRR22753567,0,,0,,,,,,0,,,0,,,,,,0,,VZV_Ellen,HCMV
SRR22753567,0,,,,,,,,0,19,,,,,,,,0,19,VZV_Ellen,combined_herpes_viruses
SRR22753567,0,,,,0,,,,0,,,,,0,,,,0,,VZV_Ellen,HHV7
SRR22753567,0,,,,,,,12,0,,,,,,,,12,0,,VZV_Ellen,KSHV
SRR22753567,0,0,,,,16,,,,,0,,,,16,,,,,EBV,HSV1_KOS
SRR22753567,0,0,0,,,,,,,,0,0,,,,,,,,EBV,HCMV
SRR22753567,0,0,,,,,,,,19,0,,,,,,,,19,EBV,combined_herpes_viruses
SRR22753567,0,0,,,0,,,,,,0,,,0,,,,,,EBV,HHV7
SRR22753567,0,0,,,,,,12,,,0,,,,,,12,,,EBV,KSHV
SRR22753567,0,,0,,,16,,,,,,0,,,16,,,,,HSV1_KOS,HCMV
SRR22753567,10,,,,,16,,,,19,,,,,6,,,,9,HSV1_KOS,combined_herpes_viruses
SRR22753567,0,,,,0,16,,,,,,,,0,16,,,,,HSV1_KOS,HHV7
SRR22753567,0,,,,,16,,12,,,,,,,16,,12,,,HSV1_KOS,KSHV
SRR22753567,0,,0,,,,,,,19,,0,,,,,,,19,HCMV,combined_herpes_viruses
SRR22753567,0,,0,,0,,,,,,,0,,0,,,,,,HCMV,HHV7
SRR22753567,0,,0,,,,,12,,,,0,,,,,12,,,HCMV,KSHV
SRR22753567,0,,,,0,,,,,19,,,,0,,,,,19,combined_herpes_viruses,HHV7
SRR22753567,3,,,,,,,12,,19,,,,,,,9,,16,combined_herpes_viruses,KSHV
SRR22753567,0,,,,0,,,12,,,,,,0,,,12,,,HHV7,KSHV
SRR22753567,0,,,0,,,,,,,,,0,,,,,,,HHV6B,HHV6B
SRR22753567,12,,,,,,12,,,,,,,,,0,,,,HSV2_StrainG,HSV2_StrainG
SRR22753567,0,,,,,,,,0,,,,,,,,,0,,VZV_Ellen,VZV_Ellen
SRR22753567,0,0,,,,,,,,,0,,,,,,,,,EBV,EBV
SRR22753567,16,,,,,16,,,,,,,,,0,,,,,HSV1_KOS,HSV1_KOS
SRR22753567,0,,0,,,,,,,,,0,,,,,,,,HCMV,HCMV
SRR22753567,19,,,,,,,,,19,,,,,,,,,0,combined_herpes_viruses,combined_herpes_viruses
SRR22753567,0,,,,0,,,,,,,,,0,,,,,,HHV7,HHV7
SRR22753567,12,,,,,,,12,,,,,,,,,0,,,KSHV,KSHV
SRR22753411,0,,,1,0,,,,,,,,1,0,,,,,,HHV6B,HHV7
SRR22753411,0,,0,1,,,,,,,,0,1,,,,,,,HHV6B,HCMV
SRR22753411,0,,,1,,,,,0,,,,1,,,,,0,,HHV6B,VZV_Ellen
SRR22753411,0,,,1,,4,,,,,,,1,,4,,,,,HHV6B,HSV1_KOS
SRR22753411,0,,,1,,,4,,,,,,1,,,4,,,,HHV6B,HSV2_StrainG
SRR22753411,0,,,1,,,,3,,,,,1,,,,3,,,HHV6B,KSHV
SRR22753411,1,,,1,,,,,,4,,,0,,,,,,3,HHV6B,combined_herpes_viruses
SRR22753411,0,0,,1,,,,,,,0,,1,,,,,,,HHV6B,EBV
SRR22753411,0,,0,,0,,,,,,,0,,0,,,,,,HHV7,HCMV
SRR22753411,0,,,,0,,,,0,,,,,0,,,,0,,HHV7,VZV_Ellen
SRR22753411,0,,,,0,4,,,,,,,,0,4,,,,,HHV7,HSV1_KOS
SRR22753411,0,,,,0,,4,,,,,,,0,,4,,,,HHV7,HSV2_StrainG
SRR22753411,0,,,,0,,,3,,,,,,0,,,3,,,HHV7,KSHV
SRR22753411,0,,,,0,,,,,4,,,,0,,,,,4,HHV7,combined_herpes_viruses
SRR22753411,0,0,,,0,,,,,,0,,,0,,,,,,HHV7,EBV
SRR22753411,0,,0,,,,,,0,,,0,,,,,,0,,HCMV,VZV_Ellen
SRR22753411,0,,0,,,4,,,,,,0,,,4,,,,,HCMV,HSV1_KOS
SRR22753411,0,,0,,,,4,,,,,0,,,,4,,,,HCMV,HSV2_StrainG
SRR22753411,0,,0,,,,,3,,,,0,,,,,3,,,HCMV,KSHV
SRR22753411,0,,0,,,,,,,4,,0,,,,,,,4,HCMV,combined_herpes_viruses
SRR22753411,0,0,0,,,,,,,,0,0,,,,,,,,HCMV,EBV
SRR22753411,0,,,,,4,,,0,,,,,,4,,,0,,VZV_Ellen,HSV1_KOS
SRR22753411,0,,,,,,4,,0,,,,,,,4,,0,,VZV_Ellen,HSV2_StrainG
SRR22753411,0,,,,,,,3,0,,,,,,,,3,0,,VZV_Ellen,KSHV
SRR22753411,0,,,,,,,,0,4,,,,,,,,0,4,VZV_Ellen,combined_herpes_viruses
SRR22753411,0,0,,,,,,,0,,0,,,,,,,0,,VZV_Ellen,EBV
SRR22753411,0,,,,,4,4,,,,,,,,4,4,,,,HSV1_KOS,HSV2_StrainG
SRR22753411,0,,,,,4,,3,,,,,,,4,,3,,,HSV1_KOS,KSHV
SRR22753411,2,,,,,4,,,,4,,,,,2,,,,2,HSV1_KOS,combined_herpes_viruses
SRR22753411,0,0,,,,4,,,,,0,,,,4,,,,,HSV1_KOS,EBV
SRR22753411,0,,,,,,4,3,,,,,,,,4,3,,,HSV2_StrainG,KSHV
SRR22753411,0,,,,,,4,,,4,,,,,,4,,,4,HSV2_StrainG,combined_herpes_viruses
SRR22753411,0,0,,,,,4,,,,0,,,,,4,,,,HSV2_StrainG,EBV
SRR22753411,1,,,,,,,3,,4,,,,,,,2,,3,KSHV,combined_herpes_viruses
SRR22753411,0,0,,,,,,3,,,0,,,,,,3,,,KSHV,EBV
SRR22753411,0,0,,,,,,,,4,0,,,,,,,,4,combined_herpes_viruses,EBV
SRR22753411,1,,,1,,,,,,,,,0,,,,,,,HHV6B,HHV6B
SRR22753411,0,,,,0,,,,,,,,,0,,,,,,HHV7,HHV7
SRR22753411,0,,0,,,,,,,,,0,,,,,,,,HCMV,HCMV
SRR22753411,0,,,,,,,,0,,,,,,,,,0,,VZV_Ellen,VZV_Ellen
SRR22753411,4,,,,,4,,,,,,,,,0,,,,,HSV1_KOS,HSV1_KOS
SRR22753411,4,,,,,,4,,,,,,,,,0,,,,HSV2_StrainG,HSV2_StrainG
SRR22753411,3,,,,,,,3,,,,,,,,,0,,,KSHV,KSHV
SRR22753411,4,,,,,,,,,4,,,,,,,,,0,combined_herpes_viruses,combined_herpes_viruses
SRR22753411,0,0,,,,,,,,,0,,,,,,,,,EBV,EBV
SRR22753370,0,,,,0,8,,,,,,,,0,8,,,,,HHV7,HSV1_KOS
SRR22753370,0,,0,,0,,,,,,,0,,0,,,,,,HHV7,HCMV
SRR22753370,0,,,,0,,,3,,,,,,0,,,3,,,HHV7,KSHV
SRR22753370,0,,,,0,,,,,3,,,,0,,,,,3,HHV7,combined_herpes_viruses
SRR22753370,0,0,,,0,,,,,,0,,,0,,,,,,HHV7,EBV
SRR22753370,0,,,0,0,,,,,,,,0,0,,,,,,HHV7,HHV6B
SRR22753370,0,,,,0,,1,,,,,,,0,,1,,,,HHV7,HSV2_StrainG
SRR22753370,0,,,,0,,,,0,,,,,0,,,,0,,HHV7,VZV_Ellen
SRR22753370,0,,0,,,8,,,,,,0,,,8,,,,,HSV1_KOS,HCMV
SRR22753370,0,,,,,8,,3,,,,,,,8,,3,,,HSV1_KOS,KSHV
SRR22753370,2,,,,,8,,,,3,,,,,6,,,,1,HSV1_KOS,combined_herpes_viruses
SRR22753370,0,0,,,,8,,,,,0,,,,8,,,,,HSV1_KOS,EBV
SRR22753370,0,,,0,,8,,,,,,,0,,8,,,,,HSV1_KOS,HHV6B
SRR22753370,0,,,,,8,1,,,,,,,,8,1,,,,HSV1_KOS,HSV2_StrainG
SRR22753370,0,,,,,8,,,0,,,,,,8,,,0,,HSV1_KOS,VZV_Ellen
SRR22753370,0,,0,,,,,3,,,,0,,,,,3,,,HCMV,KSHV
SRR22753370,0,,0,,,,,,,3,,0,,,,,,,3,HCMV,combined_herpes_viruses
SRR22753370,0,0,0,,,,,,,,0,0,,,,,,,,HCMV,EBV
SRR22753370,0,,0,0,,,,,,,,0,0,,,,,,,HCMV,HHV6B
SRR22753370,0,,0,,,,1,,,,,0,,,,1,,,,HCMV,HSV2_StrainG
SRR22753370,0,,0,,,,,,0,,,0,,,,,,0,,HCMV,VZV_Ellen
SRR22753370,0,,,,,,,3,,3,,,,,,,3,,3,KSHV,combined_herpes_viruses
SRR22753370,0,0,,,,,,3,,,0,,,,,,3,,,KSHV,EBV
SRR22753370,0,,,0,,,,3,,,,,0,,,,3,,,KSHV,HHV6B
SRR22753370,0,,,,,,1,3,,,,,,,,1,3,,,KSHV,HSV2_StrainG
SRR22753370,0,,,,,,,3,0,,,,,,,,3,0,,KSHV,VZV_Ellen
SRR22753370,0,0,,,,,,,,3,0,,,,,,,,3,combined_herpes_viruses,EBV
SRR22753370,0,,,0,,,,,,3,,,0,,,,,,3,combined_herpes_viruses,HHV6B
SRR22753370,0,,,,,,1,,,3,,,,,,1,,,3,combined_herpes_viruses,HSV2_StrainG
SRR22753370,0,,,,,,,,0,3,,,,,,,,0,3,combined_herpes_viruses,VZV_Ellen
SRR22753370,0,0,,0,,,,,,,0,,0,,,,,,,EBV,HHV6B
SRR22753370,0,0,,,,,1,,,,0,,,,,1,,,,EBV,HSV2_StrainG
SRR22753370,0,0,,,,,,,0,,0,,,,,,,0,,EBV,VZV_Ellen
SRR22753370,0,,,0,,,1,,,,,,0,,,1,,,,HHV6B,HSV2_StrainG
SRR22753370,0,,,0,,,,,0,,,,0,,,,,0,,HHV6B,VZV_Ellen
SRR22753370,0,,,,,,1,,0,,,,,,,1,,0,,HSV2_StrainG,VZV_Ellen
SRR22753370,0,,,,0,,,,,,,,,0,,,,,,HHV7,HHV7
SRR22753370,8,,,,,8,,,,,,,,,0,,,,,HSV1_KOS,HSV1_KOS
SRR22753370,0,,0,,,,,,,,,0,,,,,,,,HCMV,HCMV
SRR22753370,3,,,,,,,3,,,,,,,,,0,,,KSHV,KSHV
SRR22753370,3,,,,,,,,,3,,,,,,,,,0,combined_herpes_viruses,combined_herpes_viruses
SRR22753370,0,0,,,,,,,,,0,,,,,,,,,EBV,EBV
SRR22753370,0,,,0,,,,,,,,,0,,,,,,,HHV6B,HHV6B
SRR22753370,1,,,,,,1,,,,,,,,,0,,,,HSV2_StrainG,HSV2_StrainG
SRR22753370,0,,,,,,,,0,,,,,,,,,0,,VZV_Ellen,VZV_Ellen
SRR22753377,0,,,,0,,,,,28,,,,0,,,,,28,HHV7,combined_herpes_viruses
SRR22753377,0,,,0,0,,,,,,,,0,0,,,,,,HHV7,HHV6B
SRR22753377,0,0,,,0,,,,,,0,,,0,,,,,,HHV7,EBV
SRR22753377,0,,0,,0,,,,,,,0,,0,,,,,,HHV7,HCMV
SRR22753377,0,,,,0,,,,0,,,,,0,,,,0,,HHV7,VZV_Ellen
SRR22753377,0,,,,0,,,1,,,,,,0,,,1,,,HHV7,KSHV
SRR22753377,0,,,,0,,2,,,,,,,0,,2,,,,HHV7,HSV2_StrainG
SRR22753377,0,,,,0,49,,,,,,,,0,49,,,,,HHV7,HSV1_KOS
SRR22753377,0,,,0,,,,,,28,,,0,,,,,,28,combined_herpes_viruses,HHV6B
SRR22753377,0,0,,,,,,,,28,0,,,,,,,,28,combined_herpes_viruses,EBV
SRR22753377,0,,0,,,,,,,28,,0,,,,,,,28,combined_herpes_viruses,HCMV
SRR22753377,0,,,,,,,,0,28,,,,,,,,0,28,combined_herpes_viruses,VZV_Ellen
SRR22753377,0,,,,,,,1,,28,,,,,,,1,,28,combined_herpes_viruses,KSHV
SRR22753377,0,,,,,,2,,,28,,,,,,2,,,28,combined_herpes_viruses,HSV2_StrainG
SRR22753377,22,,,,,49,,,,28,,,,,27,,,,6,combined_herpes_viruses,HSV1_KOS
SRR22753377,0,0,,0,,,,,,,0,,0,,,,,,,HHV6B,EBV
SRR22753377,0,,0,0,,,,,,,,0,0,,,,,,,HHV6B,HCMV
SRR22753377,0,,,0,,,,,0,,,,0,,,,,0,,HHV6B,VZV_Ellen
SRR22753377,0,,,0,,,,1,,,,,0,,,,1,,,HHV6B,KSHV
SRR22753377,0,,,0,,,2,,,,,,0,,,2,,,,HHV6B,HSV2_StrainG
SRR22753377,0,,,0,,49,,,,,,,0,,49,,,,,HHV6B,HSV1_KOS
SRR22753377,0,0,0,,,,,,,,0,0,,,,,,,,EBV,HCMV
SRR22753377,0,0,,,,,,,0,,0,,,,,,,0,,EBV,VZV_Ellen
SRR22753377,0,0,,,,,,1,,,0,,,,,,1,,,EBV,KSHV
SRR22753377,0,0,,,,,2,,,,0,,,,,2,,,,EBV,HSV2_StrainG
SRR22753377,0,0,,,,49,,,,,0,,,,49,,,,,EBV,HSV1_KOS
SRR22753377,0,,0,,,,,,0,,,0,,,,,,0,,HCMV,VZV_Ellen
SRR22753377,0,,0,,,,,1,,,,0,,,,,1,,,HCMV,KSHV
SRR22753377,0,,0,,,,2,,,,,0,,,,2,,,,HCMV,HSV2_StrainG
SRR22753377,0,,0,,,49,,,,,,0,,,49,,,,,HCMV,HSV1_KOS
SRR22753377,0,,,,,,,1,0,,,,,,,,1,0,,VZV_Ellen,KSHV
SRR22753377,0,,,,,,2,,0,,,,,,,2,,0,,VZV_Ellen,HSV2_StrainG
SRR22753377,0,,,,,49,,,0,,,,,,49,,,0,,VZV_Ellen,HSV1_KOS
SRR22753377,0,,,,,,2,1,,,,,,,,2,1,,,KSHV,HSV2_StrainG
SRR22753377,0,,,,,49,,1,,,,,,,49,,1,,,KSHV,HSV1_KOS
SRR22753377,0,,,,,49,2,,,,,,,,49,2,,,,HSV2_StrainG,HSV1_KOS
SRR22753377,0,,,,0,,,,,,,,,0,,,,,,HHV7,HHV7
SRR22753377,28,,,,,,,,,28,,,,,,,,,0,combined_herpes_viruses,combined_herpes_viruses
SRR22753377,0,,,0,,,,,,,,,0,,,,,,,HHV6B,HHV6B
SRR22753377,0,0,,,,,,,,,0,,,,,,,,,EBV,EBV
SRR22753377,0,,0,,,,,,,,,0,,,,,,,,HCMV,HCMV
SRR22753377,0,,,,,,,,0,,,,,,,,,0,,VZV_Ellen,VZV_Ellen
SRR22753377,1,,,,,,,1,,,,,,,,,0,,,KSHV,KSHV
SRR22753377,2,,,,,,2,,,,,,,,,0,,,,HSV2_StrainG,HSV2_StrainG
SRR22753377,49,,,,,49,,,,,,,,,0,,,,,HSV1_KOS,HSV1_KOS
SRR22753480,0,,,0,,13,,,,,,,0,,13,,,,,HHV6B,HSV1_KOS
SRR22753480,0,,,0,0,,,,,,,,0,0,,,,,,HHV6B,HHV7
SRR22753480,0,,,0,,,,30,,,,,0,,,,30,,,HHV6B,KSHV
SRR22753480,0,,,0,,,36,,,,,,0,,,36,,,,HHV6B,HSV2_StrainG
SRR22753480,0,,0,0,,,,,,,,0,0,,,,,,,HHV6B,HCMV
SRR22753480,0,0,,0,,,,,,,0,,0,,,,,,,HHV6B,EBV
SRR22753480,0,,,0,,,,,0,,,,0,,,,,0,,HHV6B,VZV_Ellen
SRR22753480,0,,,0,,,,,,13,,,0,,,,,,13,HHV6B,combined_herpes_viruses
SRR22753480,0,,,,0,13,,,,,,,,0,13,,,,,HSV1_KOS,HHV7
SRR22753480,0,,,,,13,,30,,,,,,,13,,30,,,HSV1_KOS,KSHV
SRR22753480,0,,,,,13,36,,,,,,,,13,36,,,,HSV1_KOS,HSV2_StrainG
SRR22753480,0,,0,,,13,,,,,,0,,,13,,,,,HSV1_KOS,HCMV
SRR22753480,0,0,,,,13,,,,,0,,,,13,,,,,HSV1_KOS,EBV
SRR22753480,0,,,,,13,,,0,,,,,,13,,,0,,HSV1_KOS,VZV_Ellen
SRR22753480,7,,,,,13,,,,13,,,,,6,,,,6,HSV1_KOS,combined_herpes_viruses
SRR22753480,0,,,,0,,,30,,,,,,0,,,30,,,HHV7,KSHV
SRR22753480,0,,,,0,,36,,,,,,,0,,36,,,,HHV7,HSV2_StrainG
SRR22753480,0,,0,,0,,,,,,,0,,0,,,,,,HHV7,HCMV
SRR22753480,0,0,,,0,,,,,,0,,,0,,,,,,HHV7,EBV
SRR22753480,0,,,,0,,,,0,,,,,0,,,,0,,HHV7,VZV_Ellen
SRR22753480,0,,,,0,,,,,13,,,,0,,,,,13,HHV7,combined_herpes_viruses
SRR22753480,1,,,,,,36,30,,,,,,,,35,29,,,KSHV,HSV2_StrainG
SRR22753480,0,,0,,,,,30,,,,0,,,,,30,,,KSHV,HCMV
SRR22753480,0,0,,,,,,30,,,0,,,,,,30,,,KSHV,EBV
SRR22753480,0,,,,,,,30,0,,,,,,,,30,0,,KSHV,VZV_Ellen
SRR22753480,4,,,,,,,30,,13,,,,,,,26,,9,KSHV,combined_herpes_viruses
SRR22753480,0,,0,,,,36,,,,,0,,,,36,,,,HSV2_StrainG,HCMV
SRR22753480,0,0,,,,,36,,,,0,,,,,36,,,,HSV2_StrainG,EBV
SRR22753480,0,,,,,,36,,0,,,,,,,36,,0,,HSV2_StrainG,VZV_Ellen
SRR22753480,0,,,,,,36,,,13,,,,,,36,,,13,HSV2_StrainG,combined_herpes_viruses
SRR22753480,0,0,0,,,,,,,,0,0,,,,,,,,HCMV,EBV
SRR22753480,0,,0,,,,,,0,,,0,,,,,,0,,HCMV,VZV_Ellen
SRR22753480,0,,0,,,,,,,13,,0,,,,,,,13,HCMV,combined_herpes_viruses
SRR22753480,0,0,,,,,,,0,,0,,,,,,,0,,EBV,VZV_Ellen
SRR22753480,0,0,,,,,,,,13,0,,,,,,,,13,EBV,combined_herpes_viruses
SRR22753480,0,,,,,,,,0,13,,,,,,,,0,13,VZV_Ellen,combined_herpes_viruses
SRR22753480,0,,,0,,,,,,,,,0,,,,,,,HHV6B,HHV6B
SRR22753480,13,,,,,13,,,,,,,,,0,,,,,HSV1_KOS,HSV1_KOS
SRR22753480,0,,,,0,,,,,,,,,0,,,,,,HHV7,HHV7
SRR22753480,30,,,,,,,30,,,,,,,,,0,,,KSHV,KSHV
SRR22753480,36,,,,,,36,,,,,,,,,0,,,,HSV2_StrainG,HSV2_StrainG
SRR22753480,0,,0,,,,,,,,,0,,,,,,,,HCMV,HCMV
SRR22753480,0,0,,,,,,,,,0,,,,,,,,,EBV,EBV
SRR22753480,0,,,,,,,,0,,,,,,,,,0,,VZV_Ellen,VZV_Ellen
SRR22753480,13,,,,,,,,,13,,,,,,,,,0,combined_herpes_viruses,combined_herpes_viruses
SRR22753451,0,,,,0,,,6,,,,,,0,,,6,,,HHV7,KSHV
SRR22753451,0,,,5,0,,,,,,,,5,0,,,,,,HHV7,HHV6B
SRR22753451,0,,,,0,9,,,,,,,,0,9,,,,,HHV7,HSV1_KOS
SRR22753451,0,,0,,0,,,,,,,0,,0,,,,,,HHV7,HCMV
SRR22753451,0,,,,0,,7,,,,,,,0,,7,,,,HHV7,HSV2_StrainG
SRR22753451,0,,,,0,,,,,12,,,,0,,,,,12,HHV7,combined_herpes_viruses
SRR22753451,0,,,,0,,,,0,,,,,0,,,,0,,HHV7,VZV_Ellen
SRR22753451,0,0,,,0,,,,,,0,,,0,,,,,,HHV7,EBV
SRR22753451,2,,,5,,,,6,,,,,3,,,,4,,,KSHV,HHV6B
SRR22753451,0,,,,,9,,6,,,,,,,9,,6,,,KSHV,HSV1_KOS
SRR22753451,0,,0,,,,,6,,,,0,,,,,6,,,KSHV,HCMV
SRR22753451,0,,,,,,7,6,,,,,,,,7,6,,,KSHV,HSV2_StrainG
SRR22753451,2,,,,,,,6,,12,,,,,,,4,,10,KSHV,combined_herpes_viruses
SRR22753451,0,,,,,,,6,0,,,,,,,,6,0,,KSHV,VZV_Ellen
SRR22753451,0,0,,,,,,6,,,0,,,,,,6,,,KSHV,EBV
SRR22753451,0,,,5,,9,,,,,,,5,,9,,,,,HHV6B,HSV1_KOS
SRR22753451,0,,0,5,,,,,,,,0,5,,,,,,,HHV6B,HCMV
SRR22753451,0,,,5,,,7,,,,,,5,,,7,,,,HHV6B,HSV2_StrainG
SRR22753451,2,,,5,,,,,,12,,,3,,,,,,10,HHV6B,combined_herpes_viruses
SRR22753451,0,,,5,,,,,0,,,,5,,,,,0,,HHV6B,VZV_Ellen
SRR22753451,0,0,,5,,,,,,,0,,5,,,,,,,HHV6B,EBV
SRR22753451,0,,0,,,9,,,,,,0,,,9,,,,,HSV1_KOS,HCMV
SRR22753451,0,,,,,9,7,,,,,,,,9,7,,,,HSV1_KOS,HSV2_StrainG
SRR22753451,5,,,,,9,,,,12,,,,,4,,,,7,HSV1_KOS,combined_herpes_viruses
SRR22753451,0,,,,,9,,,0,,,,,,9,,,0,,HSV1_KOS,VZV_Ellen
SRR22753451,0,0,,,,9,,,,,0,,,,9,,,,,HSV1_KOS,EBV
SRR22753451,0,,0,,,,7,,,,,0,,,,7,,,,HCMV,HSV2_StrainG
SRR22753451,0,,0,,,,,,,12,,0,,,,,,,12,HCMV,combined_herpes_viruses
SRR22753451,0,,0,,,,,,0,,,0,,,,,,0,,HCMV,VZV_Ellen
SRR22753451,0,0,0,,,,,,,,0,0,,,,,,,,HCMV,EBV
SRR22753451,0,,,,,,7,,,12,,,,,,7,,,12,HSV2_StrainG,combined_herpes_viruses
SRR22753451,0,,,,,,7,,0,,,,,,,7,,0,,HSV2_StrainG,VZV_Ellen
SRR22753451,0,0,,,,,7,,,,0,,,,,7,,,,HSV2_StrainG,EBV
SRR22753451,0,,,,,,,,0,12,,,,,,,,0,12,combined_herpes_viruses,VZV_Ellen
SRR22753451,0,0,,,,,,,,12,0,,,,,,,,12,combined_herpes_viruses,EBV
SRR22753451,0,0,,,,,,,0,,0,,,,,,,0,,VZV_Ellen,EBV
SRR22753451,0,,,,0,,,,,,,,,0,,,,,,HHV7,HHV7
SRR22753451,6,,,,,,,6,,,,,,,,,0,,,KSHV,KSHV
SRR22753451,5,,,5,,,,,,,,,0,,,,,,,HHV6B,HHV6B
SRR22753451,9,,,,,9,,,,,,,,,0,,,,,HSV1_KOS,HSV1_KOS
SRR22753451,0,,0,,,,,,,,,0,,,,,,,,HCMV,HCMV
SRR22753451,7,,,,,,7,,,,,,,,,0,,,,HSV2_StrainG,HSV2_StrainG
SRR22753451,12,,,,,,,,,12,,,,,,,,,0,combined_herpes_viruses,combined_herpes_viruses
SRR22753451,0,,,,,,,,0,,,,,,,,,0,,VZV_Ellen,VZV_Ellen
SRR22753451,0,0,,,,,,,,,0,,,,,,,,,EBV,EBV
SRR22753550,0,,,1,,,6,,,,,,1,,,6,,,,HHV6B,HSV2_StrainG
SRR22753550,0,,,1,0,,,,,,,,1,0,,,,,,HHV6B,HHV7
SRR22753550,0,,,1,,,,,0,,,,1,,,,,0,,HHV6B,VZV_Ellen
SRR22753550,0,,0,1,,,,,,,,0,1,,,,,,,HHV6B,HCMV
SRR22753550,0,,,1,,1,,,,,,,1,,1,,,,,HHV6B,HSV1_KOS
SRR22753550,0,0,,1,,,,,,,0,,1,,,,,,,HHV6B,EBV
SRR22753550,0,,,1,,,,5,,,,,1,,,,5,,,HHV6B,KSHV
SRR22753550,1,,,1,,,,,,4,,,0,,,,,,3,HHV6B,combined_herpes_viruses
SRR22753550,0,,,,0,,6,,,,,,,0,,6,,,,HSV2_StrainG,HHV7
SRR22753550,0,,,,,,6,,0,,,,,,,6,,0,,HSV2_StrainG,VZV_Ellen
SRR22753550,0,,0,,,,6,,,,,0,,,,6,,,,HSV2_StrainG,HCMV
SRR22753550,0,,,,,1,6,,,,,,,,1,6,,,,HSV2_StrainG,HSV1_KOS
SRR22753550,0,0,,,,,6,,,,0,,,,,6,,,,HSV2_StrainG,EBV
SRR22753550,0,,,,,,6,5,,,,,,,,6,5,,,HSV2_StrainG,KSHV
SRR22753550,0,,,,,,6,,,4,,,,,,6,,,4,HSV2_StrainG,combined_herpes_viruses
SRR22753550,0,,,,0,,,,0,,,,,0,,,,0,,HHV7,VZV_Ellen
SRR22753550,0,,0,,0,,,,,,,0,,0,,,,,,HHV7,HCMV
SRR22753550,0,,,,0,1,,,,,,,,0,1,,,,,HHV7,HSV1_KOS
SRR22753550,0,0,,,0,,,,,,0,,,0,,,,,,HHV7,EBV
SRR22753550,0,,,,0,,,5,,,,,,0,,,5,,,HHV7,KSHV
SRR22753550,0,,,,0,,,,,4,,,,0,,,,,4,HHV7,combined_herpes_viruses
SRR22753550,0,,0,,,,,,0,,,0,,,,,,0,,VZV_Ellen,HCMV
SRR22753550,0,,,,,1,,,0,,,,,,1,,,0,,VZV_Ellen,HSV1_KOS
SRR22753550,0,0,,,,,,,0,,0,,,,,,,0,,VZV_Ellen,EBV
SRR22753550,0,,,,,,,5,0,,,,,,,,5,0,,VZV_Ellen,KSHV
SRR22753550,0,,,,,,,,0,4,,,,,,,,0,4,VZV_Ellen,combined_herpes_viruses
SRR22753550,0,,0,,,1,,,,,,0,,,1,,,,,HCMV,HSV1_KOS
SRR22753550,0,0,0,,,,,,,,0,0,,,,,,,,HCMV,EBV
SRR22753550,0,,0,,,,,5,,,,0,,,,,5,,,HCMV,KSHV
SRR22753550,0,,0,,,,,,,4,,0,,,,,,,4,HCMV,combined_herpes_viruses
SRR22753550,0,0,,,,1,,,,,0,,,,1,,,,,HSV1_KOS,EBV
SRR22753550,0,,,,,1,,5,,,,,,,1,,5,,,HSV1_KOS,KSHV
SRR22753550,0,,,,,1,,,,4,,,,,1,,,,4,HSV1_KOS,combined_herpes_viruses
SRR22753550,0,0,,,,,,5,,,0,,,,,,5,,,EBV,KSHV
SRR22753550,0,0,,,,,,,,4,0,,,,,,,,4,EBV,combined_herpes_viruses
SRR22753550,2,,,,,,,5,,4,,,,,,,3,,2,KSHV,combined_herpes_viruses
SRR22753550,1,,,1,,,,,,,,,0,,,,,,,HHV6B,HHV6B
SRR22753550,6,,,,,,6,,,,,,,,,0,,,,HSV2_StrainG,HSV2_StrainG
SRR22753550,0,,,,0,,,,,,,,,0,,,,,,HHV7,HHV7
SRR22753550,0,,,,,,,,0,,,,,,,,,0,,VZV_Ellen,VZV_Ellen
SRR22753550,0,,0,,,,,,,,,0,,,,,,,,HCMV,HCMV
SRR22753550,1,,,,,1,,,,,,,,,0,,,,,HSV1_KOS,HSV1_KOS
SRR22753550,0,0,,,,,,,,,0,,,,,,,,,EBV,EBV
SRR22753550,5,,,,,,,5,,,,,,,,,0,,,KSHV,KSHV
SRR22753550,4,,,,,,,,,4,,,,,,,,,0,combined_herpes_viruses,combined_herpes_viruses
SRR22753447,0,,,,0,,7,,,,,,,0,,7,,,,HHV7,HSV2_StrainG
SRR22753447,0,,,,0,12,,,,,,,,0,12,,,,,HHV7,HSV1_KOS
SRR22753447,0,,,,0,,,,,8,,,,0,,,,,8,HHV7,combined_herpes_viruses
SRR22753447,0,,,0,0,,,,,,,,0,0,,,,,,HHV7,HHV6B
SRR22753447,0,,,,0,,,,0,,,,,0,,,,0,,HHV7,VZV_Ellen
SRR22753447,0,0,,,0,,,,,,0,,,0,,,,,,HHV7,EBV
SRR22753447,0,,0,,0,,,,,,,0,,0,,,,,,HHV7,HCMV
SRR22753447,0,,,,0,,,2,,,,,,0,,,2,,,HHV7,KSHV
SRR22753447,0,,,,,12,7,,,,,,,,12,7,,,,HSV2_StrainG,HSV1_KOS
SRR22753447,1,,,,,,7,,,8,,,,,,6,,,7,HSV2_StrainG,combined_herpes_viruses
SRR22753447,0,,,0,,,7,,,,,,0,,,7,,,,HSV2_StrainG,HHV6B
SRR22753447,0,,,,,,7,,0,,,,,,,7,,0,,HSV2_StrainG,VZV_Ellen
SRR22753447,0,0,,,,,7,,,,0,,,,,7,,,,HSV2_StrainG,EBV
SRR22753447,0,,0,,,,7,,,,,0,,,,7,,,,HSV2_StrainG,HCMV
SRR22753447,0,,,,,,7,2,,,,,,,,7,2,,,HSV2_StrainG,KSHV
SRR22753447,5,,,,,12,,,,8,,,,,7,,,,3,HSV1_KOS,combined_herpes_viruses
SRR22753447,0,,,0,,12,,,,,,,0,,12,,,,,HSV1_KOS,HHV6B
SRR22753447,0,,,,,12,,,0,,,,,,12,,,0,,HSV1_KOS,VZV_Ellen
SRR22753447,0,0,,,,12,,,,,0,,,,12,,,,,HSV1_KOS,EBV
SRR22753447,0,,0,,,12,,,,,,0,,,12,,,,,HSV1_KOS,HCMV
SRR22753447,0,,,,,12,,2,,,,,,,12,,2,,,HSV1_KOS,KSHV
SRR22753447,0,,,0,,,,,,8,,,0,,,,,,8,combined_herpes_viruses,HHV6B
SRR22753447,0,,,,,,,,0,8,,,,,,,,0,8,combined_herpes_viruses,VZV_Ellen
SRR22753447,0,0,,,,,,,,8,0,,,,,,,,8,combined_herpes_viruses,EBV
SRR22753447,0,,0,,,,,,,8,,0,,,,,,,8,combined_herpes_viruses,HCMV
SRR22753447,0,,,,,,,2,,8,,,,,,,2,,8,combined_herpes_viruses,KSHV
SRR22753447,0,,,0,,,,,0,,,,0,,,,,0,,HHV6B,VZV_Ellen
SRR22753447,0,0,,0,,,,,,,0,,0,,,,,,,HHV6B,EBV
SRR22753447,0,,0,0,,,,,,,,0,0,,,,,,,HHV6B,HCMV
SRR22753447,0,,,0,,,,2,,,,,0,,,,2,,,HHV6B,KSHV
SRR22753447,0,0,,,,,,,0,,0,,,,,,,0,,VZV_Ellen,EBV
SRR22753447,0,,0,,,,,,0,,,0,,,,,,0,,VZV_Ellen,HCMV
SRR22753447,0,,,,,,,2,0,,,,,,,,2,0,,VZV_Ellen,KSHV
SRR22753447,0,0,0,,,,,,,,0,0,,,,,,,,EBV,HCMV
SRR22753447,0,0,,,,,,2,,,0,,,,,,2,,,EBV,KSHV
SRR22753447,0,,0,,,,,2,,,,0,,,,,2,,,HCMV,KSHV
SRR22753447,0,,,,0,,,,,,,,,0,,,,,,HHV7,HHV7
SRR22753447,7,,,,,,7,,,,,,,,,0,,,,HSV2_StrainG,HSV2_StrainG
SRR22753447,12,,,,,12,,,,,,,,,0,,,,,HSV1_KOS,HSV1_KOS
SRR22753447,8,,,,,,,,,8,,,,,,,,,0,combined_herpes_viruses,combined_herpes_viruses
SRR22753447,0,,,0,,,,,,,,,0,,,,,,,HHV6B,HHV6B
SRR22753447,0,,,,,,,,0,,,,,,,,,0,,VZV_Ellen,VZV_Ellen
SRR22753447,0,0,,,,,,,,,0,,,,,,,,,EBV,EBV
SRR22753447,0,,0,,,,,,,,,0,,,,,,,,HCMV,HCMV
SRR22753447,2,,,,,,,2,,,,,,,,,0,,,KSHV,KSHV
SRR22753536,0,0,,,,,,3,,,0,,,,,,3,,,KSHV,EBV
SRR22753536,0,,,,,,2,3,,,,,,,,2,3,,,KSHV,HSV2_StrainG
SRR22753536,0,,0,,,,,3,,,,0,,,,,3,,,KSHV,HCMV
SRR22753536,1,,,,,,,3,,2,,,,,,,2,,1,KSHV,combined_herpes_viruses
SRR22753536,0,,,,,,,3,0,,,,,,,,3,0,,KSHV,VZV_Ellen
SRR22753536,0,,,,0,,,3,,,,,,0,,,3,,,KSHV,HHV7
SRR22753536,0,,,,,2,,3,,,,,,,2,,3,,,KSHV,HSV1_KOS
SRR22753536,0,,,0,,,,3,,,,,0,,,,3,,,KSHV,HHV6B
SRR22753536,0,0,,,,,2,,,,0,,,,,2,,,,EBV,HSV2_StrainG
SRR22753536,0,0,0,,,,,,,,0,0,,,,,,,,EBV,HCMV
SRR22753536,0,0,,,,,,,,2,0,,,,,,,,2,EBV,combined_herpes_viruses
SRR22753536,0,0,,,,,,,0,,0,,,,,,,0,,EBV,VZV_Ellen
SRR22753536,0,0,,,0,,,,,,0,,,0,,,,,,EBV,HHV7
SRR22753536,0,0,,,,2,,,,,0,,,,2,,,,,EBV,HSV1_KOS
SRR22753536,0,0,,0,,,,,,,0,,0,,,,,,,EBV,HHV6B
SRR22753536,0,,0,,,,2,,,,,0,,,,2,,,,HSV2_StrainG,HCMV
SRR22753536,0,,,,,,2,,,2,,,,,,2,,,2,HSV2_StrainG,combined_herpes_viruses
SRR22753536,0,,,,,,2,,0,,,,,,,2,,0,,HSV2_StrainG,VZV_Ellen
SRR22753536,0,,,,0,,2,,,,,,,0,,2,,,,HSV2_StrainG,HHV7
SRR22753536,0,,,,,2,2,,,,,,,,2,2,,,,HSV2_StrainG,HSV1_KOS
SRR22753536,0,,,0,,,2,,,,,,0,,,2,,,,HSV2_StrainG,HHV6B
SRR22753536,0,,0,,,,,,,2,,0,,,,,,,2,HCMV,combined_herpes_viruses
SRR22753536,0,,0,,,,,,0,,,0,,,,,,0,,HCMV,VZV_Ellen
SRR22753536,0,,0,,0,,,,,,,0,,0,,,,,,HCMV,HHV7
SRR22753536,0,,0,,,2,,,,,,0,,,2,,,,,HCMV,HSV1_KOS
SRR22753536,0,,0,0,,,,,,,,0,0,,,,,,,HCMV,HHV6B
SRR22753536,0,,,,,,,,0,2,,,,,,,,0,2,combined_herpes_viruses,VZV_Ellen
SRR22753536,0,,,,0,,,,,2,,,,0,,,,,2,combined_herpes_viruses,HHV7
SRR22753536,1,,,,,2,,,,2,,,,,1,,,,1,combined_herpes_viruses,HSV1_KOS
SRR22753536,0,,,0,,,,,,2,,,0,,,,,,2,combined_herpes_viruses,HHV6B
SRR22753536,0,,,,0,,,,0,,,,,0,,,,0,,VZV_Ellen,HHV7
SRR22753536,0,,,,,2,,,0,,,,,,2,,,0,,VZV_Ellen,HSV1_KOS
SRR22753536,0,,,0,,,,,0,,,,0,,,,,0,,VZV_Ellen,HHV6B
SRR22753536,0,,,,0,2,,,,,,,,0,2,,,,,HHV7,HSV1_KOS
SRR22753536,0,,,0,0,,,,,,,,0,0,,,,,,HHV7,HHV6B
SRR22753536,0,,,0,,2,,,,,,,0,,2,,,,,HSV1_KOS,HHV6B
SRR22753536,3,,,,,,,3,,,,,,,,,0,,,KSHV,KSHV
SRR22753536,0,0,,,,,,,,,0,,,,,,,,,EBV,EBV
SRR22753536,2,,,,,,2,,,,,,,,,0,,,,HSV2_StrainG,HSV2_StrainG
SRR22753536,0,,0,,,,,,,,,0,,,,,,,,HCMV,HCMV
SRR22753536,2,,,,,,,,,2,,,,,,,,,0,combined_herpes_viruses,combined_herpes_viruses
SRR22753536,0,,,,,,,,0,,,,,,,,,0,,VZV_Ellen,VZV_Ellen
SRR22753536,0,,,,0,,,,,,,,,0,,,,,,HHV7,HHV7
SRR22753536,2,,,,,2,,,,,,,,,0,,,,,HSV1_KOS,HSV1_KOS
SRR22753536,0,,,0,,,,,,,,,0,,,,,,,HHV6B,HHV6B
SRR22753406,0,,,,0,,2,,,,,,,0,,2,,,,HHV7,HSV2_StrainG
SRR22753406,0,0,,,0,,,,,,0,,,0,,,,,,HHV7,EBV
SRR22753406,0,,,,0,,,4,,,,,,0,,,4,,,HHV7,KSHV
SRR22753406,0,,,,0,,,,,154,,,,0,,,,,154,HHV7,combined_herpes_viruses
SRR22753406,0,,,0,0,,,,,,,,0,0,,,,,,HHV7,HHV6B
SRR22753406,0,,,,0,,,,0,,,,,0,,,,0,,HHV7,VZV_Ellen
SRR22753406,0,,,,0,216,,,,,,,,0,216,,,,,HHV7,HSV1_KOS
SRR22753406,0,,4,,0,,,,,,,4,,0,,,,,,HHV7,HCMV
SRR22753406,0,0,,,,,2,,,,0,,,,,2,,,,HSV2_StrainG,EBV
SRR22753406,0,,,,,,2,4,,,,,,,,2,4,,,HSV2_StrainG,KSHV
SRR22753406,0,,,,,,2,,,154,,,,,,2,,,154,HSV2_StrainG,combined_herpes_viruses
SRR22753406,0,,,0,,,2,,,,,,0,,,2,,,,HSV2_StrainG,HHV6B
SRR22753406,0,,,,,,2,,0,,,,,,,2,,0,,HSV2_StrainG,VZV_Ellen
SRR22753406,0,,,,,216,2,,,,,,,,216,2,,,,HSV2_StrainG,HSV1_KOS
SRR22753406,0,,4,,,,2,,,,,4,,,,2,,,,HSV2_StrainG,HCMV
SRR22753406,0,0,,,,,,4,,,0,,,,,,4,,,EBV,KSHV
SRR22753406,0,0,,,,,,,,154,0,,,,,,,,154,EBV,combined_herpes_viruses
SRR22753406,0,0,,0,,,,,,,0,,0,,,,,,,EBV,HHV6B
SRR22753406,0,0,,,,,,,0,,0,,,,,,,0,,EBV,VZV_Ellen
SRR22753406,0,0,,,,216,,,,,0,,,,216,,,,,EBV,HSV1_KOS
SRR22753406,0,0,4,,,,,,,,0,4,,,,,,,,EBV,HCMV
SRR22753406,0,,,,,,,4,,154,,,,,,,4,,154,KSHV,combined_herpes_viruses
SRR22753406,0,,,0,,,,4,,,,,0,,,,4,,,KSHV,HHV6B
SRR22753406,0,,,,,,,4,0,,,,,,,,4,0,,KSHV,VZV_Ellen
SRR22753406,0,,,,,216,,4,,,,,,,216,,4,,,KSHV,HSV1_KOS
SRR22753406,0,,4,,,,,4,,,,4,,,,,4,,,KSHV,HCMV
SRR22753406,0,,,0,,,,,,154,,,0,,,,,,154,combined_herpes_viruses,HHV6B
SRR22753406,0,,,,,,,,0,154,,,,,,,,0,154,combined_herpes_viruses,VZV_Ellen
SRR22753406,132,,,,,216,,,,154,,,,,84,,,,22,combined_herpes_viruses,HSV1_KOS
SRR22753406,0,,4,,,,,,,154,,4,,,,,,,154,combined_herpes_viruses,HCMV
SRR22753406,0,,,0,,,,,0,,,,0,,,,,0,,HHV6B,VZV_Ellen
SRR22753406,0,,,0,,216,,,,,,,0,,216,,,,,HHV6B,HSV1_KOS
SRR22753406,0,,4,0,,,,,,,,4,0,,,,,,,HHV6B,HCMV
SRR22753406,0,,,,,216,,,0,,,,,,216,,,0,,VZV_Ellen,HSV1_KOS
SRR22753406,0,,4,,,,,,0,,,4,,,,,,0,,VZV_Ellen,HCMV
SRR22753406,0,,4,,,216,,,,,,4,,,216,,,,,HSV1_KOS,HCMV
SRR22753406,0,,,,0,,,,,,,,,0,,,,,,HHV7,HHV7
SRR22753406,2,,,,,,2,,,,,,,,,0,,,,HSV2_StrainG,HSV2_StrainG
SRR22753406,0,0,,,,,,,,,0,,,,,,,,,EBV,EBV
SRR22753406,4,,,,,,,4,,,,,,,,,0,,,KSHV,KSHV
SRR22753406,154,,,,,,,,,154,,,,,,,,,0,combined_herpes_viruses,combined_herpes_viruses
SRR22753406,0,,,0,,,,,,,,,0,,,,,,,HHV6B,HHV6B
SRR22753406,0,,,,,,,,0,,,,,,,,,0,,VZV_Ellen,VZV_Ellen
SRR22753406,216,,,,,216,,,,,,,,,0,,,,,HSV1_KOS,HSV1_KOS
SRR22753406,4,,4,,,,,,,,,0,,,,,,,,HCMV,HCMV
SRR22753412,0,,0,,,15,,,,,,0,,,15,,,,,HSV1_KOS,HCMV
SRR22753412,0,,,1,,15,,,,,,,1,,15,,,,,HSV1_KOS,HHV6B
SRR22753412,0,,,,0,15,,,,,,,,0,15,,,,,HSV1_KOS,HHV7
SRR22753412,0,,,,,15,,5,,,,,,,15,,5,,,HSV1_KOS,KSHV
SRR22753412,0,0,,,,15,,,,,0,,,,15,,,,,HSV1_KOS,EBV
SRR22753412,0,,,,,15,,,0,,,,,,15,,,0,,HSV1_KOS,VZV_Ellen
SRR22753412,0,,,,,15,5,,,,,,,,15,5,,,,HSV1_KOS,HSV2_StrainG
SRR22753412,4,,,,,15,,,,10,,,,,11,,,,6,HSV1_KOS,combined_herpes_viruses
SRR22753412,0,,0,1,,,,,,,,0,1,,,,,,,HCMV,HHV6B
SRR22753412,0,,0,,0,,,,,,,0,,0,,,,,,HCMV,HHV7
SRR22753412,0,,0,,,,,5,,,,0,,,,,5,,,HCMV,KSHV
SRR22753412,0,0,0,,,,,,,,0,0,,,,,,,,HCMV,EBV
SRR22753412,0,,0,,,,,,0,,,0,,,,,,0,,HCMV,VZV_Ellen
SRR22753412,0,,0,,,,5,,,,,0,,,,5,,,,HCMV,HSV2_StrainG
SRR22753412,0,,0,,,,,,,10,,0,,,,,,,10,HCMV,combined_herpes_viruses
SRR22753412,0,,,1,0,,,,,,,,1,0,,,,,,HHV6B,HHV7
SRR22753412,0,,,1,,,,5,,,,,1,,,,5,,,HHV6B,KSHV
SRR22753412,0,0,,1,,,,,,,0,,1,,,,,,,HHV6B,EBV
SRR22753412,0,,,1,,,,,0,,,,1,,,,,0,,HHV6B,VZV_Ellen
SRR22753412,0,,,1,,,5,,,,,,1,,,5,,,,HHV6B,HSV2_StrainG
SRR22753412,0,,,1,,,,,,10,,,1,,,,,,10,HHV6B,combined_herpes_viruses
SRR22753412,0,,,,0,,,5,,,,,,0,,,5,,,HHV7,KSHV
SRR22753412,0,0,,,0,,,,,,0,,,0,,,,,,HHV7,EBV
SRR22753412,0,,,,0,,,,0,,,,,0,,,,0,,HHV7,VZV_Ellen
SRR22753412,0,,,,0,,5,,,,,,,0,,5,,,,HHV7,HSV2_StrainG
SRR22753412,0,,,,0,,,,,10,,,,0,,,,,10,HHV7,combined_herpes_viruses
SRR22753412,0,0,,,,,,5,,,0,,,,,,5,,,KSHV,EBV
SRR22753412,0,,,,,,,5,0,,,,,,,,5,0,,KSHV,VZV_Ellen
SRR22753412,0,,,,,,5,5,,,,,,,,5,5,,,KSHV,HSV2_StrainG
SRR22753412,1,,,,,,,5,,10,,,,,,,4,,9,KSHV,combined_herpes_viruses
SRR22753412,0,0,,,,,,,0,,0,,,,,,,0,,EBV,VZV_Ellen
SRR22753412,0,0,,,,,5,,,,0,,,,,5,,,,EBV,HSV2_StrainG
SRR22753412,0,0,,,,,,,,10,0,,,,,,,,10,EBV,combined_herpes_viruses
SRR22753412,0,,,,,,5,,0,,,,,,,5,,0,,VZV_Ellen,HSV2_StrainG
SRR22753412,0,,,,,,,,0,10,,,,,,,,0,10,VZV_Ellen,combined_herpes_viruses
SRR22753412,1,,,,,,5,,,10,,,,,,4,,,9,HSV2_StrainG,combined_herpes_viruses
SRR22753412,15,,,,,15,,,,,,,,,0,,,,,HSV1_KOS,HSV1_KOS
SRR22753412,0,,0,,,,,,,,,0,,,,,,,,HCMV,HCMV
SRR22753412,1,,,1,,,,,,,,,0,,,,,,,HHV6B,HHV6B
SRR22753412,0,,,,0,,,,,,,,,0,,,,,,HHV7,HHV7
SRR22753412,5,,,,,,,5,,,,,,,,,0,,,KSHV,KSHV
SRR22753412,0,0,,,,,,,,,0,,,,,,,,,EBV,EBV
SRR22753412,0,,,,,,,,0,,,,,,,,,0,,VZV_Ellen,VZV_Ellen
SRR22753412,5,,,,,,5,,,,,,,,,0,,,,HSV2_StrainG,HSV2_StrainG
SRR22753412,10,,,,,,,,,10,,,,,,,,,0,combined_herpes_viruses,combined_herpes_viruses
SRR22753376,0,0,0,,,,,,,,0,0,,,,,,,,HCMV,EBV
SRR22753376,0,,0,,0,,,,,,,0,,0,,,,,,HCMV,HHV7
SRR22753376,0,,0,,,,5,,,,,0,,,,5,,,,HCMV,HSV2_StrainG
SRR22753376,0,,0,,,,,,0,,,0,,,,,,0,,HCMV,VZV_Ellen
SRR22753376,0,,0,,,41,,,,,,0,,,41,,,,,HCMV,HSV1_KOS
SRR22753376,0,,0,,,,,7,,,,0,,,,,7,,,HCMV,KSHV
SRR22753376,0,,0,1,,,,,,,,0,1,,,,,,,HCMV,HHV6B
SRR22753376,0,,0,,,,,,,25,,0,,,,,,,25,HCMV,combined_herpes_viruses
SRR22753376,0,0,,,0,,,,,,0,,,0,,,,,,EBV,HHV7
SRR22753376,0,0,,,,,5,,,,0,,,,,5,,,,EBV,HSV2_StrainG
SRR22753376,0,0,,,,,,,0,,0,,,,,,,0,,EBV,VZV_Ellen
SRR22753376,0,0,,,,41,,,,,0,,,,41,,,,,EBV,HSV1_KOS
SRR22753376,0,0,,,,,,7,,,0,,,,,,7,,,EBV,KSHV
SRR22753376,0,0,,1,,,,,,,0,,1,,,,,,,EBV,HHV6B
SRR22753376,0,0,,,,,,,,25,0,,,,,,,,25,EBV,combined_herpes_viruses
SRR22753376,0,,,,0,,5,,,,,,,0,,5,,,,HHV7,HSV2_StrainG
SRR22753376,0,,,,0,,,,0,,,,,0,,,,0,,HHV7,VZV_Ellen
SRR22753376,0,,,,0,41,,,,,,,,0,41,,,,,HHV7,HSV1_KOS
SRR22753376,0,,,,0,,,7,,,,,,0,,,7,,,HHV7,KSHV
SRR22753376,0,,,1,0,,,,,,,,1,0,,,,,,HHV7,HHV6B
SRR22753376,0,,,,0,,,,,25,,,,0,,,,,25,HHV7,combined_herpes_viruses
SRR22753376,0,,,,,,5,,0,,,,,,,5,,0,,HSV2_StrainG,VZV_Ellen
SRR22753376,0,,,,,41,5,,,,,,,,41,5,,,,HSV2_StrainG,HSV1_KOS
SRR22753376,0,,,,,,5,7,,,,,,,,5,7,,,HSV2_StrainG,KSHV
SRR22753376,0,,,1,,,5,,,,,,1,,,5,,,,HSV2_StrainG,HHV6B
SRR22753376,0,,,,,,5,,,25,,,,,,5,,,25,HSV2_StrainG,combined_herpes_viruses
SRR22753376,0,,,,,41,,,0,,,,,,41,,,0,,VZV_Ellen,HSV1_KOS
SRR22753376,0,,,,,,,7,0,,,,,,,,7,0,,VZV_Ellen,KSHV
SRR22753376,0,,,1,,,,,0,,,,1,,,,,0,,VZV_Ellen,HHV6B
SRR22753376,0,,,,,,,,0,25,,,,,,,,0,25,VZV_Ellen,combined_herpes_viruses
SRR22753376,0,,,,,41,,7,,,,,,,41,,7,,,HSV1_KOS,KSHV
SRR22753376,0,,,1,,41,,,,,,,1,,41,,,,,HSV1_KOS,HHV6B
SRR22753376,18,,,,,41,,,,25,,,,,23,,,,7,HSV1_KOS,combined_herpes_viruses
SRR22753376,0,,,1,,,,7,,,,,1,,,,7,,,KSHV,HHV6B
SRR22753376,2,,,,,,,7,,25,,,,,,,5,,23,KSHV,combined_herpes_viruses
SRR22753376,0,,,1,,,,,,25,,,1,,,,,,25,HHV6B,combined_herpes_viruses
SRR22753376,0,,0,,,,,,,,,0,,,,,,,,HCMV,HCMV
SRR22753376,0,0,,,,,,,,,0,,,,,,,,,EBV,EBV
SRR22753376,0,,,,0,,,,,,,,,0,,,,,,HHV7,HHV7
SRR22753376,5,,,,,,5,,,,,,,,,0,,,,HSV2_StrainG,HSV2_StrainG
SRR22753376,0,,,,,,,,0,,,,,,,,,0,,VZV_Ellen,VZV_Ellen
SRR22753376,41,,,,,41,,,,,,,,,0,,,,,HSV1_KOS,HSV1_KOS
SRR22753376,7,,,,,,,7,,,,,,,,,0,,,KSHV,KSHV
SRR22753376,1,,,1,,,,,,,,,0,,,,,,,HHV6B,HHV6B
SRR22753376,25,,,,,,,,,25,,,,,,,,,0,combined_herpes_viruses,combined_herpes_viruses
SRR22753452,0,,,,0,,,,,14,,,,0,,,,,14,combined_herpes_viruses,HHV7
SRR22753452,0,,,,,,,,0,14,,,,,,,,0,14,combined_herpes_viruses,VZV_Ellen
SRR22753452,0,,,,,,,2,,14,,,,,,,2,,14,combined_herpes_viruses,KSHV
SRR22753452,0,0,,,,,,,,14,0,,,,,,,,14,combined_herpes_viruses,EBV
SRR22753452,0,,1,,,,,,,14,,1,,,,,,,14,combined_herpes_viruses,HCMV
SRR22753452,1,,,,,,3,,,14,,,,,,2,,,13,combined_herpes_viruses,HSV2_StrainG
SRR22753452,9,,,,,15,,,,14,,,,,6,,,,5,combined_herpes_viruses,HSV1_KOS
SRR22753452,0,,,2,,,,,,14,,,2,,,,,,14,combined_herpes_viruses,HHV6B
SRR22753452,0,,,,0,,,,0,,,,,0,,,,0,,HHV7,VZV_Ellen
SRR22753452,0,,,,0,,,2,,,,,,0,,,2,,,HHV7,KSHV
SRR22753452,0,0,,,0,,,,,,0,,,0,,,,,,HHV7,EBV
SRR22753452,0,,1,,0,,,,,,,1,,0,,,,,,HHV7,HCMV
SRR22753452,0,,,,0,,3,,,,,,,0,,3,,,,HHV7,HSV2_StrainG
SRR22753452,0,,,,0,15,,,,,,,,0,15,,,,,HHV7,HSV1_KOS
SRR22753452,0,,,2,0,,,,,,,,2,0,,,,,,HHV7,HHV6B
SRR22753452,0,,,,,,,2,0,,,,,,,,2,0,,VZV_Ellen,KSHV
SRR22753452,0,0,,,,,,,0,,0,,,,,,,0,,VZV_Ellen,EBV
SRR22753452,0,,1,,,,,,0,,,1,,,,,,0,,VZV_Ellen,HCMV
SRR22753452,0,,,,,,3,,0,,,,,,,3,,0,,VZV_Ellen,HSV2_StrainG
SRR22753452,0,,,,,15,,,0,,,,,,15,,,0,,VZV_Ellen,HSV1_KOS
SRR22753452,0,,,2,,,,,0,,,,2,,,,,0,,VZV_Ellen,HHV6B
SRR22753452,0,0,,,,,,2,,,0,,,,,,2,,,KSHV,EBV
SRR22753452,0,,1,,,,,2,,,,1,,,,,2,,,KSHV,HCMV
SRR22753452,0,,,,,,3,2,,,,,,,,3,2,,,KSHV,HSV2_StrainG
SRR22753452,0,,,,,15,,2,,,,,,,15,,2,,,KSHV,HSV1_KOS
SRR22753452,0,,,2,,,,2,,,,,2,,,,2,,,KSHV,HHV6B
SRR22753452,0,0,1,,,,,,,,0,1,,,,,,,,EBV,HCMV
SRR22753452,0,0,,,,,3,,,,0,,,,,3,,,,EBV,HSV2_StrainG
SRR22753452,0,0,,,,15,,,,,0,,,,15,,,,,EBV,HSV1_KOS
SRR22753452,0,0,,2,,,,,,,0,,2,,,,,,,EBV,HHV6B
SRR22753452,0,,1,,,,3,,,,,1,,,,3,,,,HCMV,HSV2_StrainG
SRR22753452,0,,1,,,15,,,,,,1,,,15,,,,,HCMV,HSV1_KOS
SRR22753452,0,,1,2,,,,,,,,1,2,,,,,,,HCMV,HHV6B
SRR22753452,0,,,,,15,3,,,,,,,,15,3,,,,HSV2_StrainG,HSV1_KOS
SRR22753452,0,,,2,,,3,,,,,,2,,,3,,,,HSV2_StrainG,HHV6B
SRR22753452,0,,,2,,15,,,,,,,2,,15,,,,,HSV1_KOS,HHV6B
SRR22753452,14,,,,,,,,,14,,,,,,,,,0,combined_herpes_viruses,combined_herpes_viruses
SRR22753452,0,,,,0,,,,,,,,,0,,,,,,HHV7,HHV7
SRR22753452,0,,,,,,,,0,,,,,,,,,0,,VZV_Ellen,VZV_Ellen
SRR22753452,2,,,,,,,2,,,,,,,,,0,,,KSHV,KSHV
SRR22753452,0,0,,,,,,,,,0,,,,,,,,,EBV,EBV
SRR22753452,1,,1,,,,,,,,,0,,,,,,,,HCMV,HCMV
SRR22753452,3,,,,,,3,,,,,,,,,0,,,,HSV2_StrainG,HSV2_StrainG
SRR22753452,15,,,,,15,,,,,,,,,0,,,,,HSV1_KOS,HSV1_KOS
SRR22753452,2,,,2,,,,,,,,,0,,,,,,,HHV6B,HHV6B
SRR22753479,0,0,,,,,61,,,,0,,,,,61,,,,EBV,HSV2_StrainG
SRR22753479,0,0,,,,,,,,12,0,,,,,,,,12,EBV,combined_herpes_viruses
SRR22753479,0,0,,,,,,,0,,0,,,,,,,0,,EBV,VZV_Ellen
SRR22753479,0,0,0,,,,,,,,0,0,,,,,,,,EBV,HCMV
SRR22753479,0,0,,,,,,30,,,0,,,,,,30,,,EBV,KSHV
SRR22753479,0,0,,,0,,,,,,0,,,0,,,,,,EBV,HHV7
SRR22753479,0,0,,,,16,,,,,0,,,,16,,,,,EBV,HSV1_KOS
SRR22753479,0,0,,1,,,,,,,0,,1,,,,,,,EBV,HHV6B
SRR22753479,1,,,,,,61,,,12,,,,,,60,,,11,HSV2_StrainG,combined_herpes_viruses
SRR22753479,0,,,,,,61,,0,,,,,,,61,,0,,HSV2_StrainG,VZV_Ellen
SRR22753479,0,,0,,,,61,,,,,0,,,,61,,,,HSV2_StrainG,HCMV
SRR22753479,1,,,,,,61,30,,,,,,,,60,29,,,HSV2_StrainG,KSHV
SRR22753479,0,,,,0,,61,,,,,,,0,,61,,,,HSV2_StrainG,HHV7
SRR22753479,0,,,,,16,61,,,,,,,,16,61,,,,HSV2_StrainG,HSV1_KOS
SRR22753479,1,,,1,,,61,,,,,,0,,,60,,,,HSV2_StrainG,HHV6B
SRR22753479,0,,,,,,,,0,12,,,,,,,,0,12,combined_herpes_viruses,VZV_Ellen
SRR22753479,0,,0,,,,,,,12,,0,,,,,,,12,combined_herpes_viruses,HCMV
SRR22753479,3,,,,,,,30,,12,,,,,,,27,,9,combined_herpes_viruses,KSHV
SRR22753479,0,,,,0,,,,,12,,,,0,,,,,12,combined_herpes_viruses,HHV7
SRR22753479,3,,,,,16,,,,12,,,,,13,,,,9,combined_herpes_viruses,HSV1_KOS
SRR22753479,0,,,1,,,,,,12,,,1,,,,,,12,combined_herpes_viruses,HHV6B
SRR22753479,0,,0,,,,,,0,,,0,,,,,,0,,VZV_Ellen,HCMV
SRR22753479,0,,,,,,,30,0,,,,,,,,30,0,,VZV_Ellen,KSHV
SRR22753479,0,,,,0,,,,0,,,,,0,,,,0,,VZV_Ellen,HHV7
SRR22753479,0,,,,,16,,,0,,,,,,16,,,0,,VZV_Ellen,HSV1_KOS
SRR22753479,0,,,1,,,,,0,,,,1,,,,,0,,VZV_Ellen,HHV6B
SRR22753479,0,,0,,,,,30,,,,0,,,,,30,,,HCMV,KSHV
SRR22753479,0,,0,,0,,,,,,,0,,0,,,,,,HCMV,HHV7
SRR22753479,0,,0,,,16,,,,,,0,,,16,,,,,HCMV,HSV1_KOS
SRR22753479,0,,0,1,,,,,,,,0,1,,,,,,,HCMV,HHV6B
SRR22753479,0,,,,0,,,30,,,,,,0,,,30,,,KSHV,HHV7
SRR22753479,0,,,,,16,,30,,,,,,,16,,30,,,KSHV,HSV1_KOS
SRR22753479,1,,,1,,,,30,,,,,0,,,,29,,,KSHV,HHV6B
SRR22753479,0,,,,0,16,,,,,,,,0,16,,,,,HHV7,HSV1_KOS
SRR22753479,0,,,1,0,,,,,,,,1,0,,,,,,HHV7,HHV6B
SRR22753479,0,,,1,,16,,,,,,,1,,16,,,,,HSV1_KOS,HHV6B
SRR22753479,0,0,,,,,,,,,0,,,,,,,,,EBV,EBV
SRR22753479,61,,,,,,61,,,,,,,,,0,,,,HSV2_StrainG,HSV2_StrainG
SRR22753479,12,,,,,,,,,12,,,,,,,,,0,combined_herpes_viruses,combined_herpes_viruses
SRR22753479,0,,,,,,,,0,,,,,,,,,0,,VZV_Ellen,VZV_Ellen
SRR22753479,0,,0,,,,,,,,,0,,,,,,,,HCMV,HCMV
SRR22753479,30,,,,,,,30,,,,,,,,,0,,,KSHV,KSHV
SRR22753479,0,,,,0,,,,,,,,,0,,,,,,HHV7,HHV7
SRR22753479,16,,,,,16,,,,,,,,,0,,,,,HSV1_KOS,HSV1_KOS
SRR22753479,1,,,1,,,,,,,,,0,,,,,,,HHV6B,HHV6B
SRR22753369,0,,,7,0,,,,,,,,7,0,,,,,,HHV7,HHV6B
SRR22753369,0,0,,,0,,,,,,0,,,0,,,,,,HHV7,EBV
SRR22753369,0,,,,0,,,,0,,,,,0,,,,0,,HHV7,VZV_Ellen
SRR22753369,0,,,,0,,,,,6,,,,0,,,,,6,HHV7,combined_herpes_viruses
SRR22753369,0,,,,0,,,7,,,,,,0,,,7,,,HHV7,KSHV
SRR22753369,0,,,,0,,8,,,,,,,0,,8,,,,HHV7,HSV2_StrainG
SRR22753369,0,,0,,0,,,,,,,0,,0,,,,,,HHV7,HCMV
SRR22753369,0,,,,0,4,,,,,,,,0,4,,,,,HHV7,HSV1_KOS
SRR22753369,0,0,,7,,,,,,,0,,7,,,,,,,HHV6B,EBV
SRR22753369,0,,,7,,,,,0,,,,7,,,,,0,,HHV6B,VZV_Ellen
SRR22753369,4,,,7,,,,,,6,,,3,,,,,,2,HHV6B,combined_herpes_viruses
SRR22753369,5,,,7,,,,7,,,,,2,,,,2,,,HHV6B,KSHV
SRR22753369,1,,,7,,,8,,,,,,6,,,7,,,,HHV6B,HSV2_StrainG
SRR22753369,0,,0,7,,,,,,,,0,7,,,,,,,HHV6B,HCMV
SRR22753369,0,,,7,,4,,,,,,,7,,4,,,,,HHV6B,HSV1_KOS
SRR22753369,0,0,,,,,,,0,,0,,,,,,,0,,EBV,VZV_Ellen
SRR22753369,0,0,,,,,,,,6,0,,,,,,,,6,EBV,combined_herpes_viruses
SRR22753369,0,0,,,,,,7,,,0,,,,,,7,,,EBV,KSHV
SRR22753369,0,0,,,,,8,,,,0,,,,,8,,,,EBV,HSV2_StrainG
SRR22753369,0,0,0,,,,,,,,0,0,,,,,,,,EBV,HCMV
SRR22753369,0,0,,,,4,,,,,0,,,,4,,,,,EBV,HSV1_KOS
SRR22753369,0,,,,,,,,0,6,,,,,,,,0,6,VZV_Ellen,combined_herpes_viruses
SRR22753369,0,,,,,,,7,0,,,,,,,,7,0,,VZV_Ellen,KSHV
SRR22753369,0,,,,,,8,,0,,,,,,,8,,0,,VZV_Ellen,HSV2_StrainG
SRR22753369,0,,0,,,,,,0,,,0,,,,,,0,,VZV_Ellen,HCMV
SRR22753369,0,,,,,4,,,0,,,,,,4,,,0,,VZV_Ellen,HSV1_KOS
SRR22753369,5,,,,,,,7,,6,,,,,,,2,,1,combined_herpes_viruses,KSHV
SRR22753369,1,,,,,,8,,,6,,,,,,7,,,5,combined_herpes_viruses,HSV2_StrainG
SRR22753369,0,,0,,,,,,,6,,0,,,,,,,6,combined_herpes_viruses,HCMV
SRR22753369,1,,,,,4,,,,6,,,,,3,,,,5,combined_herpes_viruses,HSV1_KOS
SRR22753369,2,,,,,,8,7,,,,,,,,6,5,,,KSHV,HSV2_StrainG
SRR22753369,0,,0,,,,,7,,,,0,,,,,7,,,KSHV,HCMV
SRR22753369,0,,,,,4,,7,,,,,,,4,,7,,,KSHV,HSV1_KOS
SRR22753369,0,,0,,,,8,,,,,0,,,,8,,,,HSV2_StrainG,HCMV
SRR22753369,0,,,,,4,8,,,,,,,,4,8,,,,HSV2_StrainG,HSV1_KOS
SRR22753369,0,,0,,,4,,,,,,0,,,4,,,,,HCMV,HSV1_KOS
SRR22753369,0,,,,0,,,,,,,,,0,,,,,,HHV7,HHV7
SRR22753369,7,,,7,,,,,,,,,0,,,,,,,HHV6B,HHV6B
SRR22753369,0,0,,,,,,,,,0,,,,,,,,,EBV,EBV
SRR22753369,0,,,,,,,,0,,,,,,,,,0,,VZV_Ellen,VZV_Ellen
SRR22753369,6,,,,,,,,,6,,,,,,,,,0,combined_herpes_viruses,combined_herpes_viruses
SRR22753369,7,,,,,,,7,,,,,,,,,0,,,KSHV,KSHV
SRR22753369,8,,,,,,8,,,,,,,,,0,,,,HSV2_StrainG,HSV2_StrainG
SRR22753369,0,,0,,,,,,,,,0,,,,,,,,HCMV,HCMV
SRR22753369,4,,,,,4,,,,,,,,,0,,,,,HSV1_KOS,HSV1_KOS
SRR22753535,0,,,,0,,,,,1,,,,0,,,,,1,HHV7,combined_herpes_viruses
SRR22753535,0,,0,,0,,,,,,,0,,0,,,,,,HHV7,HCMV
SRR22753535,0,,,,0,,1,,,,,,,0,,1,,,,HHV7,HSV2_StrainG
SRR22753535,0,0,,,0,,,,,,0,,,0,,,,,,HHV7,EBV
SRR22753535,0,,,0,0,,,,,,,,0,0,,,,,,HHV7,HHV6B
SRR22753535,0,,,,0,,,0,,,,,,0,,,0,,,HHV7,KSHV
SRR22753535,0,,,,0,,,,0,,,,,0,,,,0,,HHV7,VZV_Ellen
SRR22753535,0,,,,0,2,,,,,,,,0,2,,,,,HHV7,HSV1_KOS
SRR22753535,0,,0,,,,,,,1,,0,,,,,,,1,combined_herpes_viruses,HCMV
SRR22753535,0,,,,,,1,,,1,,,,,,1,,,1,combined_herpes_viruses,HSV2_StrainG
SRR22753535,0,0,,,,,,,,1,0,,,,,,,,1,combined_herpes_viruses,EBV
SRR22753535,0,,,0,,,,,,1,,,0,,,,,,1,combined_herpes_viruses,HHV6B
SRR22753535,0,,,,,,,0,,1,,,,,,,0,,1,combined_herpes_viruses,KSHV
SRR22753535,0,,,,,,,,0,1,,,,,,,,0,1,combined_herpes_viruses,VZV_Ellen
SRR22753535,0,,,,,2,,,,1,,,,,2,,,,1,combined_herpes_viruses,HSV1_KOS
SRR22753535,0,,0,,,,1,,,,,0,,,,1,,,,HCMV,HSV2_StrainG
SRR22753535,0,0,0,,,,,,,,0,0,,,,,,,,HCMV,EBV
SRR22753535,0,,0,0,,,,,,,,0,0,,,,,,,HCMV,HHV6B
SRR22753535,0,,0,,,,,0,,,,0,,,,,0,,,HCMV,KSHV
SRR22753535,0,,0,,,,,,0,,,0,,,,,,0,,HCMV,VZV_Ellen
SRR22753535,0,,0,,,2,,,,,,0,,,2,,,,,HCMV,HSV1_KOS
SRR22753535,0,0,,,,,1,,,,0,,,,,1,,,,HSV2_StrainG,EBV
SRR22753535,0,,,0,,,1,,,,,,0,,,1,,,,HSV2_StrainG,HHV6B
SRR22753535,0,,,,,,1,0,,,,,,,,1,0,,,HSV2_StrainG,KSHV
SRR22753535,0,,,,,,1,,0,,,,,,,1,,0,,HSV2_StrainG,VZV_Ellen
SRR22753535,0,,,,,2,1,,,,,,,,2,1,,,,HSV2_StrainG,HSV1_KOS
SRR22753535,0,0,,0,,,,,,,0,,0,,,,,,,EBV,HHV6B
SRR22753535,0,0,,,,,,0,,,0,,,,,,0,,,EBV,KSHV
SRR22753535,0,0,,,,,,,0,,0,,,,,,,0,,EBV,VZV_Ellen
SRR22753535,0,0,,,,2,,,,,0,,,,2,,,,,EBV,HSV1_KOS
SRR22753535,0,,,0,,,,0,,,,,0,,,,0,,,HHV6B,KSHV
SRR22753535,0,,,0,,,,,0,,,,0,,,,,0,,HHV6B,VZV_Ellen
SRR22753535,0,,,0,,2,,,,,,,0,,2,,,,,HHV6B,HSV1_KOS
SRR22753535,0,,,,,,,0,0,,,,,,,,0,0,,KSHV,VZV_Ellen
SRR22753535,0,,,,,2,,0,,,,,,,2,,0,,,KSHV,HSV1_KOS
SRR22753535,0,,,,,2,,,0,,,,,,2,,,0,,VZV_Ellen,HSV1_KOS
SRR22753535,0,,,,0,,,,,,,,,0,,,,,,HHV7,HHV7
SRR22753535,1,,,,,,,,,1,,,,,,,,,0,combined_herpes_viruses,combined_herpes_viruses
SRR22753535,0,,0,,,,,,,,,0,,,,,,,,HCMV,HCMV
SRR22753535,1,,,,,,1,,,,,,,,,0,,,,HSV2_StrainG,HSV2_StrainG
SRR22753535,0,0,,,,,,,,,0,,,,,,,,,EBV,EBV
SRR22753535,0,,,0,,,,,,,,,0,,,,,,,HHV6B,HHV6B
SRR22753535,0,,,,,,,0,,,,,,,,,0,,,KSHV,KSHV
SRR22753535,0,,,,,,,,0,,,,,,,,,0,,VZV_Ellen,VZV_Ellen
SRR22753535,2,,,,,2,,,,,,,,,0,,,,,HSV1_KOS,HSV1_KOS
SRR22753461,0,1,1,,,,,,,,1,1,,,,,,,,EBV,HCMV
SRR22753461,0,1,,,,,,,,106,1,,,,,,,,106,EBV,combined_herpes_viruses
SRR22753461,0,1,,1,,,,,,,1,,1,,,,,,,EBV,HHV6B
SRR22753461,0,1,,,,,,,0,,1,,,,,,,0,,EBV,VZV_Ellen
SRR22753461,0,1,,,,,2,,,,1,,,,,2,,,,EBV,HSV2_StrainG
SRR22753461,0,1,,,1,,,,,,1,,,1,,,,,,EBV,HHV7
SRR22753461,0,1,,,,124,,,,,1,,,,124,,,,,EBV,HSV1_KOS
SRR22753461,0,1,,,,,,9,,,1,,,,,,9,,,EBV,KSHV
SRR22753461,1,,1,,,,,,,106,,0,,,,,,,105,HCMV,combined_herpes_viruses
SRR22753461,0,,1,1,,,,,,,,1,1,,,,,,,HCMV,HHV6B
SRR22753461,0,,1,,,,,,0,,,1,,,,,,0,,HCMV,VZV_Ellen
SRR22753461,0,,1,,,,2,,,,,1,,,,2,,,,HCMV,HSV2_StrainG
SRR22753461,0,,1,,1,,,,,,,1,,1,,,,,,HCMV,HHV7
SRR22753461,0,,1,,,124,,,,,,1,,,124,,,,,HCMV,HSV1_KOS
SRR22753461,0,,1,,,,,9,,,,1,,,,,9,,,HCMV,KSHV
SRR22753461,0,,,1,,,,,,106,,,1,,,,,,106,combined_herpes_viruses,HHV6B
SRR22753461,0,,,,,,,,0,106,,,,,,,,0,106,combined_herpes_viruses,VZV_Ellen
SRR22753461,0,,,,,,2,,,106,,,,,,2,,,106,combined_herpes_viruses,HSV2_StrainG
SRR22753461,0,,,,1,,,,,106,,,,1,,,,,106,combined_herpes_viruses,HHV7
SRR22753461,78,,,,,124,,,,106,,,,,46,,,,28,combined_herpes_viruses,HSV1_KOS
SRR22753461,1,,,,,,,9,,106,,,,,,,8,,105,combined_herpes_viruses,KSHV
SRR22753461,0,,,1,,,,,0,,,,1,,,,,0,,HHV6B,VZV_Ellen
SRR22753461,0,,,1,,,2,,,,,,1,,,2,,,,HHV6B,HSV2_StrainG
SRR22753461,0,,,1,1,,,,,,,,1,1,,,,,,HHV6B,HHV7
SRR22753461,0,,,1,,124,,,,,,,1,,124,,,,,HHV6B,HSV1_KOS
SRR22753461,0,,,1,,,,9,,,,,1,,,,9,,,HHV6B,KSHV
SRR22753461,0,,,,,,2,,0,,,,,,,2,,0,,VZV_Ellen,HSV2_StrainG
SRR22753461,0,,,,1,,,,0,,,,,1,,,,0,,VZV_Ellen,HHV7
SRR22753461,0,,,,,124,,,0,,,,,,124,,,0,,VZV_Ellen,HSV1_KOS
SRR22753461,0,,,,,,,9,0,,,,,,,,9,0,,VZV_Ellen,KSHV
SRR22753461,0,,,,1,,2,,,,,,,1,,2,,,,HSV2_StrainG,HHV7
SRR22753461,0,,,,,124,2,,,,,,,,124,2,,,,HSV2_StrainG,HSV1_KOS
SRR22753461,0,,,,,,2,9,,,,,,,,2,9,,,HSV2_StrainG,KSHV
SRR22753461,0,,,,1,124,,,,,,,,1,124,,,,,HHV7,HSV1_KOS
SRR22753461,0,,,,1,,,9,,,,,,1,,,9,,,HHV7,KSHV
SRR22753461,0,,,,,124,,9,,,,,,,124,,9,,,HSV1_KOS,KSHV
SRR22753461,1,1,,,,,,,,,0,,,,,,,,,EBV,EBV
SRR22753461,1,,1,,,,,,,,,0,,,,,,,,HCMV,HCMV
SRR22753461,106,,,,,,,,,106,,,,,,,,,0,combined_herpes_viruses,combined_herpes_viruses
SRR22753461,1,,,1,,,,,,,,,0,,,,,,,HHV6B,HHV6B
SRR22753461,0,,,,,,,,0,,,,,,,,,0,,VZV_Ellen,VZV_Ellen
SRR22753461,2,,,,,,2,,,,,,,,,0,,,,HSV2_StrainG,HSV2_StrainG
SRR22753461,1,,,,1,,,,,,,,,0,,,,,,HHV7,HHV7
SRR22753461,124,,,,,124,,,,,,,,,0,,,,,HSV1_KOS,HSV1_KOS
SRR22753461,9,,,,,,,9,,,,,,,,,0,,,KSHV,KSHV
SRR22753506,0,,,,,,,,0,13,,,,,,,,0,13,combined_herpes_viruses,VZV_Ellen
SRR22753506,0,0,,,,,,,,13,0,,,,,,,,13,combined_herpes_viruses,EBV
SRR22753506,0,,,,0,,,,,13,,,,0,,,,,13,combined_herpes_viruses,HHV7
SRR22753506,7,,,,,12,,,,13,,,,,5,,,,6,combined_herpes_viruses,HSV1_KOS
SRR22753506,0,,0,,,,,,,13,,0,,,,,,,13,combined_herpes_viruses,HCMV
SRR22753506,1,,,,,,,7,,13,,,,,,,6,,12,combined_herpes_viruses,KSHV
SRR22753506,0,,,0,,,,,,13,,,0,,,,,,13,combined_herpes_viruses,HHV6B
SRR22753506,1,,,,,,4,,,13,,,,,,3,,,12,combined_herpes_viruses,HSV2_StrainG
SRR22753506,0,0,,,,,,,0,,0,,,,,,,0,,VZV_Ellen,EBV
SRR22753506,0,,,,0,,,,0,,,,,0,,,,0,,VZV_Ellen,HHV7
SRR22753506,0,,,,,12,,,0,,,,,,12,,,0,,VZV_Ellen,HSV1_KOS
SRR22753506,0,,0,,,,,,0,,,0,,,,,,0,,VZV_Ellen,HCMV
SRR22753506,0,,,,,,,7,0,,,,,,,,7,0,,VZV_Ellen,KSHV
SRR22753506,0,,,0,,,,,0,,,,0,,,,,0,,VZV_Ellen,HHV6B
SRR22753506,0,,,,,,4,,0,,,,,,,4,,0,,VZV_Ellen,HSV2_StrainG
SRR22753506,0,0,,,0,,,,,,0,,,0,,,,,,EBV,HHV7
SRR22753506,0,0,,,,12,,,,,0,,,,12,,,,,EBV,HSV1_KOS
SRR22753506,0,0,0,,,,,,,,0,0,,,,,,,,EBV,HCMV
SRR22753506,0,0,,,,,,7,,,0,,,,,,7,,,EBV,KSHV
SRR22753506,0,0,,0,,,,,,,0,,0,,,,,,,EBV,HHV6B
SRR22753506,0,0,,,,,4,,,,0,,,,,4,,,,EBV,HSV2_StrainG
SRR22753506,0,,,,0,12,,,,,,,,0,12,,,,,HHV7,HSV1_KOS
SRR22753506,0,,0,,0,,,,,,,0,,0,,,,,,HHV7,HCMV
SRR22753506,0,,,,0,,,7,,,,,,0,,,7,,,HHV7,KSHV
SRR22753506,0,,,0,0,,,,,,,,0,0,,,,,,HHV7,HHV6B
SRR22753506,0,,,,0,,4,,,,,,,0,,4,,,,HHV7,HSV2_StrainG
SRR22753506,0,,0,,,12,,,,,,0,,,12,,,,,HSV1_KOS,HCMV
SRR22753506,0,,,,,12,,7,,,,,,,12,,7,,,HSV1_KOS,KSHV
SRR22753506,0,,,0,,12,,,,,,,0,,12,,,,,HSV1_KOS,HHV6B
SRR22753506,0,,,,,12,4,,,,,,,,12,4,,,,HSV1_KOS,HSV2_StrainG
SRR22753506,0,,0,,,,,7,,,,0,,,,,7,,,HCMV,KSHV
SRR22753506,0,,0,0,,,,,,,,0,0,,,,,,,HCMV,HHV6B
SRR22753506,0,,0,,,,4,,,,,0,,,,4,,,,HCMV,HSV2_StrainG
SRR22753506,0,,,0,,,,7,,,,,0,,,,7,,,KSHV,HHV6B
SRR22753506,0,,,,,,4,7,,,,,,,,4,7,,,KSHV,HSV2_StrainG
SRR22753506,0,,,0,,,4,,,,,,0,,,4,,,,HHV6B,HSV2_StrainG
SRR22753506,13,,,,,,,,,13,,,,,,,,,0,combined_herpes_viruses,combined_herpes_viruses
SRR22753506,0,,,,,,,,0,,,,,,,,,0,,VZV_Ellen,VZV_Ellen
SRR22753506,0,0,,,,,,,,,0,,,,,,,,,EBV,EBV
SRR22753506,0,,,,0,,,,,,,,,0,,,,,,HHV7,HHV7
SRR22753506,12,,,,,12,,,,,,,,,0,,,,,HSV1_KOS,HSV1_KOS
SRR22753506,0,,0,,,,,,,,,0,,,,,,,,HCMV,HCMV
SRR22753506,7,,,,,,,7,,,,,,,,,0,,,KSHV,KSHV
SRR22753506,0,,,0,,,,,,,,,0,,,,,,,HHV6B,HHV6B
SRR22753506,4,,,,,,4,,,,,,,,,0,,,,HSV2_StrainG,HSV2_StrainG
SRR22753367,0,,,,,,,,0,81,,,,,,,,0,81,VZV_Ellen,combined_herpes_viruses
SRR22753367,0,,,,,96,,,0,,,,,,96,,,0,,VZV_Ellen,HSV1_KOS
SRR22753367,0,,,,,,1,,0,,,,,,,1,,0,,VZV_Ellen,HSV2_StrainG
SRR22753367,0,,,,0,,,,0,,,,,0,,,,0,,VZV_Ellen,HHV7
SRR22753367,0,,,2,,,,,0,,,,2,,,,,0,,VZV_Ellen,HHV6B
SRR22753367,0,,,,,,,2,0,,,,,,,,2,0,,VZV_Ellen,KSHV
SRR22753367,0,0,,,,,,,0,,0,,,,,,,0,,VZV_Ellen,EBV
SRR22753367,0,,0,,,,,,0,,,0,,,,,,0,,VZV_Ellen,HCMV
SRR22753367,62,,,,,96,,,,81,,,,,34,,,,19,combined_herpes_viruses,HSV1_KOS
SRR22753367,1,,,,,,1,,,81,,,,,,0,,,80,combined_herpes_viruses,HSV2_StrainG
SRR22753367,0,,,,0,,,,,81,,,,0,,,,,81,combined_herpes_viruses,HHV7
SRR22753367,1,,,2,,,,,,81,,,1,,,,,,80,combined_herpes_viruses,HHV6B
SRR22753367,1,,,,,,,2,,81,,,,,,,1,,80,combined_herpes_viruses,KSHV
SRR22753367,0,0,,,,,,,,81,0,,,,,,,,81,combined_herpes_viruses,EBV
SRR22753367,0,,0,,,,,,,81,,0,,,,,,,81,combined_herpes_viruses,HCMV
SRR22753367,0,,,,,96,1,,,,,,,,96,1,,,,HSV1_KOS,HSV2_StrainG
SRR22753367,0,,,,0,96,,,,,,,,0,96,,,,,HSV1_KOS,HHV7
SRR22753367,0,,,2,,96,,,,,,,2,,96,,,,,HSV1_KOS,HHV6B
SRR22753367,0,,,,,96,,2,,,,,,,96,,2,,,HSV1_KOS,KSHV
SRR22753367,0,0,,,,96,,,,,0,,,,96,,,,,HSV1_KOS,EBV
SRR22753367,0,,0,,,96,,,,,,0,,,96,,,,,HSV1_KOS,HCMV
SRR22753367,0,,,,0,,1,,,,,,,0,,1,,,,HSV2_StrainG,HHV7
SRR22753367,1,,,2,,,1,,,,,,1,,,0,,,,HSV2_StrainG,HHV6B
SRR22753367,1,,,,,,1,2,,,,,,,,0,1,,,HSV2_StrainG,KSHV
SRR22753367,0,0,,,,,1,,,,0,,,,,1,,,,HSV2_StrainG,EBV
SRR22753367,0,,0,,,,1,,,,,0,,,,1,,,,HSV2_StrainG,HCMV
SRR22753367,0,,,2,0,,,,,,,,2,0,,,,,,HHV7,HHV6B
SRR22753367,0,,,,0,,,2,,,,,,0,,,2,,,HHV7,KSHV
SRR22753367,0,0,,,0,,,,,,0,,,0,,,,,,HHV7,EBV
SRR22753367,0,,0,,0,,,,,,,0,,0,,,,,,HHV7,HCMV
SRR22753367,1,,,2,,,,2,,,,,1,,,,1,,,HHV6B,KSHV
SRR22753367,0,0,,2,,,,,,,0,,2,,,,,,,HHV6B,EBV
SRR22753367,0,,0,2,,,,,,,,0,2,,,,,,,HHV6B,HCMV
SRR22753367,0,0,,,,,,2,,,0,,,,,,2,,,KSHV,EBV
SRR22753367,0,,0,,,,,2,,,,0,,,,,2,,,KSHV,HCMV
SRR22753367,0,0,0,,,,,,,,0,0,,,,,,,,EBV,HCMV
SRR22753367,0,,,,,,,,0,,,,,,,,,0,,VZV_Ellen,VZV_Ellen
SRR22753367,81,,,,,,,,,81,,,,,,,,,0,combined_herpes_viruses,combined_herpes_viruses
SRR22753367,96,,,,,96,,,,,,,,,0,,,,,HSV1_KOS,HSV1_KOS
SRR22753367,1,,,,,,1,,,,,,,,,0,,,,HSV2_StrainG,HSV2_StrainG
SRR22753367,0,,,,0,,,,,,,,,0,,,,,,HHV7,HHV7
SRR22753367,2,,,2,,,,,,,,,0,,,,,,,HHV6B,HHV6B
SRR22753367,2,,,,,,,2,,,,,,,,,0,,,KSHV,KSHV
SRR22753367,0,0,,,,,,,,,0,,,,,,,,,EBV,EBV
SRR22753367,0,,0,,,,,,,,,0,,,,,,,,HCMV,HCMV
SRR22753572,0,,,,,,2,,0,,,,,,,2,,0,,VZV_Ellen,HSV2_StrainG
SRR22753572,0,,,,2,,,,0,,,,,2,,,,0,,VZV_Ellen,HHV7
SRR22753572,0,,1,,,,,,0,,,1,,,,,,0,,VZV_Ellen,HCMV
SRR22753572,0,,,,,61,,,0,,,,,,61,,,0,,VZV_Ellen,HSV1_KOS
SRR22753572,0,,,,,,,,0,52,,,,,,,,0,52,VZV_Ellen,combined_herpes_viruses
SRR22753572,0,1,,,,,,,0,,1,,,,,,,0,,VZV_Ellen,EBV
SRR22753572,0,,,,,,,2,0,,,,,,,,2,0,,VZV_Ellen,KSHV
SRR22753572,0,,,1,,,,,0,,,,1,,,,,0,,VZV_Ellen,HHV6B
SRR22753572,0,,,,2,,2,,,,,,,2,,2,,,,HSV2_StrainG,HHV7
SRR22753572,1,,1,,,,2,,,,,0,,,,1,,,,HSV2_StrainG,HCMV
SRR22753572,0,,,,,61,2,,,,,,,,61,2,,,,HSV2_StrainG,HSV1_KOS
SRR22753572,1,,,,,,2,,,52,,,,,,1,,,51,HSV2_StrainG,combined_herpes_viruses
SRR22753572,0,1,,,,,2,,,,1,,,,,2,,,,HSV2_StrainG,EBV
SRR22753572,0,,,,,,2,2,,,,,,,,2,2,,,HSV2_StrainG,KSHV
SRR22753572,0,,,1,,,2,,,,,,1,,,2,,,,HSV2_StrainG,HHV6B
SRR22753572,0,,1,,2,,,,,,,1,,2,,,,,,HHV7,HCMV
SRR22753572,0,,,,2,61,,,,,,,,2,61,,,,,HHV7,HSV1_KOS
SRR22753572,0,,,,2,,,,,52,,,,2,,,,,52,HHV7,combined_herpes_viruses
SRR22753572,0,1,,,2,,,,,,1,,,2,,,,,,HHV7,EBV
SRR22753572,0,,,,2,,,2,,,,,,2,,,2,,,HHV7,KSHV
SRR22753572,0,,,1,2,,,,,,,,1,2,,,,,,HHV7,HHV6B
SRR22753572,0,,1,,,61,,,,,,1,,,61,,,,,HCMV,HSV1_KOS
SRR22753572,1,,1,,,,,,,52,,0,,,,,,,51,HCMV,combined_herpes_viruses
SRR22753572,0,1,1,,,,,,,,1,1,,,,,,,,HCMV,EBV
SRR22753572,0,,1,,,,,2,,,,1,,,,,2,,,HCMV,KSHV
SRR22753572,0,,1,1,,,,,,,,1,1,,,,,,,HCMV,HHV6B
SRR22753572,38,,,,,61,,,,52,,,,,23,,,,14,HSV1_KOS,combined_herpes_viruses
SRR22753572,0,1,,,,61,,,,,1,,,,61,,,,,HSV1_KOS,EBV
SRR22753572,0,,,,,61,,2,,,,,,,61,,2,,,HSV1_KOS,KSHV
SRR22753572,0,,,1,,61,,,,,,,1,,61,,,,,HSV1_KOS,HHV6B
SRR22753572,1,1,,,,,,,,52,0,,,,,,,,51,combined_herpes_viruses,EBV
SRR22753572,0,,,,,,,2,,52,,,,,,,2,,52,combined_herpes_viruses,KSHV
SRR22753572,0,,,1,,,,,,52,,,1,,,,,,52,combined_herpes_viruses,HHV6B
SRR22753572,0,1,,,,,,2,,,1,,,,,,2,,,EBV,KSHV
SRR22753572,0,1,,1,,,,,,,1,,1,,,,,,,EBV,HHV6B
SRR22753572,0,,,1,,,,2,,,,,1,,,,2,,,KSHV,HHV6B
SRR22753572,0,,,,,,,,0,,,,,,,,,0,,VZV_Ellen,VZV_Ellen
SRR22753572,2,,,,,,2,,,,,,,,,0,,,,HSV2_StrainG,HSV2_StrainG
SRR22753572,2,,,,2,,,,,,,,,0,,,,,,HHV7,HHV7
SRR22753572,1,,1,,,,,,,,,0,,,,,,,,HCMV,HCMV
SRR22753572,61,,,,,61,,,,,,,,,0,,,,,HSV1_KOS,HSV1_KOS
SRR22753572,52,,,,,,,,,52,,,,,,,,,0,combined_herpes_viruses,combined_herpes_viruses
SRR22753572,1,1,,,,,,,,,0,,,,,,,,,EBV,EBV
SRR22753572,2,,,,,,,2,,,,,,,,,0,,,KSHV,KSHV
SRR22753572,1,,,1,,,,,,,,,0,,,,,,,HHV6B,HHV6B
SRR22753495,0,0,,,,,,,0,,0,,,,,,,0,,VZV_Ellen,EBV
SRR22753495,0,,,1,,,,,0,,,,1,,,,,0,,VZV_Ellen,HHV6B
SRR22753495,0,,,,,7,,,0,,,,,,7,,,0,,VZV_Ellen,HSV1_KOS
SRR22753495,0,,,,,,,15,0,,,,,,,,15,0,,VZV_Ellen,KSHV
SRR22753495,0,,,,,,,,0,15,,,,,,,,0,15,VZV_Ellen,combined_herpes_viruses
SRR22753495,0,,,,,,9,,0,,,,,,,9,,0,,VZV_Ellen,HSV2_StrainG
SRR22753495,0,,0,,,,,,0,,,0,,,,,,0,,VZV_Ellen,HCMV
SRR22753495,0,,,,0,,,,0,,,,,0,,,,0,,VZV_Ellen,HHV7
SRR22753495,0,0,,1,,,,,,,0,,1,,,,,,,EBV,HHV6B
SRR22753495,0,0,,,,7,,,,,0,,,,7,,,,,EBV,HSV1_KOS
SRR22753495,0,0,,,,,,15,,,0,,,,,,15,,,EBV,KSHV
SRR22753495,0,0,,,,,,,,15,0,,,,,,,,15,EBV,combined_herpes_viruses
SRR22753495,0,0,,,,,9,,,,0,,,,,9,,,,EBV,HSV2_StrainG
SRR22753495,0,0,0,,,,,,,,0,0,,,,,,,,EBV,HCMV
SRR22753495,0,0,,,0,,,,,,0,,,0,,,,,,EBV,HHV7
SRR22753495,0,,,1,,7,,,,,,,1,,7,,,,,HHV6B,HSV1_KOS
SRR22753495,1,,,1,,,,15,,,,,0,,,,14,,,HHV6B,KSHV
SRR22753495,1,,,1,,,,,,15,,,0,,,,,,14,HHV6B,combined_herpes_viruses
SRR22753495,1,,,1,,,9,,,,,,0,,,8,,,,HHV6B,HSV2_StrainG
SRR22753495,0,,0,1,,,,,,,,0,1,,,,,,,HHV6B,HCMV
SRR22753495,0,,,1,0,,,,,,,,1,0,,,,,,HHV6B,HHV7
SRR22753495,0,,,,,7,,15,,,,,,,7,,15,,,HSV1_KOS,KSHV
SRR22753495,6,,,,,7,,,,15,,,,,1,,,,9,HSV1_KOS,combined_herpes_viruses
SRR22753495,0,,,,,7,9,,,,,,,,7,9,,,,HSV1_KOS,HSV2_StrainG
SRR22753495,0,,0,,,7,,,,,,0,,,7,,,,,HSV1_KOS,HCMV
SRR22753495,0,,,,0,7,,,,,,,,0,7,,,,,HSV1_KOS,HHV7
SRR22753495,6,,,,,,,15,,15,,,,,,,9,,9,KSHV,combined_herpes_viruses
SRR22753495,1,,,,,,9,15,,,,,,,,8,14,,,KSHV,HSV2_StrainG
SRR22753495,0,,0,,,,,15,,,,0,,,,,15,,,KSHV,HCMV
SRR22753495,0,,,,0,,,15,,,,,,0,,,15,,,KSHV,HHV7
SRR22753495,1,,,,,,9,,,15,,,,,,8,,,14,combined_herpes_viruses,HSV2_StrainG
SRR22753495,0,,0,,,,,,,15,,0,,,,,,,15,combined_herpes_viruses,HCMV
SRR22753495,0,,,,0,,,,,15,,,,0,,,,,15,combined_herpes_viruses,HHV7
SRR22753495,0,,0,,,,9,,,,,0,,,,9,,,,HSV2_StrainG,HCMV
SRR22753495,0,,,,0,,9,,,,,,,0,,9,,,,HSV2_StrainG,HHV7
SRR22753495,0,,0,,0,,,,,,,0,,0,,,,,,HCMV,HHV7
SRR22753495,0,,,,,,,,0,,,,,,,,,0,,VZV_Ellen,VZV_Ellen
SRR22753495,0,0,,,,,,,,,0,,,,,,,,,EBV,EBV
SRR22753495,1,,,1,,,,,,,,,0,,,,,,,HHV6B,HHV6B
SRR22753495,7,,,,,7,,,,,,,,,0,,,,,HSV1_KOS,HSV1_KOS
SRR22753495,15,,,,,,,15,,,,,,,,,0,,,KSHV,KSHV
SRR22753495,15,,,,,,,,,15,,,,,,,,,0,combined_herpes_viruses,combined_herpes_viruses
SRR22753495,9,,,,,,9,,,,,,,,,0,,,,HSV2_StrainG,HSV2_StrainG
SRR22753495,0,,0,,,,,,,,,0,,,,,,,,HCMV,HCMV
SRR22753495,0,,,,0,,,,,,,,,0,,,,,,HHV7,HHV7
SRR22753583,1,,1,,,,,,,4,,0,,,,,,,3,combined_herpes_viruses,HCMV
SRR22753583,0,0,,,,,,,,4,0,,,,,,,,4,combined_herpes_viruses,EBV
SRR22753583,0,,,,,,,,0,4,,,,,,,,0,4,combined_herpes_viruses,VZV_Ellen
SRR22753583,0,,,,0,,,,,4,,,,0,,,,,4,combined_herpes_viruses,HHV7
SRR22753583,2,,,2,,,,,,4,,,0,,,,,,2,combined_herpes_viruses,HHV6B
SRR22753583,2,,,,,,,4,,4,,,,,,,2,,2,combined_herpes_viruses,KSHV
SRR22753583,1,,,,,2,,,,4,,,,,1,,,,3,combined_herpes_viruses,HSV1_KOS
SRR22753583,1,,,,,,1,,,4,,,,,,0,,,3,combined_herpes_viruses,HSV2_StrainG
SRR22753583,0,0,1,,,,,,,,0,1,,,,,,,,HCMV,EBV
SRR22753583,0,,1,,,,,,0,,,1,,,,,,0,,HCMV,VZV_Ellen
SRR22753583,0,,1,,0,,,,,,,1,,0,,,,,,HCMV,HHV7
SRR22753583,0,,1,2,,,,,,,,1,2,,,,,,,HCMV,HHV6B
SRR22753583,0,,1,,,,,4,,,,1,,,,,4,,,HCMV,KSHV
SRR22753583,0,,1,,,2,,,,,,1,,,2,,,,,HCMV,HSV1_KOS
SRR22753583,0,,1,,,,1,,,,,1,,,,1,,,,HCMV,HSV2_StrainG
SRR22753583,0,0,,,,,,,0,,0,,,,,,,0,,EBV,VZV_Ellen
SRR22753583,0,0,,,0,,,,,,0,,,0,,,,,,EBV,HHV7
SRR22753583,0,0,,2,,,,,,,0,,2,,,,,,,EBV,HHV6B
SRR22753583,0,0,,,,,,4,,,0,,,,,,4,,,EBV,KSHV
SRR22753583,0,0,,,,2,,,,,0,,,,2,,,,,EBV,HSV1_KOS
SRR22753583,0,0,,,,,1,,,,0,,,,,1,,,,EBV,HSV2_StrainG
SRR22753583,0,,,,0,,,,0,,,,,0,,,,0,,VZV_Ellen,HHV7
SRR22753583,0,,,2,,,,,0,,,,2,,,,,0,,VZV_Ellen,HHV6B
SRR22753583,0,,,,,,,4,0,,,,,,,,4,0,,VZV_Ellen,KSHV
SRR22753583,0,,,,,2,,,0,,,,,,2,,,0,,VZV_Ellen,HSV1_KOS
SRR22753583,0,,,,,,1,,0,,,,,,,1,,0,,VZV_Ellen,HSV2_StrainG
SRR22753583,0,,,2,0,,,,,,,,2,0,,,,,,HHV7,HHV6B
SRR22753583,0,,,,0,,,4,,,,,,0,,,4,,,HHV7,KSHV
SRR22753583,0,,,,0,2,,,,,,,,0,2,,,,,HHV7,HSV1_KOS
SRR22753583,0,,,,0,,1,,,,,,,0,,1,,,,HHV7,HSV2_StrainG
SRR22753583,2,,,2,,,,4,,,,,0,,,,2,,,HHV6B,KSHV
SRR22753583,0,,,2,,2,,,,,,,2,,2,,,,,HHV6B,HSV1_KOS
SRR22753583,1,,,2,,,1,,,,,,1,,,0,,,,HHV6B,HSV2_StrainG
SRR22753583,0,,,,,2,,4,,,,,,,2,,4,,,KSHV,HSV1_KOS
SRR22753583,1,,,,,,1,4,,,,,,,,0,3,,,KSHV,HSV2_StrainG
SRR22753583,0,,,,,2,1,,,,,,,,2,1,,,,HSV1_KOS,HSV2_StrainG
SRR22753583,4,,,,,,,,,4,,,,,,,,,0,combined_herpes_viruses,combined_herpes_viruses
SRR22753583,1,,1,,,,,,,,,0,,,,,,,,HCMV,HCMV
SRR22753583,0,0,,,,,,,,,0,,,,,,,,,EBV,EBV
SRR22753583,0,,,,,,,,0,,,,,,,,,0,,VZV_Ellen,VZV_Ellen
SRR22753583,0,,,,0,,,,,,,,,0,,,,,,HHV7,HHV7
SRR22753583,2,,,2,,,,,,,,,0,,,,,,,HHV6B,HHV6B
SRR22753583,4,,,,,,,4,,,,,,,,,0,,,KSHV,KSHV
SRR22753583,2,,,,,2,,,,,,,,,0,,,,,HSV1_KOS,HSV1_KOS
SRR22753583,1,,,,,,1,,,,,,,,,0,,,,HSV2_StrainG,HSV2_StrainG
SRR22753545,0,,,0,,5,,,,,,,0,,5,,,,,HHV6B,HSV1_KOS
SRR22753545,0,,,0,,,,,0,,,,0,,,,,0,,HHV6B,VZV_Ellen
SRR22753545,0,,0,0,,,,,,,,0,0,,,,,,,HHV6B,HCMV
SRR22753545,0,,,0,0,,,,,,,,0,0,,,,,,HHV6B,HHV7
SRR22753545,0,,,0,,,,,,5,,,0,,,,,,5,HHV6B,combined_herpes_viruses
SRR22753545,0,,,0,,,,13,,,,,0,,,,13,,,HHV6B,KSHV
SRR22753545,0,,,0,,,24,,,,,,0,,,24,,,,HHV6B,HSV2_StrainG
SRR22753545,0,0,,0,,,,,,,0,,0,,,,,,,HHV6B,EBV
SRR22753545,0,,,,,5,,,0,,,,,,5,,,0,,HSV1_KOS,VZV_Ellen
SRR22753545,0,,0,,,5,,,,,,0,,,5,,,,,HSV1_KOS,HCMV
SRR22753545,0,,,,0,5,,,,,,,,0,5,,,,,HSV1_KOS,HHV7
SRR22753545,3,,,,,5,,,,5,,,,,2,,,,2,HSV1_KOS,combined_herpes_viruses
SRR22753545,0,,,,,5,,13,,,,,,,5,,13,,,HSV1_KOS,KSHV
SRR22753545,0,,,,,5,24,,,,,,,,5,24,,,,HSV1_KOS,HSV2_StrainG
SRR22753545,0,0,,,,5,,,,,0,,,,5,,,,,HSV1_KOS,EBV
SRR22753545,0,,0,,,,,,0,,,0,,,,,,0,,VZV_Ellen,HCMV
SRR22753545,0,,,,0,,,,0,,,,,0,,,,0,,VZV_Ellen,HHV7
SRR22753545,0,,,,,,,,0,5,,,,,,,,0,5,VZV_Ellen,combined_herpes_viruses
SRR22753545,0,,,,,,,13,0,,,,,,,,13,0,,VZV_Ellen,KSHV
SRR22753545,0,,,,,,24,,0,,,,,,,24,,0,,VZV_Ellen,HSV2_StrainG
SRR22753545,0,0,,,,,,,0,,0,,,,,,,0,,VZV_Ellen,EBV
SRR22753545,0,,0,,0,,,,,,,0,,0,,,,,,HCMV,HHV7
SRR22753545,0,,0,,,,,,,5,,0,,,,,,,5,HCMV,combined_herpes_viruses
SRR22753545,0,,0,,,,,13,,,,0,,,,,13,,,HCMV,KSHV
SRR22753545,0,,0,,,,24,,,,,0,,,,24,,,,HCMV,HSV2_StrainG
SRR22753545,0,0,0,,,,,,,,0,0,,,,,,,,HCMV,EBV
SRR22753545,0,,,,0,,,,,5,,,,0,,,,,5,HHV7,combined_herpes_viruses
SRR22753545,0,,,,0,,,13,,,,,,0,,,13,,,HHV7,KSHV
SRR22753545,0,,,,0,,24,,,,,,,0,,24,,,,HHV7,HSV2_StrainG
SRR22753545,0,0,,,0,,,,,,0,,,0,,,,,,HHV7,EBV
SRR22753545,0,,,,,,,13,,5,,,,,,,13,,5,combined_herpes_viruses,KSHV
SRR22753545,0,,,,,,24,,,5,,,,,,24,,,5,combined_herpes_viruses,HSV2_StrainG
SRR22753545,0,0,,,,,,,,5,0,,,,,,,,5,combined_herpes_viruses,EBV
SRR22753545,0,,,,,,24,13,,,,,,,,24,13,,,KSHV,HSV2_StrainG
SRR22753545,0,0,,,,,,13,,,0,,,,,,13,,,KSHV,EBV
SRR22753545,0,0,,,,,24,,,,0,,,,,24,,,,HSV2_StrainG,EBV
SRR22753545,0,,,0,,,,,,,,,0,,,,,,,HHV6B,HHV6B
SRR22753545,5,,,,,5,,,,,,,,,0,,,,,HSV1_KOS,HSV1_KOS
SRR22753545,0,,,,,,,,0,,,,,,,,,0,,VZV_Ellen,VZV_Ellen
SRR22753545,0,,0,,,,,,,,,0,,,,,,,,HCMV,HCMV
SRR22753545,0,,,,0,,,,,,,,,0,,,,,,HHV7,HHV7
SRR22753545,5,,,,,,,,,5,,,,,,,,,0,combined_herpes_viruses,combined_herpes_viruses
SRR22753545,13,,,,,,,13,,,,,,,,,0,,,KSHV,KSHV
SRR22753545,24,,,,,,24,,,,,,,,,0,,,,HSV2_StrainG,HSV2_StrainG
SRR22753545,0,0,,,,,,,,,0,,,,,,,,,EBV,EBV
SRR22753380,0,,,,,,,,0,45,,,,,,,,0,45,VZV_Ellen,combined_herpes_viruses
SRR22753380,0,,0,,,,,,0,,,0,,,,,,0,,VZV_Ellen,HCMV
SRR22753380,0,,,1,,,,,0,,,,1,,,,,0,,VZV_Ellen,HHV6B
SRR22753380,0,,,,,67,,,0,,,,,,67,,,0,,VZV_Ellen,HSV1_KOS
SRR22753380,0,,,,,,,10,0,,,,,,,,10,0,,VZV_Ellen,KSHV
SRR22753380,0,0,,,,,,,0,,0,,,,,,,0,,VZV_Ellen,EBV
SRR22753380,0,,,,,,3,,0,,,,,,,3,,0,,VZV_Ellen,HSV2_StrainG
SRR22753380,0,,,,0,,,,0,,,,,0,,,,0,,VZV_Ellen,HHV7
SRR22753380,0,,0,,,,,,,45,,0,,,,,,,45,combined_herpes_viruses,HCMV
SRR22753380,0,,,1,,,,,,45,,,1,,,,,,45,combined_herpes_viruses,HHV6B
SRR22753380,35,,,,,67,,,,45,,,,,32,,,,10,combined_herpes_viruses,HSV1_KOS
SRR22753380,2,,,,,,,10,,45,,,,,,,8,,43,combined_herpes_viruses,KSHV
SRR22753380,0,0,,,,,,,,45,0,,,,,,,,45,combined_herpes_viruses,EBV
SRR22753380,0,,,,,,3,,,45,,,,,,3,,,45,combined_herpes_viruses,HSV2_StrainG
SRR22753380,0,,,,0,,,,,45,,,,0,,,,,45,combined_herpes_viruses,HHV7
SRR22753380,0,,0,1,,,,,,,,0,1,,,,,,,HCMV,HHV6B
SRR22753380,0,,0,,,67,,,,,,0,,,67,,,,,HCMV,HSV1_KOS
SRR22753380,0,,0,,,,,10,,,,0,,,,,10,,,HCMV,KSHV
SRR22753380,0,0,0,,,,,,,,0,0,,,,,,,,HCMV,EBV
SRR22753380,0,,0,,,,3,,,,,0,,,,3,,,,HCMV,HSV2_StrainG
SRR22753380,0,,0,,0,,,,,,,0,,0,,,,,,HCMV,HHV7
SRR22753380,0,,,1,,67,,,,,,,1,,67,,,,,HHV6B,HSV1_KOS
SRR22753380,0,,,1,,,,10,,,,,1,,,,10,,,HHV6B,KSHV
SRR22753380,0,0,,1,,,,,,,0,,1,,,,,,,HHV6B,EBV
SRR22753380,0,,,1,,,3,,,,,,1,,,3,,,,HHV6B,HSV2_StrainG
SRR22753380,0,,,1,0,,,,,,,,1,0,,,,,,HHV6B,HHV7
SRR22753380,0,,,,,67,,10,,,,,,,67,,10,,,HSV1_KOS,KSHV
SRR22753380,0,0,,,,67,,,,,0,,,,67,,,,,HSV1_KOS,EBV
SRR22753380,0,,,,,67,3,,,,,,,,67,3,,,,HSV1_KOS,HSV2_StrainG
SRR22753380,0,,,,0,67,,,,,,,,0,67,,,,,HSV1_KOS,HHV7
SRR22753380,0,0,,,,,,10,,,0,,,,,,10,,,KSHV,EBV
SRR22753380,0,,,,,,3,10,,,,,,,,3,10,,,KSHV,HSV2_StrainG
SRR22753380,0,,,,0,,,10,,,,,,0,,,10,,,KSHV,HHV7
SRR22753380,0,0,,,,,3,,,,0,,,,,3,,,,EBV,HSV2_StrainG
SRR22753380,0,0,,,0,,,,,,0,,,0,,,,,,EBV,HHV7
SRR22753380,0,,,,0,,3,,,,,,,0,,3,,,,HSV2_StrainG,HHV7
SRR22753380,0,,,,,,,,0,,,,,,,,,0,,VZV_Ellen,VZV_Ellen
SRR22753380,45,,,,,,,,,45,,,,,,,,,0,combined_herpes_viruses,combined_herpes_viruses
SRR22753380,0,,0,,,,,,,,,0,,,,,,,,HCMV,HCMV
SRR22753380,1,,,1,,,,,,,,,0,,,,,,,HHV6B,HHV6B
SRR22753380,67,,,,,67,,,,,,,,,0,,,,,HSV1_KOS,HSV1_KOS
SRR22753380,10,,,,,,,10,,,,,,,,,0,,,KSHV,KSHV
SRR22753380,0,0,,,,,,,,,0,,,,,,,,,EBV,EBV
SRR22753380,3,,,,,,3,,,,,,,,,0,,,,HSV2_StrainG,HSV2_StrainG
SRR22753380,0,,,,0,,,,,,,,,0,,,,,,HHV7,HHV7
SRR22753523,1,,,,,5,,,,2,,,,,4,,,,1,combined_herpes_viruses,HSV1_KOS
SRR22753523,0,,,,,,,,0,2,,,,,,,,0,2,combined_herpes_viruses,VZV_Ellen
SRR22753523,0,,,,0,,,,,2,,,,0,,,,,2,combined_herpes_viruses,HHV7
SRR22753523,0,0,,,,,,,,2,0,,,,,,,,2,combined_herpes_viruses,EBV
SRR22753523,1,,,2,,,,,,2,,,1,,,,,,1,combined_herpes_viruses,HHV6B
SRR22753523,1,,,,,,4,,,2,,,,,,3,,,1,combined_herpes_viruses,HSV2_StrainG
SRR22753523,1,,,,,,,7,,2,,,,,,,6,,1,combined_herpes_viruses,KSHV
SRR22753523,0,,0,,,,,,,2,,0,,,,,,,2,combined_herpes_viruses,HCMV
SRR22753523,0,,,,,5,,,0,,,,,,5,,,0,,HSV1_KOS,VZV_Ellen
SRR22753523,0,,,,0,5,,,,,,,,0,5,,,,,HSV1_KOS,HHV7
SRR22753523,0,0,,,,5,,,,,0,,,,5,,,,,HSV1_KOS,EBV
SRR22753523,0,,,2,,5,,,,,,,2,,5,,,,,HSV1_KOS,HHV6B
SRR22753523,0,,,,,5,4,,,,,,,,5,4,,,,HSV1_KOS,HSV2_StrainG
SRR22753523,0,,,,,5,,7,,,,,,,5,,7,,,HSV1_KOS,KSHV
SRR22753523,0,,0,,,5,,,,,,0,,,5,,,,,HSV1_KOS,HCMV
SRR22753523,0,,,,0,,,,0,,,,,0,,,,0,,VZV_Ellen,HHV7
SRR22753523,0,0,,,,,,,0,,0,,,,,,,0,,VZV_Ellen,EBV
SRR22753523,0,,,2,,,,,0,,,,2,,,,,0,,VZV_Ellen,HHV6B
SRR22753523,0,,,,,,4,,0,,,,,,,4,,0,,VZV_Ellen,HSV2_StrainG
SRR22753523,0,,,,,,,7,0,,,,,,,,7,0,,VZV_Ellen,KSHV
SRR22753523,0,,0,,,,,,0,,,0,,,,,,0,,VZV_Ellen,HCMV
SRR22753523,0,0,,,0,,,,,,0,,,0,,,,,,HHV7,EBV
SRR22753523,0,,,2,0,,,,,,,,2,0,,,,,,HHV7,HHV6B
SRR22753523,0,,,,0,,4,,,,,,,0,,4,,,,HHV7,HSV2_StrainG
SRR22753523,0,,,,0,,,7,,,,,,0,,,7,,,HHV7,KSHV
SRR22753523,0,,0,,0,,,,,,,0,,0,,,,,,HHV7,HCMV
SRR22753523,0,0,,2,,,,,,,0,,2,,,,,,,EBV,HHV6B
SRR22753523,0,0,,,,,4,,,,0,,,,,4,,,,EBV,HSV2_StrainG
SRR22753523,0,0,,,,,,7,,,0,,,,,,7,,,EBV,KSHV
SRR22753523,0,0,0,,,,,,,,0,0,,,,,,,,EBV,HCMV
SRR22753523,1,,,2,,,4,,,,,,1,,,3,,,,HHV6B,HSV2_StrainG
SRR22753523,2,,,2,,,,7,,,,,0,,,,5,,,HHV6B,KSHV
SRR22753523,0,,0,2,,,,,,,,0,2,,,,,,,HHV6B,HCMV
SRR22753523,1,,,,,,4,7,,,,,,,,3,6,,,HSV2_StrainG,KSHV
SRR22753523,0,,0,,,,4,,,,,0,,,,4,,,,HSV2_StrainG,HCMV
SRR22753523,0,,0,,,,,7,,,,0,,,,,7,,,KSHV,HCMV
SRR22753523,2,,,,,,,,,2,,,,,,,,,0,combined_herpes_viruses,combined_herpes_viruses
SRR22753523,5,,,,,5,,,,,,,,,0,,,,,HSV1_KOS,HSV1_KOS
SRR22753523,0,,,,,,,,0,,,,,,,,,0,,VZV_Ellen,VZV_Ellen
SRR22753523,0,,,,0,,,,,,,,,0,,,,,,HHV7,HHV7
SRR22753523,0,0,,,,,,,,,0,,,,,,,,,EBV,EBV
SRR22753523,2,,,2,,,,,,,,,0,,,,,,,HHV6B,HHV6B
SRR22753523,4,,,,,,4,,,,,,,,,0,,,,HSV2_StrainG,HSV2_StrainG
SRR22753523,7,,,,,,,7,,,,,,,,,0,,,KSHV,KSHV
SRR22753523,0,,0,,,,,,,,,0,,,,,,,,HCMV,HCMV
SRR22753378,0,,,2,0,,,,,,,,2,0,,,,,,HHV7,HHV6B
SRR22753378,0,,0,,0,,,,,,,0,,0,,,,,,HHV7,HCMV
SRR22753378,0,,,,0,,,,0,,,,,0,,,,0,,HHV7,VZV_Ellen
SRR22753378,0,,,,0,,,8,,,,,,0,,,8,,,HHV7,KSHV
SRR22753378,0,,,,0,,,,,36,,,,0,,,,,36,HHV7,combined_herpes_viruses
SRR22753378,0,0,,,0,,,,,,0,,,0,,,,,,HHV7,EBV
SRR22753378,0,,,,0,47,,,,,,,,0,47,,,,,HHV7,HSV1_KOS
SRR22753378,0,,,,0,,2,,,,,,,0,,2,,,,HHV7,HSV2_StrainG
SRR22753378,0,,0,2,,,,,,,,0,2,,,,,,,HHV6B,HCMV
SRR22753378,0,,,2,,,,,0,,,,2,,,,,0,,HHV6B,VZV_Ellen
SRR22753378,2,,,2,,,,8,,,,,0,,,,6,,,HHV6B,KSHV
SRR22753378,2,,,2,,,,,,36,,,0,,,,,,34,HHV6B,combined_herpes_viruses
SRR22753378,0,0,,2,,,,,,,0,,2,,,,,,,HHV6B,EBV
SRR22753378,0,,,2,,47,,,,,,,2,,47,,,,,HHV6B,HSV1_KOS
SRR22753378,1,,,2,,,2,,,,,,1,,,1,,,,HHV6B,HSV2_StrainG
SRR22753378,0,,0,,,,,,0,,,0,,,,,,0,,HCMV,VZV_Ellen
SRR22753378,0,,0,,,,,8,,,,0,,,,,8,,,HCMV,KSHV
SRR22753378,0,,0,,,,,,,36,,0,,,,,,,36,HCMV,combined_herpes_viruses
SRR22753378,0,0,0,,,,,,,,0,0,,,,,,,,HCMV,EBV
SRR22753378,0,,0,,,47,,,,,,0,,,47,,,,,HCMV,HSV1_KOS
SRR22753378,0,,0,,,,2,,,,,0,,,,2,,,,HCMV,HSV2_StrainG
SRR22753378,0,,,,,,,8,0,,,,,,,,8,0,,VZV_Ellen,KSHV
SRR22753378,0,,,,,,,,0,36,,,,,,,,0,36,VZV_Ellen,combined_herpes_viruses
SRR22753378,0,0,,,,,,,0,,0,,,,,,,0,,VZV_Ellen,EBV
SRR22753378,0,,,,,47,,,0,,,,,,47,,,0,,VZV_Ellen,HSV1_KOS
SRR22753378,0,,,,,,2,,0,,,,,,,2,,0,,VZV_Ellen,HSV2_StrainG
SRR22753378,3,,,,,,,8,,36,,,,,,,5,,33,KSHV,combined_herpes_viruses
SRR22753378,0,0,,,,,,8,,,0,,,,,,8,,,KSHV,EBV
SRR22753378,0,,,,,47,,8,,,,,,,47,,8,,,KSHV,HSV1_KOS
SRR22753378,1,,,,,,2,8,,,,,,,,1,7,,,KSHV,HSV2_StrainG
SRR22753378,0,0,,,,,,,,36,0,,,,,,,,36,combined_herpes_viruses,EBV
SRR22753378,25,,,,,47,,,,36,,,,,22,,,,11,combined_herpes_viruses,HSV1_KOS
SRR22753378,1,,,,,,2,,,36,,,,,,1,,,35,combined_herpes_viruses,HSV2_StrainG
SRR22753378,0,0,,,,47,,,,,0,,,,47,,,,,EBV,HSV1_KOS
SRR22753378,0,0,,,,,2,,,,0,,,,,2,,,,EBV,HSV2_StrainG
SRR22753378,0,,,,,47,2,,,,,,,,47,2,,,,HSV1_KOS,HSV2_StrainG
SRR22753378,0,,,,0,,,,,,,,,0,,,,,,HHV7,HHV7
SRR22753378,2,,,2,,,,,,,,,0,,,,,,,HHV6B,HHV6B
SRR22753378,0,,0,,,,,,,,,0,,,,,,,,HCMV,HCMV
SRR22753378,0,,,,,,,,0,,,,,,,,,0,,VZV_Ellen,VZV_Ellen
SRR22753378,8,,,,,,,8,,,,,,,,,0,,,KSHV,KSHV
SRR22753378,36,,,,,,,,,36,,,,,,,,,0,combined_herpes_viruses,combined_herpes_viruses
SRR22753378,0,0,,,,,,,,,0,,,,,,,,,EBV,EBV
SRR22753378,47,,,,,47,,,,,,,,,0,,,,,HSV1_KOS,HSV1_KOS
SRR22753378,2,,,,,,2,,,,,,,,,0,,,,HSV2_StrainG,HSV2_StrainG
SRR22753442,0,,,,,,5,,,19,,,,,,5,,,19,combined_herpes_viruses,HSV2_StrainG
SRR22753442,0,,0,,,,,,,19,,0,,,,,,,19,combined_herpes_viruses,HCMV
SRR22753442,0,,,,,,,5,,19,,,,,,,5,,19,combined_herpes_viruses,KSHV
SRR22753442,0,0,,,,,,,,19,0,,,,,,,,19,combined_herpes_viruses,EBV
SRR22753442,0,,,1,,,,,,19,,,1,,,,,,19,combined_herpes_viruses,HHV6B
SRR22753442,17,,,,,41,,,,19,,,,,24,,,,2,combined_herpes_viruses,HSV1_KOS
SRR22753442,0,,,,0,,,,,19,,,,0,,,,,19,combined_herpes_viruses,HHV7
SRR22753442,0,,,,,,,,0,19,,,,,,,,0,19,combined_herpes_viruses,VZV_Ellen
SRR22753442,0,,0,,,,5,,,,,0,,,,5,,,,HSV2_StrainG,HCMV
SRR22753442,0,,,,,,5,5,,,,,,,,5,5,,,HSV2_StrainG,KSHV
SRR22753442,0,0,,,,,5,,,,0,,,,,5,,,,HSV2_StrainG,EBV
SRR22753442,0,,,1,,,5,,,,,,1,,,5,,,,HSV2_StrainG,HHV6B
SRR22753442,0,,,,,41,5,,,,,,,,41,5,,,,HSV2_StrainG,HSV1_KOS
SRR22753442,0,,,,0,,5,,,,,,,0,,5,,,,HSV2_StrainG,HHV7
SRR22753442,0,,,,,,5,,0,,,,,,,5,,0,,HSV2_StrainG,VZV_Ellen
SRR22753442,0,,0,,,,,5,,,,0,,,,,5,,,HCMV,KSHV
SRR22753442,0,0,0,,,,,,,,0,0,,,,,,,,HCMV,EBV
SRR22753442,0,,0,1,,,,,,,,0,1,,,,,,,HCMV,HHV6B
SRR22753442,0,,0,,,41,,,,,,0,,,41,,,,,HCMV,HSV1_KOS
SRR22753442,0,,0,,0,,,,,,,0,,0,,,,,,HCMV,HHV7
SRR22753442,0,,0,,,,,,0,,,0,,,,,,0,,HCMV,VZV_Ellen
SRR22753442,0,0,,,,,,5,,,0,,,,,,5,,,KSHV,EBV
SRR22753442,0,,,1,,,,5,,,,,1,,,,5,,,KSHV,HHV6B
SRR22753442,0,,,,,41,,5,,,,,,,41,,5,,,KSHV,HSV1_KOS
SRR22753442,0,,,,0,,,5,,,,,,0,,,5,,,KSHV,HHV7
SRR22753442,0,,,,,,,5,0,,,,,,,,5,0,,KSHV,VZV_Ellen
SRR22753442,0,0,,1,,,,,,,0,,1,,,,,,,EBV,HHV6B
SRR22753442,0,0,,,,41,,,,,0,,,,41,,,,,EBV,HSV1_KOS
SRR22753442,0,0,,,0,,,,,,0,,,0,,,,,,EBV,HHV7
SRR22753442,0,0,,,,,,,0,,0,,,,,,,0,,EBV,VZV_Ellen
SRR22753442,0,,,1,,41,,,,,,,1,,41,,,,,HHV6B,HSV1_KOS
SRR22753442,0,,,1,0,,,,,,,,1,0,,,,,,HHV6B,HHV7
SRR22753442,0,,,1,,,,,0,,,,1,,,,,0,,HHV6B,VZV_Ellen
SRR22753442,0,,,,0,41,,,,,,,,0,41,,,,,HSV1_KOS,HHV7
SRR22753442,0,,,,,41,,,0,,,,,,41,,,0,,HSV1_KOS,VZV_Ellen
SRR22753442,0,,,,0,,,,0,,,,,0,,,,0,,HHV7,VZV_Ellen
SRR22753442,19,,,,,,,,,19,,,,,,,,,0,combined_herpes_viruses,combined_herpes_viruses
SRR22753442,5,,,,,,5,,,,,,,,,0,,,,HSV2_StrainG,HSV2_StrainG
SRR22753442,0,,0,,,,,,,,,0,,,,,,,,HCMV,HCMV
SRR22753442,5,,,,,,,5,,,,,,,,,0,,,KSHV,KSHV
SRR22753442,0,0,,,,,,,,,0,,,,,,,,,EBV,EBV
SRR22753442,1,,,1,,,,,,,,,0,,,,,,,HHV6B,HHV6B
SRR22753442,41,,,,,41,,,,,,,,,0,,,,,HSV1_KOS,HSV1_KOS
SRR22753442,0,,,,0,,,,,,,,,0,,,,,,HHV7,HHV7
SRR22753442,0,,,,,,,,0,,,,,,,,,0,,VZV_Ellen,VZV_Ellen
SRR22753555,0,,0,,,,,2,,,,0,,,,,2,,,KSHV,HCMV
SRR22753555,0,,,,,,,2,0,,,,,,,,2,0,,KSHV,VZV_Ellen
SRR22753555,0,,,,,0,,2,,,,,,,0,,2,,,KSHV,HSV1_KOS
SRR22753555,0,,,,,,,2,,0,,,,,,,2,,0,KSHV,combined_herpes_viruses
SRR22753555,0,,,,,,2,2,,,,,,,,2,2,,,KSHV,HSV2_StrainG
SRR22753555,0,,,,0,,,2,,,,,,0,,,2,,,KSHV,HHV7
SRR22753555,0,0,,,,,,2,,,0,,,,,,2,,,KSHV,EBV
SRR22753555,0,,,0,,,,2,,,,,0,,,,2,,,KSHV,HHV6B
SRR22753555,0,,0,,,,,,0,,,0,,,,,,0,,HCMV,VZV_Ellen
SRR22753555,0,,0,,,0,,,,,,0,,,0,,,,,HCMV,HSV1_KOS
SRR22753555,0,,0,,,,,,,0,,0,,,,,,,0,HCMV,combined_herpes_viruses
SRR22753555,0,,0,,,,2,,,,,0,,,,2,,,,HCMV,HSV2_StrainG
SRR22753555,0,,0,,0,,,,,,,0,,0,,,,,,HCMV,HHV7
SRR22753555,0,0,0,,,,,,,,0,0,,,,,,,,HCMV,EBV
SRR22753555,0,,0,0,,,,,,,,0,0,,,,,,,HCMV,HHV6B
SRR22753555,0,,,,,0,,,0,,,,,,0,,,0,,VZV_Ellen,HSV1_KOS
SRR22753555,0,,,,,,,,0,0,,,,,,,,0,0,VZV_Ellen,combined_herpes_viruses
SRR22753555,0,,,,,,2,,0,,,,,,,2,,0,,VZV_Ellen,HSV2_StrainG
SRR22753555,0,,,,0,,,,0,,,,,0,,,,0,,VZV_Ellen,HHV7
SRR22753555,0,0,,,,,,,0,,0,,,,,,,0,,VZV_Ellen,EBV
SRR22753555,0,,,0,,,,,0,,,,0,,,,,0,,VZV_Ellen,HHV6B
SRR22753555,0,,,,,0,,,,0,,,,,0,,,,0,HSV1_KOS,combined_herpes_viruses
SRR22753555,0,,,,,0,2,,,,,,,,0,2,,,,HSV1_KOS,HSV2_StrainG
SRR22753555,0,,,,0,0,,,,,,,,0,0,,,,,HSV1_KOS,HHV7
SRR22753555,0,0,,,,0,,,,,0,,,,0,,,,,HSV1_KOS,EBV
SRR22753555,0,,,0,,0,,,,,,,0,,0,,,,,HSV1_KOS,HHV6B
SRR22753555,0,,,,,,2,,,0,,,,,,2,,,0,combined_herpes_viruses,HSV2_StrainG
SRR22753555,0,,,,0,,,,,0,,,,0,,,,,0,combined_herpes_viruses,HHV7
SRR22753555,0,0,,,,,,,,0,0,,,,,,,,0,combined_herpes_viruses,EBV
SRR22753555,0,,,0,,,,,,0,,,0,,,,,,0,combined_herpes_viruses,HHV6B
SRR22753555,0,,,,0,,2,,,,,,,0,,2,,,,HSV2_StrainG,HHV7
SRR22753555,0,0,,,,,2,,,,0,,,,,2,,,,HSV2_StrainG,EBV
SRR22753555,0,,,0,,,2,,,,,,0,,,2,,,,HSV2_StrainG,HHV6B
SRR22753555,0,0,,,0,,,,,,0,,,0,,,,,,HHV7,EBV
SRR22753555,0,,,0,0,,,,,,,,0,0,,,,,,HHV7,HHV6B
SRR22753555,0,0,,0,,,,,,,0,,0,,,,,,,EBV,HHV6B
SRR22753555,2,,,,,,,2,,,,,,,,,0,,,KSHV,KSHV
SRR22753555,0,,0,,,,,,,,,0,,,,,,,,HCMV,HCMV
SRR22753555,0,,,,,,,,0,,,,,,,,,0,,VZV_Ellen,VZV_Ellen
SRR22753555,0,,,,,0,,,,,,,,,0,,,,,HSV1_KOS,HSV1_KOS
SRR22753555,0,,,,,,,,,0,,,,,,,,,0,combined_herpes_viruses,combined_herpes_viruses
SRR22753555,2,,,,,,2,,,,,,,,,0,,,,HSV2_StrainG,HSV2_StrainG
SRR22753555,0,,,,0,,,,,,,,,0,,,,,,HHV7,HHV7
SRR22753555,0,0,,,,,,,,,0,,,,,,,,,EBV,EBV
SRR22753555,0,,,0,,,,,,,,,0,,,,,,,HHV6B,HHV6B
SRR22753462,0,,,2,,,,,,119,,,2,,,,,,119,HHV6B,combined_herpes_viruses
SRR22753462,0,,0,2,,,,,,,,0,2,,,,,,,HHV6B,HCMV
SRR22753462,0,,,2,0,,,,,,,,2,0,,,,,,HHV6B,HHV7
SRR22753462,0,0,,2,,,,,,,0,,2,,,,,,,HHV6B,EBV
SRR22753462,0,,,2,,,1,,,,,,2,,,1,,,,HHV6B,HSV2_StrainG
SRR22753462,0,,,2,,,,,0,,,,2,,,,,0,,HHV6B,VZV_Ellen
SRR22753462,0,,,2,,163,,,,,,,2,,163,,,,,HHV6B,HSV1_KOS
SRR22753462,0,,,2,,,,11,,,,,2,,,,11,,,HHV6B,KSHV
SRR22753462,0,,0,,,,,,,119,,0,,,,,,,119,combined_herpes_viruses,HCMV
SRR22753462,0,,,,0,,,,,119,,,,0,,,,,119,combined_herpes_viruses,HHV7
SRR22753462,0,0,,,,,,,,119,0,,,,,,,,119,combined_herpes_viruses,EBV
SRR22753462,0,,,,,,1,,,119,,,,,,1,,,119,combined_herpes_viruses,HSV2_StrainG
SRR22753462,0,,,,,,,,0,119,,,,,,,,0,119,combined_herpes_viruses,VZV_Ellen
SRR22753462,99,,,,,163,,,,119,,,,,64,,,,20,combined_herpes_viruses,HSV1_KOS
SRR22753462,1,,,,,,,11,,119,,,,,,,10,,118,combined_herpes_viruses,KSHV
SRR22753462,0,,0,,0,,,,,,,0,,0,,,,,,HCMV,HHV7
SRR22753462,0,0,0,,,,,,,,0,0,,,,,,,,HCMV,EBV
SRR22753462,0,,0,,,,1,,,,,0,,,,1,,,,HCMV,HSV2_StrainG
SRR22753462,0,,0,,,,,,0,,,0,,,,,,0,,HCMV,VZV_Ellen
SRR22753462,0,,0,,,163,,,,,,0,,,163,,,,,HCMV,HSV1_KOS
SRR22753462,0,,0,,,,,11,,,,0,,,,,11,,,HCMV,KSHV
SRR22753462,0,0,,,0,,,,,,0,,,0,,,,,,HHV7,EBV
SRR22753462,0,,,,0,,1,,,,,,,0,,1,,,,HHV7,HSV2_StrainG
SRR22753462,0,,,,0,,,,0,,,,,0,,,,0,,HHV7,VZV_Ellen
SRR22753462,0,,,,0,163,,,,,,,,0,163,,,,,HHV7,HSV1_KOS
SRR22753462,0,,,,0,,,11,,,,,,0,,,11,,,HHV7,KSHV
SRR22753462,0,0,,,,,1,,,,0,,,,,1,,,,EBV,HSV2_StrainG
SRR22753462,0,0,,,,,,,0,,0,,,,,,,0,,EBV,VZV_Ellen
SRR22753462,0,0,,,,163,,,,,0,,,,163,,,,,EBV,HSV1_KOS
SRR22753462,0,0,,,,,,11,,,0,,,,,,11,,,EBV,KSHV
SRR22753462,0,,,,,,1,,0,,,,,,,1,,0,,HSV2_StrainG,VZV_Ellen
SRR22753462,0,,,,,163,1,,,,,,,,163,1,,,,HSV2_StrainG,HSV1_KOS
SRR22753462,0,,,,,,1,11,,,,,,,,1,11,,,HSV2_StrainG,KSHV
SRR22753462,0,,,,,163,,,0,,,,,,163,,,0,,VZV_Ellen,HSV1_KOS
SRR22753462,0,,,,,,,11,0,,,,,,,,11,0,,VZV_Ellen,KSHV
SRR22753462,0,,,,,163,,11,,,,,,,163,,11,,,HSV1_KOS,KSHV
SRR22753462,2,,,2,,,,,,,,,0,,,,,,,HHV6B,HHV6B
SRR22753462,119,,,,,,,,,119,,,,,,,,,0,combined_herpes_viruses,combined_herpes_viruses
SRR22753462,0,,0,,,,,,,,,0,,,,,,,,HCMV,HCMV
SRR22753462,0,,,,0,,,,,,,,,0,,,,,,HHV7,HHV7
SRR22753462,0,0,,,,,,,,,0,,,,,,,,,EBV,EBV
SRR22753462,1,,,,,,1,,,,,,,,,0,,,,HSV2_StrainG,HSV2_StrainG
SRR22753462,0,,,,,,,,0,,,,,,,,,0,,VZV_Ellen,VZV_Ellen
SRR22753462,163,,,,,163,,,,,,,,,0,,,,,HSV1_KOS,HSV1_KOS
SRR22753462,11,,,,,,,11,,,,,,,,,0,,,KSHV,KSHV
SRR22753434,0,,,,0,,,,0,,,,,0,,,,0,,VZV_Ellen,HHV7
SRR22753434,0,,,,,19,,,0,,,,,,19,,,0,,VZV_Ellen,HSV1_KOS
SRR22753434,0,,,,,,,,0,17,,,,,,,,0,17,VZV_Ellen,combined_herpes_viruses
SRR22753434,0,,0,,,,,,0,,,0,,,,,,0,,VZV_Ellen,HCMV
SRR22753434,0,,,,,,3,,0,,,,,,,3,,0,,VZV_Ellen,HSV2_StrainG
SRR22753434,0,0,,,,,,,0,,0,,,,,,,0,,VZV_Ellen,EBV
SRR22753434,0,,,1,,,,,0,,,,1,,,,,0,,VZV_Ellen,HHV6B
SRR22753434,0,,,,,,,7,0,,,,,,,,7,0,,VZV_Ellen,KSHV
SRR22753434,0,,,,0,19,,,,,,,,0,19,,,,,HHV7,HSV1_KOS
SRR22753434,0,,,,0,,,,,17,,,,0,,,,,17,HHV7,combined_herpes_viruses
SRR22753434,0,,0,,0,,,,,,,0,,0,,,,,,HHV7,HCMV
SRR22753434,0,,,,0,,3,,,,,,,0,,3,,,,HHV7,HSV2_StrainG
SRR22753434,0,0,,,0,,,,,,0,,,0,,,,,,HHV7,EBV
SRR22753434,0,,,1,0,,,,,,,,1,0,,,,,,HHV7,HHV6B
SRR22753434,0,,,,0,,,7,,,,,,0,,,7,,,HHV7,KSHV
SRR22753434,10,,,,,19,,,,17,,,,,9,,,,7,HSV1_KOS,combined_herpes_viruses
SRR22753434,0,,0,,,19,,,,,,0,,,19,,,,,HSV1_KOS,HCMV
SRR22753434,0,,,,,19,3,,,,,,,,19,3,,,,HSV1_KOS,HSV2_StrainG
SRR22753434,0,0,,,,19,,,,,0,,,,19,,,,,HSV1_KOS,EBV
SRR22753434,0,,,1,,19,,,,,,,1,,19,,,,,HSV1_KOS,HHV6B
SRR22753434,0,,,,,19,,7,,,,,,,19,,7,,,HSV1_KOS,KSHV
SRR22753434,0,,0,,,,,,,17,,0,,,,,,,17,combined_herpes_viruses,HCMV
SRR22753434,1,,,,,,3,,,17,,,,,,2,,,16,combined_herpes_viruses,HSV2_StrainG
SRR22753434,0,0,,,,,,,,17,0,,,,,,,,17,combined_herpes_viruses,EBV
SRR22753434,1,,,1,,,,,,17,,,0,,,,,,16,combined_herpes_viruses,HHV6B
SRR22753434,2,,,,,,,7,,17,,,,,,,5,,15,combined_herpes_viruses,KSHV
SRR22753434,0,,0,,,,3,,,,,0,,,,3,,,,HCMV,HSV2_StrainG
SRR22753434,0,0,0,,,,,,,,0,0,,,,,,,,HCMV,EBV
SRR22753434,0,,0,1,,,,,,,,0,1,,,,,,,HCMV,HHV6B
SRR22753434,0,,0,,,,,7,,,,0,,,,,7,,,HCMV,KSHV
SRR22753434,0,0,,,,,3,,,,0,,,,,3,,,,HSV2_StrainG,EBV
SRR22753434,1,,,1,,,3,,,,,,0,,,2,,,,HSV2_StrainG,HHV6B
SRR22753434,1,,,,,,3,7,,,,,,,,2,6,,,HSV2_StrainG,KSHV
SRR22753434,0,0,,1,,,,,,,0,,1,,,,,,,EBV,HHV6B
SRR22753434,0,0,,,,,,7,,,0,,,,,,7,,,EBV,KSHV
SRR22753434,1,,,1,,,,7,,,,,0,,,,6,,,HHV6B,KSHV
SRR22753434,0,,,,,,,,0,,,,,,,,,0,,VZV_Ellen,VZV_Ellen
SRR22753434,0,,,,0,,,,,,,,,0,,,,,,HHV7,HHV7
SRR22753434,19,,,,,19,,,,,,,,,0,,,,,HSV1_KOS,HSV1_KOS
SRR22753434,17,,,,,,,,,17,,,,,,,,,0,combined_herpes_viruses,combined_herpes_viruses
SRR22753434,0,,0,,,,,,,,,0,,,,,,,,HCMV,HCMV
SRR22753434,3,,,,,,3,,,,,,,,,0,,,,HSV2_StrainG,HSV2_StrainG
SRR22753434,0,0,,,,,,,,,0,,,,,,,,,EBV,EBV
SRR22753434,1,,,1,,,,,,,,,0,,,,,,,HHV6B,HHV6B
SRR22753434,7,,,,,,,7,,,,,,,,,0,,,KSHV,KSHV
SRR22753440,0,,,0,,,,,,18,,,0,,,,,,18,HHV6B,combined_herpes_viruses
SRR22753440,0,,,0,0,,,,,,,,0,0,,,,,,HHV6B,HHV7
SRR22753440,0,,,0,,,1,,,,,,0,,,1,,,,HHV6B,HSV2_StrainG
SRR22753440,0,,,0,,25,,,,,,,0,,25,,,,,HHV6B,HSV1_KOS
SRR22753440,0,,,0,,,,,0,,,,0,,,,,0,,HHV6B,VZV_Ellen
SRR22753440,0,0,,0,,,,,,,0,,0,,,,,,,HHV6B,EBV
SRR22753440,0,,0,0,,,,,,,,0,0,,,,,,,HHV6B,HCMV
SRR22753440,0,,,0,,,,2,,,,,0,,,,2,,,HHV6B,KSHV
SRR22753440,0,,,,0,,,,,18,,,,0,,,,,18,combined_herpes_viruses,HHV7
SRR22753440,0,,,,,,1,,,18,,,,,,1,,,18,combined_herpes_viruses,HSV2_StrainG
SRR22753440,13,,,,,25,,,,18,,,,,12,,,,5,combined_herpes_viruses,HSV1_KOS
SRR22753440,0,,,,,,,,0,18,,,,,,,,0,18,combined_herpes_viruses,VZV_Ellen
SRR22753440,0,0,,,,,,,,18,0,,,,,,,,18,combined_herpes_viruses,EBV
SRR22753440,0,,0,,,,,,,18,,0,,,,,,,18,combined_herpes_viruses,HCMV
SRR22753440,1,,,,,,,2,,18,,,,,,,1,,17,combined_herpes_viruses,KSHV
SRR22753440,0,,,,0,,1,,,,,,,0,,1,,,,HHV7,HSV2_StrainG
SRR22753440,0,,,,0,25,,,,,,,,0,25,,,,,HHV7,HSV1_KOS
SRR22753440,0,,,,0,,,,0,,,,,0,,,,0,,HHV7,VZV_Ellen
SRR22753440,0,0,,,0,,,,,,0,,,0,,,,,,HHV7,EBV
SRR22753440,0,,0,,0,,,,,,,0,,0,,,,,,HHV7,HCMV
SRR22753440,0,,,,0,,,2,,,,,,0,,,2,,,HHV7,KSHV
SRR22753440,0,,,,,25,1,,,,,,,,25,1,,,,HSV2_StrainG,HSV1_KOS
SRR22753440,0,,,,,,1,,0,,,,,,,1,,0,,HSV2_StrainG,VZV_Ellen
SRR22753440,0,0,,,,,1,,,,0,,,,,1,,,,HSV2_StrainG,EBV
SRR22753440,0,,0,,,,1,,,,,0,,,,1,,,,HSV2_StrainG,HCMV
SRR22753440,0,,,,,,1,2,,,,,,,,1,2,,,HSV2_StrainG,KSHV
SRR22753440,0,,,,,25,,,0,,,,,,25,,,0,,HSV1_KOS,VZV_Ellen
SRR22753440,0,0,,,,25,,,,,0,,,,25,,,,,HSV1_KOS,EBV
SRR22753440,0,,0,,,25,,,,,,0,,,25,,,,,HSV1_KOS,HCMV
SRR22753440,0,,,,,25,,2,,,,,,,25,,2,,,HSV1_KOS,KSHV
SRR22753440,0,0,,,,,,,0,,0,,,,,,,0,,VZV_Ellen,EBV
SRR22753440,0,,0,,,,,,0,,,0,,,,,,0,,VZV_Ellen,HCMV
SRR22753440,0,,,,,,,2,0,,,,,,,,2,0,,VZV_Ellen,KSHV
SRR22753440,0,0,0,,,,,,,,0,0,,,,,,,,EBV,HCMV
SRR22753440,0,0,,,,,,2,,,0,,,,,,2,,,EBV,KSHV
SRR22753440,0,,0,,,,,2,,,,0,,,,,2,,,HCMV,KSHV
SRR22753440,0,,,0,,,,,,,,,0,,,,,,,HHV6B,HHV6B
SRR22753440,18,,,,,,,,,18,,,,,,,,,0,combined_herpes_viruses,combined_herpes_viruses
SRR22753440,0,,,,0,,,,,,,,,0,,,,,,HHV7,HHV7
SRR22753440,1,,,,,,1,,,,,,,,,0,,,,HSV2_StrainG,HSV2_StrainG
SRR22753440,25,,,,,25,,,,,,,,,0,,,,,HSV1_KOS,HSV1_KOS
SRR22753440,0,,,,,,,,0,,,,,,,,,0,,VZV_Ellen,VZV_Ellen
SRR22753440,0,0,,,,,,,,,0,,,,,,,,,EBV,EBV
SRR22753440,0,,0,,,,,,,,,0,,,,,,,,HCMV,HCMV
SRR22753440,2,,,,,,,2,,,,,,,,,0,,,KSHV,KSHV
SRR22753398,0,,,,,54,,,0,,,,,,54,,,0,,HSV1_KOS,VZV_Ellen
SRR22753398,0,0,,,,54,,,,,0,,,,54,,,,,HSV1_KOS,EBV
SRR22753398,0,,,4,,54,,,,,,,4,,54,,,,,HSV1_KOS,HHV6B
SRR22753398,0,,,,0,54,,,,,,,,0,54,,,,,HSV1_KOS,HHV7
SRR22753398,0,,,,,54,,37,,,,,,,54,,37,,,HSV1_KOS,KSHV
SRR22753398,27,,,,,54,,,,46,,,,,27,,,,19,HSV1_KOS,combined_herpes_viruses
SRR22753398,0,,0,,,54,,,,,,0,,,54,,,,,HSV1_KOS,HCMV
SRR22753398,0,,,,,54,32,,,,,,,,54,32,,,,HSV1_KOS,HSV2_StrainG
SRR22753398,0,0,,,,,,,0,,0,,,,,,,0,,VZV_Ellen,EBV
SRR22753398,0,,,4,,,,,0,,,,4,,,,,0,,VZV_Ellen,HHV6B
SRR22753398,0,,,,0,,,,0,,,,,0,,,,0,,VZV_Ellen,HHV7
SRR22753398,0,,,,,,,37,0,,,,,,,,37,0,,VZV_Ellen,KSHV
SRR22753398,0,,,,,,,,0,46,,,,,,,,0,46,VZV_Ellen,combined_herpes_viruses
SRR22753398,0,,0,,,,,,0,,,0,,,,,,0,,VZV_Ellen,HCMV
SRR22753398,0,,,,,,32,,0,,,,,,,32,,0,,VZV_Ellen,HSV2_StrainG
SRR22753398,0,0,,4,,,,,,,0,,4,,,,,,,EBV,HHV6B
SRR22753398,0,0,,,0,,,,,,0,,,0,,,,,,EBV,HHV7
SRR22753398,0,0,,,,,,37,,,0,,,,,,37,,,EBV,KSHV
SRR22753398,0,0,,,,,,,,46,0,,,,,,,,46,EBV,combined_herpes_viruses
SRR22753398,0,0,0,,,,,,,,0,0,,,,,,,,EBV,HCMV
SRR22753398,0,0,,,,,32,,,,0,,,,,32,,,,EBV,HSV2_StrainG
SRR22753398,0,,,4,0,,,,,,,,4,0,,,,,,HHV6B,HHV7
SRR22753398,1,,,4,,,,37,,,,,3,,,,36,,,HHV6B,KSHV
SRR22753398,2,,,4,,,,,,46,,,2,,,,,,44,HHV6B,combined_herpes_viruses
SRR22753398,0,,0,4,,,,,,,,0,4,,,,,,,HHV6B,HCMV
SRR22753398,0,,,4,,,32,,,,,,4,,,32,,,,HHV6B,HSV2_StrainG
SRR22753398,0,,,,0,,,37,,,,,,0,,,37,,,HHV7,KSHV
SRR22753398,0,,,,0,,,,,46,,,,0,,,,,46,HHV7,combined_herpes_viruses
SRR22753398,0,,0,,0,,,,,,,0,,0,,,,,,HHV7,HCMV
SRR22753398,0,,,,0,,32,,,,,,,0,,32,,,,HHV7,HSV2_StrainG
SRR22753398,6,,,,,,,37,,46,,,,,,,31,,40,KSHV,combined_herpes_viruses
SRR22753398,0,,0,,,,,37,,,,0,,,,,37,,,KSHV,HCMV
SRR22753398,0,,,,,,32,37,,,,,,,,32,37,,,KSHV,HSV2_StrainG
SRR22753398,0,,0,,,,,,,46,,0,,,,,,,46,combined_herpes_viruses,HCMV
SRR22753398,0,,,,,,32,,,46,,,,,,32,,,46,combined_herpes_viruses,HSV2_StrainG
SRR22753398,0,,0,,,,32,,,,,0,,,,32,,,,HCMV,HSV2_StrainG
SRR22753398,54,,,,,54,,,,,,,,,0,,,,,HSV1_KOS,HSV1_KOS
SRR22753398,0,,,,,,,,0,,,,,,,,,0,,VZV_Ellen,VZV_Ellen
SRR22753398,0,0,,,,,,,,,0,,,,,,,,,EBV,EBV
SRR22753398,4,,,4,,,,,,,,,0,,,,,,,HHV6B,HHV6B
SRR22753398,0,,,,0,,,,,,,,,0,,,,,,HHV7,HHV7
SRR22753398,37,,,,,,,37,,,,,,,,,0,,,KSHV,KSHV
SRR22753398,46,,,,,,,,,46,,,,,,,,,0,combined_herpes_viruses,combined_herpes_viruses
SRR22753398,0,,0,,,,,,,,,0,,,,,,,,HCMV,HCMV
SRR22753398,32,,,,,,32,,,,,,,,,0,,,,HSV2_StrainG,HSV2_StrainG
SRR22753491,0,,,,0,,,,,4,,,,0,,,,,4,combined_herpes_viruses,HHV7
SRR22753491,0,,1,,,,,,,4,,1,,,,,,,4,combined_herpes_viruses,HCMV
SRR22753491,0,,,,,,,,0,4,,,,,,,,0,4,combined_herpes_viruses,VZV_Ellen
SRR22753491,0,,,,,,8,,,4,,,,,,8,,,4,combined_herpes_viruses,HSV2_StrainG
SRR22753491,2,,,,,,,10,,4,,,,,,,8,,2,combined_herpes_viruses,KSHV
SRR22753491,0,,,1,,,,,,4,,,1,,,,,,4,combined_herpes_viruses,HHV6B
SRR22753491,0,1,,,,,,,,4,1,,,,,,,,4,combined_herpes_viruses,EBV
SRR22753491,1,,,,,5,,,,4,,,,,4,,,,3,combined_herpes_viruses,HSV1_KOS
SRR22753491,0,,1,,0,,,,,,,1,,0,,,,,,HHV7,HCMV
SRR22753491,0,,,,0,,,,0,,,,,0,,,,0,,HHV7,VZV_Ellen
SRR22753491,0,,,,0,,8,,,,,,,0,,8,,,,HHV7,HSV2_StrainG
SRR22753491,0,,,,0,,,10,,,,,,0,,,10,,,HHV7,KSHV
SRR22753491,0,,,1,0,,,,,,,,1,0,,,,,,HHV7,HHV6B
SRR22753491,0,1,,,0,,,,,,1,,,0,,,,,,HHV7,EBV
SRR22753491,0,,,,0,5,,,,,,,,0,5,,,,,HHV7,HSV1_KOS
SRR22753491,0,,1,,,,,,0,,,1,,,,,,0,,HCMV,VZV_Ellen
SRR22753491,0,,1,,,,8,,,,,1,,,,8,,,,HCMV,HSV2_StrainG
SRR22753491,0,,1,,,,,10,,,,1,,,,,10,,,HCMV,KSHV
SRR22753491,0,,1,1,,,,,,,,1,1,,,,,,,HCMV,HHV6B
SRR22753491,0,1,1,,,,,,,,1,1,,,,,,,,HCMV,EBV
SRR22753491,0,,1,,,5,,,,,,1,,,5,,,,,HCMV,HSV1_KOS
SRR22753491,0,,,,,,8,,0,,,,,,,8,,0,,VZV_Ellen,HSV2_StrainG
SRR22753491,0,,,,,,,10,0,,,,,,,,10,0,,VZV_Ellen,KSHV
SRR22753491,0,,,1,,,,,0,,,,1,,,,,0,,VZV_Ellen,HHV6B
SRR22753491,0,1,,,,,,,0,,1,,,,,,,0,,VZV_Ellen,EBV
SRR22753491,0,,,,,5,,,0,,,,,,5,,,0,,VZV_Ellen,HSV1_KOS
SRR22753491,0,,,,,,8,10,,,,,,,,8,10,,,HSV2_StrainG,KSHV
SRR22753491,0,,,1,,,8,,,,,,1,,,8,,,,HSV2_StrainG,HHV6B
SRR22753491,0,1,,,,,8,,,,1,,,,,8,,,,HSV2_StrainG,EBV
SRR22753491,1,,,,,5,8,,,,,,,,4,7,,,,HSV2_StrainG,HSV1_KOS
SRR22753491,0,,,1,,,,10,,,,,1,,,,10,,,KSHV,HHV6B
SRR22753491,0,1,,,,,,10,,,1,,,,,,10,,,KSHV,EBV
SRR22753491,0,,,,,5,,10,,,,,,,5,,10,,,KSHV,HSV1_KOS
SRR22753491,0,1,,1,,,,,,,1,,1,,,,,,,HHV6B,EBV
SRR22753491,0,,,1,,5,,,,,,,1,,5,,,,,HHV6B,HSV1_KOS
SRR22753491,0,1,,,,5,,,,,1,,,,5,,,,,EBV,HSV1_KOS
SRR22753491,4,,,,,,,,,4,,,,,,,,,0,combined_herpes_viruses,combined_herpes_viruses
SRR22753491,0,,,,0,,,,,,,,,0,,,,,,HHV7,HHV7
SRR22753491,1,,1,,,,,,,,,0,,,,,,,,HCMV,HCMV
SRR22753491,0,,,,,,,,0,,,,,,,,,0,,VZV_Ellen,VZV_Ellen
SRR22753491,8,,,,,,8,,,,,,,,,0,,,,HSV2_StrainG,HSV2_StrainG
SRR22753491,10,,,,,,,10,,,,,,,,,0,,,KSHV,KSHV
SRR22753491,1,,,1,,,,,,,,,0,,,,,,,HHV6B,HHV6B
SRR22753491,1,1,,,,,,,,,0,,,,,,,,,EBV,EBV
SRR22753491,5,,,,,5,,,,,,,,,0,,,,,HSV1_KOS,HSV1_KOS
SRR22753576,0,,,,0,,,,0,,,,,0,,,,0,,VZV_Ellen,HHV7
SRR22753576,0,,,0,,,,,0,,,,0,,,,,0,,VZV_Ellen,HHV6B
SRR22753576,0,,,,,113,,,0,,,,,,113,,,0,,VZV_Ellen,HSV1_KOS
SRR22753576,0,,,,,,2,,0,,,,,,,2,,0,,VZV_Ellen,HSV2_StrainG
SRR22753576,0,0,,,,,,,0,,0,,,,,,,0,,VZV_Ellen,EBV
SRR22753576,0,,,,,,,,0,77,,,,,,,,0,77,VZV_Ellen,combined_herpes_viruses
SRR22753576,0,,,,,,,3,0,,,,,,,,3,0,,VZV_Ellen,KSHV
SRR22753576,0,,1,,,,,,0,,,1,,,,,,0,,VZV_Ellen,HCMV
SRR22753576,0,,,0,0,,,,,,,,0,0,,,,,,HHV7,HHV6B
SRR22753576,0,,,,0,113,,,,,,,,0,113,,,,,HHV7,HSV1_KOS
SRR22753576,0,,,,0,,2,,,,,,,0,,2,,,,HHV7,HSV2_StrainG
SRR22753576,0,0,,,0,,,,,,0,,,0,,,,,,HHV7,EBV
SRR22753576,0,,,,0,,,,,77,,,,0,,,,,77,HHV7,combined_herpes_viruses
SRR22753576,0,,,,0,,,3,,,,,,0,,,3,,,HHV7,KSHV
SRR22753576,0,,1,,0,,,,,,,1,,0,,,,,,HHV7,HCMV
SRR22753576,0,,,0,,113,,,,,,,0,,113,,,,,HHV6B,HSV1_KOS
SRR22753576,0,,,0,,,2,,,,,,0,,,2,,,,HHV6B,HSV2_StrainG
SRR22753576,0,0,,0,,,,,,,0,,0,,,,,,,HHV6B,EBV
SRR22753576,0,,,0,,,,,,77,,,0,,,,,,77,HHV6B,combined_herpes_viruses
SRR22753576,0,,,0,,,,3,,,,,0,,,,3,,,HHV6B,KSHV
SRR22753576,0,,1,0,,,,,,,,1,0,,,,,,,HHV6B,HCMV
SRR22753576,0,,,,,113,2,,,,,,,,113,2,,,,HSV1_KOS,HSV2_StrainG
SRR22753576,0,0,,,,113,,,,,0,,,,113,,,,,HSV1_KOS,EBV
SRR22753576,61,,,,,113,,,,77,,,,,52,,,,16,HSV1_KOS,combined_herpes_viruses
SRR22753576,0,,,,,113,,3,,,,,,,113,,3,,,HSV1_KOS,KSHV
SRR22753576,0,,1,,,113,,,,,,1,,,113,,,,,HSV1_KOS,HCMV
SRR22753576,0,0,,,,,2,,,,0,,,,,2,,,,HSV2_StrainG,EBV
SRR22753576,0,,,,,,2,,,77,,,,,,2,,,77,HSV2_StrainG,combined_herpes_viruses
SRR22753576,0,,,,,,2,3,,,,,,,,2,3,,,HSV2_StrainG,KSHV
SRR22753576,0,,1,,,,2,,,,,1,,,,2,,,,HSV2_StrainG,HCMV
SRR22753576,0,0,,,,,,,,77,0,,,,,,,,77,EBV,combined_herpes_viruses
SRR22753576,0,0,,,,,,3,,,0,,,,,,3,,,EBV,KSHV
SRR22753576,0,0,1,,,,,,,,0,1,,,,,,,,EBV,HCMV
SRR22753576,0,,,,,,,3,,77,,,,,,,3,,77,combined_herpes_viruses,KSHV
SRR22753576,0,,1,,,,,,,77,,1,,,,,,,77,combined_herpes_viruses,HCMV
SRR22753576,0,,1,,,,,3,,,,1,,,,,3,,,KSHV,HCMV
SRR22753576,0,,,,,,,,0,,,,,,,,,0,,VZV_Ellen,VZV_Ellen
SRR22753576,0,,,,0,,,,,,,,,0,,,,,,HHV7,HHV7
SRR22753576,0,,,0,,,,,,,,,0,,,,,,,HHV6B,HHV6B
SRR22753576,113,,,,,113,,,,,,,,,0,,,,,HSV1_KOS,HSV1_KOS
SRR22753576,2,,,,,,2,,,,,,,,,0,,,,HSV2_StrainG,HSV2_StrainG
SRR22753576,0,0,,,,,,,,,0,,,,,,,,,EBV,EBV
SRR22753576,77,,,,,,,,,77,,,,,,,,,0,combined_herpes_viruses,combined_herpes_viruses
SRR22753576,3,,,,,,,3,,,,,,,,,0,,,KSHV,KSHV
SRR22753576,1,,1,,,,,,,,,0,,,,,,,,HCMV,HCMV
SRR22753551,2,,,,,5,,,,6,,,,,3,,,,4,combined_herpes_viruses,HSV1_KOS
SRR22753551,0,,,1,,,,,,6,,,1,,,,,,6,combined_herpes_viruses,HHV6B
SRR22753551,1,,,,,,,7,,6,,,,,,,6,,5,combined_herpes_viruses,KSHV
SRR22753551,0,,,,,,3,,,6,,,,,,3,,,6,combined_herpes_viruses,HSV2_StrainG
SRR22753551,0,0,,,,,,,,6,0,,,,,,,,6,combined_herpes_viruses,EBV
SRR22753551,0,,,,0,,,,,6,,,,0,,,,,6,combined_herpes_viruses,HHV7
SRR22753551,0,,,,,,,,0,6,,,,,,,,0,6,combined_herpes_viruses,VZV_Ellen
SRR22753551,0,,0,,,,,,,6,,0,,,,,,,6,combined_herpes_viruses,HCMV
SRR22753551,0,,,1,,5,,,,,,,1,,5,,,,,HSV1_KOS,HHV6B
SRR22753551,0,,,,,5,,7,,,,,,,5,,7,,,HSV1_KOS,KSHV
SRR22753551,0,,,,,5,3,,,,,,,,5,3,,,,HSV1_KOS,HSV2_StrainG
SRR22753551,0,0,,,,5,,,,,0,,,,5,,,,,HSV1_KOS,EBV
SRR22753551,0,,,,0,5,,,,,,,,0,5,,,,,HSV1_KOS,HHV7
SRR22753551,0,,,,,5,,,0,,,,,,5,,,0,,HSV1_KOS,VZV_Ellen
SRR22753551,0,,0,,,5,,,,,,0,,,5,,,,,HSV1_KOS,HCMV
SRR22753551,0,,,1,,,,7,,,,,1,,,,7,,,HHV6B,KSHV
SRR22753551,0,,,1,,,3,,,,,,1,,,3,,,,HHV6B,HSV2_StrainG
SRR22753551,0,0,,1,,,,,,,0,,1,,,,,,,HHV6B,EBV
SRR22753551,0,,,1,0,,,,,,,,1,0,,,,,,HHV6B,HHV7
SRR22753551,0,,,1,,,,,0,,,,1,,,,,0,,HHV6B,VZV_Ellen
SRR22753551,0,,0,1,,,,,,,,0,1,,,,,,,HHV6B,HCMV
SRR22753551,0,,,,,,3,7,,,,,,,,3,7,,,KSHV,HSV2_StrainG
SRR22753551,0,0,,,,,,7,,,0,,,,,,7,,,KSHV,EBV
SRR22753551,0,,,,0,,,7,,,,,,0,,,7,,,KSHV,HHV7
SRR22753551,0,,,,,,,7,0,,,,,,,,7,0,,KSHV,VZV_Ellen
SRR22753551,0,,0,,,,,7,,,,0,,,,,7,,,KSHV,HCMV
SRR22753551,0,0,,,,,3,,,,0,,,,,3,,,,HSV2_StrainG,EBV
SRR22753551,0,,,,0,,3,,,,,,,0,,3,,,,HSV2_StrainG,HHV7
SRR22753551,0,,,,,,3,,0,,,,,,,3,,0,,HSV2_StrainG,VZV_Ellen
SRR22753551,0,,0,,,,3,,,,,0,,,,3,,,,HSV2_StrainG,HCMV
SRR22753551,0,0,,,0,,,,,,0,,,0,,,,,,EBV,HHV7
SRR22753551,0,0,,,,,,,0,,0,,,,,,,0,,EBV,VZV_Ellen
SRR22753551,0,0,0,,,,,,,,0,0,,,,,,,,EBV,HCMV
SRR22753551,0,,,,0,,,,0,,,,,0,,,,0,,HHV7,VZV_Ellen
SRR22753551,0,,0,,0,,,,,,,0,,0,,,,,,HHV7,HCMV
SRR22753551,0,,0,,,,,,0,,,0,,,,,,0,,VZV_Ellen,HCMV
SRR22753551,6,,,,,,,,,6,,,,,,,,,0,combined_herpes_viruses,combined_herpes_viruses
SRR22753551,5,,,,,5,,,,,,,,,0,,,,,HSV1_KOS,HSV1_KOS
SRR22753551,1,,,1,,,,,,,,,0,,,,,,,HHV6B,HHV6B
SRR22753551,7,,,,,,,7,,,,,,,,,0,,,KSHV,KSHV
SRR22753551,3,,,,,,3,,,,,,,,,0,,,,HSV2_StrainG,HSV2_StrainG
SRR22753551,0,0,,,,,,,,,0,,,,,,,,,EBV,EBV
SRR22753551,0,,,,0,,,,,,,,,0,,,,,,HHV7,HHV7
SRR22753551,0,,,,,,,,0,,,,,,,,,0,,VZV_Ellen,VZV_Ellen
SRR22753551,0,,0,,,,,,,,,0,,,,,,,,HCMV,HCMV
SRR22753430,0,,0,,,,,,0,,,0,,,,,,0,,VZV_Ellen,HCMV
SRR22753430,0,0,,,,,,,0,,0,,,,,,,0,,VZV_Ellen,EBV
SRR22753430,0,,,,,,,3,0,,,,,,,,3,0,,VZV_Ellen,KSHV
SRR22753430,0,,,,,,,,0,6,,,,,,,,0,6,VZV_Ellen,combined_herpes_viruses
SRR22753430,0,,,,0,,,,0,,,,,0,,,,0,,VZV_Ellen,HHV7
SRR22753430,0,,,1,,,,,0,,,,1,,,,,0,,VZV_Ellen,HHV6B
SRR22753430,0,,,,,7,,,0,,,,,,7,,,0,,VZV_Ellen,HSV1_KOS
SRR22753430,0,,,,,,2,,0,,,,,,,2,,0,,VZV_Ellen,HSV2_StrainG
SRR22753430,0,0,0,,,,,,,,0,0,,,,,,,,HCMV,EBV
SRR22753430,0,,0,,,,,3,,,,0,,,,,3,,,HCMV,KSHV
SRR22753430,0,,0,,,,,,,6,,0,,,,,,,6,HCMV,combined_herpes_viruses
SRR22753430,0,,0,,0,,,,,,,0,,0,,,,,,HCMV,HHV7
SRR22753430,0,,0,1,,,,,,,,0,1,,,,,,,HCMV,HHV6B
SRR22753430,0,,0,,,7,,,,,,0,,,7,,,,,HCMV,HSV1_KOS
SRR22753430,0,,0,,,,2,,,,,0,,,,2,,,,HCMV,HSV2_StrainG
SRR22753430,0,0,,,,,,3,,,0,,,,,,3,,,EBV,KSHV
SRR22753430,0,0,,,,,,,,6,0,,,,,,,,6,EBV,combined_herpes_viruses
SRR22753430,0,0,,,0,,,,,,0,,,0,,,,,,EBV,HHV7
SRR22753430,0,0,,1,,,,,,,0,,1,,,,,,,EBV,HHV6B
SRR22753430,0,0,,,,7,,,,,0,,,,7,,,,,EBV,HSV1_KOS
SRR22753430,0,0,,,,,2,,,,0,,,,,2,,,,EBV,HSV2_StrainG
SRR22753430,1,,,,,,,3,,6,,,,,,,2,,5,KSHV,combined_herpes_viruses
SRR22753430,0,,,,0,,,3,,,,,,0,,,3,,,KSHV,HHV7
SRR22753430,1,,,1,,,,3,,,,,0,,,,2,,,KSHV,HHV6B
SRR22753430,1,,,,,7,,3,,,,,,,6,,2,,,KSHV,HSV1_KOS
SRR22753430,0,,,,,,2,3,,,,,,,,2,3,,,KSHV,HSV2_StrainG
SRR22753430,0,,,,0,,,,,6,,,,0,,,,,6,combined_herpes_viruses,HHV7
SRR22753430,1,,,1,,,,,,6,,,0,,,,,,5,combined_herpes_viruses,HHV6B
SRR22753430,1,,,,,7,,,,6,,,,,6,,,,5,combined_herpes_viruses,HSV1_KOS
SRR22753430,0,,,,,,2,,,6,,,,,,2,,,6,combined_herpes_viruses,HSV2_StrainG
SRR22753430,0,,,1,0,,,,,,,,1,0,,,,,,HHV7,HHV6B
SRR22753430,0,,,,0,7,,,,,,,,0,7,,,,,HHV7,HSV1_KOS
SRR22753430,0,,,,0,,2,,,,,,,0,,2,,,,HHV7,HSV2_StrainG
SRR22753430,0,,,1,,7,,,,,,,1,,7,,,,,HHV6B,HSV1_KOS
SRR22753430,0,,,1,,,2,,,,,,1,,,2,,,,HHV6B,HSV2_StrainG
SRR22753430,0,,,,,7,2,,,,,,,,7,2,,,,HSV1_KOS,HSV2_StrainG
SRR22753430,0,,,,,,,,0,,,,,,,,,0,,VZV_Ellen,VZV_Ellen
SRR22753430,0,,0,,,,,,,,,0,,,,,,,,HCMV,HCMV
SRR22753430,0,0,,,,,,,,,0,,,,,,,,,EBV,EBV
SRR22753430,3,,,,,,,3,,,,,,,,,0,,,KSHV,KSHV
SRR22753430,6,,,,,,,,,6,,,,,,,,,0,combined_herpes_viruses,combined_herpes_viruses
SRR22753430,0,,,,0,,,,,,,,,0,,,,,,HHV7,HHV7
SRR22753430,1,,,1,,,,,,,,,0,,,,,,,HHV6B,HHV6B
SRR22753430,7,,,,,7,,,,,,,,,0,,,,,HSV1_KOS,HSV1_KOS
SRR22753430,2,,,,,,2,,,,,,,,,0,,,,HSV2_StrainG,HSV2_StrainG
SRR22753574,0,,,4,,,,,0,,,,4,,,,,0,,HHV6B,VZV_Ellen
SRR22753574,1,,,4,,,,,,40,,,3,,,,,,39,HHV6B,combined_herpes_viruses
SRR22753574,0,,0,4,,,,,,,,0,4,,,,,,,HHV6B,HCMV
SRR22753574,0,,,4,,,,1,,,,,4,,,,1,,,HHV6B,KSHV
SRR22753574,0,0,,4,,,,,,,0,,4,,,,,,,HHV6B,EBV
SRR22753574,0,,,4,,54,,,,,,,4,,54,,,,,HHV6B,HSV1_KOS
SRR22753574,0,,,4,0,,,,,,,,4,0,,,,,,HHV6B,HHV7
SRR22753574,3,,,4,,,4,,,,,,1,,,1,,,,HHV6B,HSV2_StrainG
SRR22753574,0,,,,,,,,0,40,,,,,,,,0,40,VZV_Ellen,combined_herpes_viruses
SRR22753574,0,,0,,,,,,0,,,0,,,,,,0,,VZV_Ellen,HCMV
SRR22753574,0,,,,,,,1,0,,,,,,,,1,0,,VZV_Ellen,KSHV
SRR22753574,0,0,,,,,,,0,,0,,,,,,,0,,VZV_Ellen,EBV
SRR22753574,0,,,,,54,,,0,,,,,,54,,,0,,VZV_Ellen,HSV1_KOS
SRR22753574,0,,,,0,,,,0,,,,,0,,,,0,,VZV_Ellen,HHV7
SRR22753574,0,,,,,,4,,0,,,,,,,4,,0,,VZV_Ellen,HSV2_StrainG
SRR22753574,0,,0,,,,,,,40,,0,,,,,,,40,combined_herpes_viruses,HCMV
SRR22753574,0,,,,,,,1,,40,,,,,,,1,,40,combined_herpes_viruses,KSHV
SRR22753574,0,0,,,,,,,,40,0,,,,,,,,40,combined_herpes_viruses,EBV
SRR22753574,31,,,,,54,,,,40,,,,,23,,,,9,combined_herpes_viruses,HSV1_KOS
SRR22753574,0,,,,0,,,,,40,,,,0,,,,,40,combined_herpes_viruses,HHV7
SRR22753574,1,,,,,,4,,,40,,,,,,3,,,39,combined_herpes_viruses,HSV2_StrainG
SRR22753574,0,,0,,,,,1,,,,0,,,,,1,,,HCMV,KSHV
SRR22753574,0,0,0,,,,,,,,0,0,,,,,,,,HCMV,EBV
SRR22753574,0,,0,,,54,,,,,,0,,,54,,,,,HCMV,HSV1_KOS
SRR22753574,0,,0,,0,,,,,,,0,,0,,,,,,HCMV,HHV7
SRR22753574,0,,0,,,,4,,,,,0,,,,4,,,,HCMV,HSV2_StrainG
SRR22753574,0,0,,,,,,1,,,0,,,,,,1,,,KSHV,EBV
SRR22753574,0,,,,,54,,1,,,,,,,54,,1,,,KSHV,HSV1_KOS
SRR22753574,0,,,,0,,,1,,,,,,0,,,1,,,KSHV,HHV7
SRR22753574,0,,,,,,4,1,,,,,,,,4,1,,,KSHV,HSV2_StrainG
SRR22753574,0,0,,,,54,,,,,0,,,,54,,,,,EBV,HSV1_KOS
SRR22753574,0,0,,,0,,,,,,0,,,0,,,,,,EBV,HHV7
SRR22753574,0,0,,,,,4,,,,0,,,,,4,,,,EBV,HSV2_StrainG
SRR22753574,0,,,,0,54,,,,,,,,0,54,,,,,HSV1_KOS,HHV7
SRR22753574,0,,,,,54,4,,,,,,,,54,4,,,,HSV1_KOS,HSV2_StrainG
SRR22753574,0,,,,0,,4,,,,,,,0,,4,,,,HHV7,HSV2_StrainG
SRR22753574,4,,,4,,,,,,,,,0,,,,,,,HHV6B,HHV6B
SRR22753574,0,,,,,,,,0,,,,,,,,,0,,VZV_Ellen,VZV_Ellen
SRR22753574,40,,,,,,,,,40,,,,,,,,,0,combined_herpes_viruses,combined_herpes_viruses
SRR22753574,0,,0,,,,,,,,,0,,,,,,,,HCMV,HCMV
SRR22753574,1,,,,,,,1,,,,,,,,,0,,,KSHV,KSHV
SRR22753574,0,0,,,,,,,,,0,,,,,,,,,EBV,EBV
SRR22753574,54,,,,,54,,,,,,,,,0,,,,,HSV1_KOS,HSV1_KOS
SRR22753574,0,,,,0,,,,,,,,,0,,,,,,HHV7,HHV7
SRR22753574,4,,,,,,4,,,,,,,,,0,,,,HSV2_StrainG,HSV2_StrainG
SRR22753579,0,,,1,0,,,,,,,,1,0,,,,,,HHV6B,HHV7
SRR22753579,0,0,,1,,,,,,,0,,1,,,,,,,HHV6B,EBV
SRR22753579,0,,,1,,,1,,,,,,1,,,1,,,,HHV6B,HSV2_StrainG
SRR22753579,0,,,1,,,,2,,,,,1,,,,2,,,HHV6B,KSHV
SRR22753579,1,,,1,,,,,,2,,,0,,,,,,1,HHV6B,combined_herpes_viruses
SRR22753579,0,,1,1,,,,,,,,1,1,,,,,,,HHV6B,HCMV
SRR22753579,0,,,1,,1,,,,,,,1,,1,,,,,HHV6B,HSV1_KOS
SRR22753579,0,,,1,,,,,0,,,,1,,,,,0,,HHV6B,VZV_Ellen
SRR22753579,0,0,,,0,,,,,,0,,,0,,,,,,HHV7,EBV
SRR22753579,0,,,,0,,1,,,,,,,0,,1,,,,HHV7,HSV2_StrainG
SRR22753579,0,,,,0,,,2,,,,,,0,,,2,,,HHV7,KSHV
SRR22753579,0,,,,0,,,,,2,,,,0,,,,,2,HHV7,combined_herpes_viruses
SRR22753579,0,,1,,0,,,,,,,1,,0,,,,,,HHV7,HCMV
SRR22753579,0,,,,0,1,,,,,,,,0,1,,,,,HHV7,HSV1_KOS
SRR22753579,0,,,,0,,,,0,,,,,0,,,,0,,HHV7,VZV_Ellen
SRR22753579,0,0,,,,,1,,,,0,,,,,1,,,,EBV,HSV2_StrainG
SRR22753579,0,0,,,,,,2,,,0,,,,,,2,,,EBV,KSHV
SRR22753579,0,0,,,,,,,,2,0,,,,,,,,2,EBV,combined_herpes_viruses
SRR22753579,0,0,1,,,,,,,,0,1,,,,,,,,EBV,HCMV
SRR22753579,0,0,,,,1,,,,,0,,,,1,,,,,EBV,HSV1_KOS
SRR22753579,0,0,,,,,,,0,,0,,,,,,,0,,EBV,VZV_Ellen
SRR22753579,1,,,,,,1,2,,,,,,,,0,1,,,HSV2_StrainG,KSHV
SRR22753579,0,,,,,,1,,,2,,,,,,1,,,2,HSV2_StrainG,combined_herpes_viruses
SRR22753579,0,,1,,,,1,,,,,1,,,,1,,,,HSV2_StrainG,HCMV
SRR22753579,0,,,,,1,1,,,,,,,,1,1,,,,HSV2_StrainG,HSV1_KOS
SRR22753579,0,,,,,,1,,0,,,,,,,1,,0,,HSV2_StrainG,VZV_Ellen
SRR22753579,0,,,,,,,2,,2,,,,,,,2,,2,KSHV,combined_herpes_viruses
SRR22753579,0,,1,,,,,2,,,,1,,,,,2,,,KSHV,HCMV
SRR22753579,0,,,,,1,,2,,,,,,,1,,2,,,KSHV,HSV1_KOS
SRR22753579,0,,,,,,,2,0,,,,,,,,2,0,,KSHV,VZV_Ellen
SRR22753579,0,,1,,,,,,,2,,1,,,,,,,2,combined_herpes_viruses,HCMV
SRR22753579,1,,,,,1,,,,2,,,,,0,,,,1,combined_herpes_viruses,HSV1_KOS
SRR22753579,0,,,,,,,,0,2,,,,,,,,0,2,combined_herpes_viruses,VZV_Ellen
SRR22753579,0,,1,,,1,,,,,,1,,,1,,,,,HCMV,HSV1_KOS
SRR22753579,0,,1,,,,,,0,,,1,,,,,,0,,HCMV,VZV_Ellen
SRR22753579,0,,,,,1,,,0,,,,,,1,,,0,,HSV1_KOS,VZV_Ellen
SRR22753579,1,,,1,,,,,,,,,0,,,,,,,HHV6B,HHV6B
SRR22753579,0,,,,0,,,,,,,,,0,,,,,,HHV7,HHV7
SRR22753579,0,0,,,,,,,,,0,,,,,,,,,EBV,EBV
SRR22753579,1,,,,,,1,,,,,,,,,0,,,,HSV2_StrainG,HSV2_StrainG
SRR22753579,2,,,,,,,2,,,,,,,,,0,,,KSHV,KSHV
SRR22753579,2,,,,,,,,,2,,,,,,,,,0,combined_herpes_viruses,combined_herpes_viruses
SRR22753579,1,,1,,,,,,,,,0,,,,,,,,HCMV,HCMV
SRR22753579,1,,,,,1,,,,,,,,,0,,,,,HSV1_KOS,HSV1_KOS
SRR22753579,0,,,,,,,,0,,,,,,,,,0,,VZV_Ellen,VZV_Ellen
SRR22753564,0,,0,,,,,,,4,,0,,,,,,,4,HCMV,combined_herpes_viruses
SRR22753564,0,,0,,,,5,,,,,0,,,,5,,,,HCMV,HSV2_StrainG
SRR22753564,0,,0,,,,,,0,,,0,,,,,,0,,HCMV,VZV_Ellen
SRR22753564,0,,0,0,,,,,,,,0,0,,,,,,,HCMV,HHV6B
SRR22753564,0,0,0,,,,,,,,0,0,,,,,,,,HCMV,EBV
SRR22753564,0,,0,,,7,,,,,,0,,,7,,,,,HCMV,HSV1_KOS
SRR22753564,0,,0,,0,,,,,,,0,,0,,,,,,HCMV,HHV7
SRR22753564,0,,0,,,,,4,,,,0,,,,,4,,,HCMV,KSHV
SRR22753564,0,,,,,,5,,,4,,,,,,5,,,4,combined_herpes_viruses,HSV2_StrainG
SRR22753564,0,,,,,,,,0,4,,,,,,,,0,4,combined_herpes_viruses,VZV_Ellen
SRR22753564,0,,,0,,,,,,4,,,0,,,,,,4,combined_herpes_viruses,HHV6B
SRR22753564,0,0,,,,,,,,4,0,,,,,,,,4,combined_herpes_viruses,EBV
SRR22753564,1,,,,,7,,,,4,,,,,6,,,,3,combined_herpes_viruses,HSV1_KOS
SRR22753564,0,,,,0,,,,,4,,,,0,,,,,4,combined_herpes_viruses,HHV7
SRR22753564,0,,,,,,,4,,4,,,,,,,4,,4,combined_herpes_viruses,KSHV
SRR22753564,0,,,,,,5,,0,,,,,,,5,,0,,HSV2_StrainG,VZV_Ellen
SRR22753564,0,,,0,,,5,,,,,,0,,,5,,,,HSV2_StrainG,HHV6B
SRR22753564,0,0,,,,,5,,,,0,,,,,5,,,,HSV2_StrainG,EBV
SRR22753564,0,,,,,7,5,,,,,,,,7,5,,,,HSV2_StrainG,HSV1_KOS
SRR22753564,0,,,,0,,5,,,,,,,0,,5,,,,HSV2_StrainG,HHV7
SRR22753564,0,,,,,,5,4,,,,,,,,5,4,,,HSV2_StrainG,KSHV
SRR22753564,0,,,0,,,,,0,,,,0,,,,,0,,VZV_Ellen,HHV6B
SRR22753564,0,0,,,,,,,0,,0,,,,,,,0,,VZV_Ellen,EBV
SRR22753564,0,,,,,7,,,0,,,,,,7,,,0,,VZV_Ellen,HSV1_KOS
SRR22753564,0,,,,0,,,,0,,,,,0,,,,0,,VZV_Ellen,HHV7
SRR22753564,0,,,,,,,4,0,,,,,,,,4,0,,VZV_Ellen,KSHV
SRR22753564,0,0,,0,,,,,,,0,,0,,,,,,,HHV6B,EBV
SRR22753564,0,,,0,,7,,,,,,,0,,7,,,,,HHV6B,HSV1_KOS
SRR22753564,0,,,0,0,,,,,,,,0,0,,,,,,HHV6B,HHV7
SRR22753564,0,,,0,,,,4,,,,,0,,,,4,,,HHV6B,KSHV
SRR22753564,0,0,,,,7,,,,,0,,,,7,,,,,EBV,HSV1_KOS
SRR22753564,0,0,,,0,,,,,,0,,,0,,,,,,EBV,HHV7
SRR22753564,0,0,,,,,,4,,,0,,,,,,4,,,EBV,KSHV
SRR22753564,0,,,,0,7,,,,,,,,0,7,,,,,HSV1_KOS,HHV7
SRR22753564,0,,,,,7,,4,,,,,,,7,,4,,,HSV1_KOS,KSHV
SRR22753564,0,,,,0,,,4,,,,,,0,,,4,,,HHV7,KSHV
SRR22753564,0,,0,,,,,,,,,0,,,,,,,,HCMV,HCMV
SRR22753564,4,,,,,,,,,4,,,,,,,,,0,combined_herpes_viruses,combined_herpes_viruses
SRR22753564,5,,,,,,5,,,,,,,,,0,,,,HSV2_StrainG,HSV2_StrainG
SRR22753564,0,,,,,,,,0,,,,,,,,,0,,VZV_Ellen,VZV_Ellen
SRR22753564,0,,,0,,,,,,,,,0,,,,,,,HHV6B,HHV6B
SRR22753564,0,0,,,,,,,,,0,,,,,,,,,EBV,EBV
SRR22753564,7,,,,,7,,,,,,,,,0,,,,,HSV1_KOS,HSV1_KOS
SRR22753564,0,,,,0,,,,,,,,,0,,,,,,HHV7,HHV7
SRR22753564,4,,,,,,,4,,,,,,,,,0,,,KSHV,KSHV
SRR22753428,0,0,,,,,,,0,,0,,,,,,,0,,EBV,VZV_Ellen
SRR22753428,0,0,,,,,,,,8,0,,,,,,,,8,EBV,combined_herpes_viruses
SRR22753428,0,0,,,,,,3,,,0,,,,,,3,,,EBV,KSHV
SRR22753428,0,0,0,,,,,,,,0,0,,,,,,,,EBV,HCMV
SRR22753428,0,0,,,,10,,,,,0,,,,10,,,,,EBV,HSV1_KOS
SRR22753428,0,0,,,0,,,,,,0,,,0,,,,,,EBV,HHV7
SRR22753428,0,0,,,,,1,,,,0,,,,,1,,,,EBV,HSV2_StrainG
SRR22753428,0,0,,1,,,,,,,0,,1,,,,,,,EBV,HHV6B
SRR22753428,0,,,,,,,,0,8,,,,,,,,0,8,VZV_Ellen,combined_herpes_viruses
SRR22753428,0,,,,,,,3,0,,,,,,,,3,0,,VZV_Ellen,KSHV
SRR22753428,0,,0,,,,,,0,,,0,,,,,,0,,VZV_Ellen,HCMV
SRR22753428,0,,,,,10,,,0,,,,,,10,,,0,,VZV_Ellen,HSV1_KOS
SRR22753428,0,,,,0,,,,0,,,,,0,,,,0,,VZV_Ellen,HHV7
SRR22753428,0,,,,,,1,,0,,,,,,,1,,0,,VZV_Ellen,HSV2_StrainG
SRR22753428,0,,,1,,,,,0,,,,1,,,,,0,,VZV_Ellen,HHV6B
SRR22753428,0,,,,,,,3,,8,,,,,,,3,,8,combined_herpes_viruses,KSHV
SRR22753428,0,,0,,,,,,,8,,0,,,,,,,8,combined_herpes_viruses,HCMV
SRR22753428,7,,,,,10,,,,8,,,,,3,,,,1,combined_herpes_viruses,HSV1_KOS
SRR22753428,0,,,,0,,,,,8,,,,0,,,,,8,combined_herpes_viruses,HHV7
SRR22753428,0,,,,,,1,,,8,,,,,,1,,,8,combined_herpes_viruses,HSV2_StrainG
SRR22753428,0,,,1,,,,,,8,,,1,,,,,,8,combined_herpes_viruses,HHV6B
SRR22753428,0,,0,,,,,3,,,,0,,,,,3,,,KSHV,HCMV
SRR22753428,0,,,,,10,,3,,,,,,,10,,3,,,KSHV,HSV1_KOS
SRR22753428,0,,,,0,,,3,,,,,,0,,,3,,,KSHV,HHV7
SRR22753428,1,,,,,,1,3,,,,,,,,0,2,,,KSHV,HSV2_StrainG
SRR22753428,1,,,1,,,,3,,,,,0,,,,2,,,KSHV,HHV6B
SRR22753428,0,,0,,,10,,,,,,0,,,10,,,,,HCMV,HSV1_KOS
SRR22753428,0,,0,,0,,,,,,,0,,0,,,,,,HCMV,HHV7
SRR22753428,0,,0,,,,1,,,,,0,,,,1,,,,HCMV,HSV2_StrainG
SRR22753428,0,,0,1,,,,,,,,0,1,,,,,,,HCMV,HHV6B
SRR22753428,0,,,,0,10,,,,,,,,0,10,,,,,HSV1_KOS,HHV7
SRR22753428,0,,,,,10,1,,,,,,,,10,1,,,,HSV1_KOS,HSV2_StrainG
SRR22753428,0,,,1,,10,,,,,,,1,,10,,,,,HSV1_KOS,HHV6B
SRR22753428,0,,,,0,,1,,,,,,,0,,1,,,,HHV7,HSV2_StrainG
SRR22753428,0,,,1,0,,,,,,,,1,0,,,,,,HHV7,HHV6B
SRR22753428,1,,,1,,,1,,,,,,0,,,0,,,,HSV2_StrainG,HHV6B
SRR22753428,0,0,,,,,,,,,0,,,,,,,,,EBV,EBV
SRR22753428,0,,,,,,,,0,,,,,,,,,0,,VZV_Ellen,VZV_Ellen
SRR22753428,8,,,,,,,,,8,,,,,,,,,0,combined_herpes_viruses,combined_herpes_viruses
SRR22753428,3,,,,,,,3,,,,,,,,,0,,,KSHV,KSHV
SRR22753428,0,,0,,,,,,,,,0,,,,,,,,HCMV,HCMV
SRR22753428,10,,,,,10,,,,,,,,,0,,,,,HSV1_KOS,HSV1_KOS
SRR22753428,0,,,,0,,,,,,,,,0,,,,,,HHV7,HHV7
SRR22753428,1,,,,,,1,,,,,,,,,0,,,,HSV2_StrainG,HSV2_StrainG
SRR22753428,1,,,1,,,,,,,,,0,,,,,,,HHV6B,HHV6B
SRR22753420,0,,0,1,,,,,,,,0,1,,,,,,,HHV6B,HCMV
SRR22753420,0,,,1,,21,,,,,,,1,,21,,,,,HHV6B,HSV1_KOS
SRR22753420,0,,,1,,,,8,,,,,1,,,,8,,,HHV6B,KSHV
SRR22753420,0,0,,1,,,,,,,0,,1,,,,,,,HHV6B,EBV
SRR22753420,0,,,1,,,,,0,,,,1,,,,,0,,HHV6B,VZV_Ellen
SRR22753420,0,,,1,,,,,,13,,,1,,,,,,13,HHV6B,combined_herpes_viruses
SRR22753420,0,,,1,,,7,,,,,,1,,,7,,,,HHV6B,HSV2_StrainG
SRR22753420,0,,,1,0,,,,,,,,1,0,,,,,,HHV6B,HHV7
SRR22753420,0,,0,,,21,,,,,,0,,,21,,,,,HCMV,HSV1_KOS
SRR22753420,0,,0,,,,,8,,,,0,,,,,8,,,HCMV,KSHV
SRR22753420,0,0,0,,,,,,,,0,0,,,,,,,,HCMV,EBV
SRR22753420,0,,0,,,,,,0,,,0,,,,,,0,,HCMV,VZV_Ellen
SRR22753420,0,,0,,,,,,,13,,0,,,,,,,13,HCMV,combined_herpes_viruses
SRR22753420,0,,0,,,,7,,,,,0,,,,7,,,,HCMV,HSV2_StrainG
SRR22753420,0,,0,,0,,,,,,,0,,0,,,,,,HCMV,HHV7
SRR22753420,0,,,,,21,,8,,,,,,,21,,8,,,HSV1_KOS,KSHV
SRR22753420,0,0,,,,21,,,,,0,,,,21,,,,,HSV1_KOS,EBV
SRR22753420,0,,,,,21,,,0,,,,,,21,,,0,,HSV1_KOS,VZV_Ellen
SRR22753420,8,,,,,21,,,,13,,,,,13,,,,5,HSV1_KOS,combined_herpes_viruses
SRR22753420,0,,,,,21,7,,,,,,,,21,7,,,,HSV1_KOS,HSV2_StrainG
SRR22753420,0,,,,0,21,,,,,,,,0,21,,,,,HSV1_KOS,HHV7
SRR22753420,0,0,,,,,,8,,,0,,,,,,8,,,KSHV,EBV
SRR22753420,0,,,,,,,8,0,,,,,,,,8,0,,KSHV,VZV_Ellen
SRR22753420,1,,,,,,,8,,13,,,,,,,7,,12,KSHV,combined_herpes_viruses
SRR22753420,0,,,,,,7,8,,,,,,,,7,8,,,KSHV,HSV2_StrainG
SRR22753420,0,,,,0,,,8,,,,,,0,,,8,,,KSHV,HHV7
SRR22753420,0,0,,,,,,,0,,0,,,,,,,0,,EBV,VZV_Ellen
SRR22753420,0,0,,,,,,,,13,0,,,,,,,,13,EBV,combined_herpes_viruses
SRR22753420,0,0,,,,,7,,,,0,,,,,7,,,,EBV,HSV2_StrainG
SRR22753420,0,0,,,0,,,,,,0,,,0,,,,,,EBV,HHV7
SRR22753420,0,,,,,,,,0,13,,,,,,,,0,13,VZV_Ellen,combined_herpes_viruses
SRR22753420,0,,,,,,7,,0,,,,,,,7,,0,,VZV_Ellen,HSV2_StrainG
SRR22753420,0,,,,0,,,,0,,,,,0,,,,0,,VZV_Ellen,HHV7
SRR22753420,0,,,,,,7,,,13,,,,,,7,,,13,combined_herpes_viruses,HSV2_StrainG
SRR22753420,0,,,,0,,,,,13,,,,0,,,,,13,combined_herpes_viruses,HHV7
SRR22753420,0,,,,0,,7,,,,,,,0,,7,,,,HSV2_StrainG,HHV7
SRR22753420,1,,,1,,,,,,,,,0,,,,,,,HHV6B,HHV6B
SRR22753420,0,,0,,,,,,,,,0,,,,,,,,HCMV,HCMV
SRR22753420,21,,,,,21,,,,,,,,,0,,,,,HSV1_KOS,HSV1_KOS
SRR22753420,8,,,,,,,8,,,,,,,,,0,,,KSHV,KSHV
SRR22753420,0,0,,,,,,,,,0,,,,,,,,,EBV,EBV
SRR22753420,0,,,,,,,,0,,,,,,,,,0,,VZV_Ellen,VZV_Ellen
SRR22753420,13,,,,,,,,,13,,,,,,,,,0,combined_herpes_viruses,combined_herpes_viruses
SRR22753420,7,,,,,,7,,,,,,,,,0,,,,HSV2_StrainG,HSV2_StrainG
SRR22753420,0,,,,0,,,,,,,,,0,,,,,,HHV7,HHV7
SRR22753454,0,,,,,7,,8,,,,,,,7,,8,,,KSHV,HSV1_KOS
SRR22753454,1,,,,,,3,8,,,,,,,,2,7,,,KSHV,HSV2_StrainG
SRR22753454,0,0,,,,,,8,,,0,,,,,,8,,,KSHV,EBV
SRR22753454,3,,,,,,,8,,11,,,,,,,5,,8,KSHV,combined_herpes_viruses
SRR22753454,0,,,,,,,8,0,,,,,,,,8,0,,KSHV,VZV_Ellen
SRR22753454,0,,,,0,,,8,,,,,,0,,,8,,,KSHV,HHV7
SRR22753454,0,,0,,,,,8,,,,0,,,,,8,,,KSHV,HCMV
SRR22753454,3,,,3,,,,8,,,,,0,,,,5,,,KSHV,HHV6B
SRR22753454,0,,,,,7,3,,,,,,,,7,3,,,,HSV1_KOS,HSV2_StrainG
SRR22753454,0,0,,,,7,,,,,0,,,,7,,,,,HSV1_KOS,EBV
SRR22753454,5,,,,,7,,,,11,,,,,2,,,,6,HSV1_KOS,combined_herpes_viruses
SRR22753454,0,,,,,7,,,0,,,,,,7,,,0,,HSV1_KOS,VZV_Ellen
SRR22753454,0,,,,0,7,,,,,,,,0,7,,,,,HSV1_KOS,HHV7
SRR22753454,0,,0,,,7,,,,,,0,,,7,,,,,HSV1_KOS,HCMV
SRR22753454,0,,,3,,7,,,,,,,3,,7,,,,,HSV1_KOS,HHV6B
SRR22753454,0,0,,,,,3,,,,0,,,,,3,,,,HSV2_StrainG,EBV
SRR22753454,1,,,,,,3,,,11,,,,,,2,,,10,HSV2_StrainG,combined_herpes_viruses
SRR22753454,0,,,,,,3,,0,,,,,,,3,,0,,HSV2_StrainG,VZV_Ellen
SRR22753454,0,,,,0,,3,,,,,,,0,,3,,,,HSV2_StrainG,HHV7
SRR22753454,0,,0,,,,3,,,,,0,,,,3,,,,HSV2_StrainG,HCMV
SRR22753454,1,,,3,,,3,,,,,,2,,,2,,,,HSV2_StrainG,HHV6B
SRR22753454,0,0,,,,,,,,11,0,,,,,,,,11,EBV,combined_herpes_viruses
SRR22753454,0,0,,,,,,,0,,0,,,,,,,0,,EBV,VZV_Ellen
SRR22753454,0,0,,,0,,,,,,0,,,0,,,,,,EBV,HHV7
SRR22753454,0,0,0,,,,,,,,0,0,,,,,,,,EBV,HCMV
SRR22753454,0,0,,3,,,,,,,0,,3,,,,,,,EBV,HHV6B
SRR22753454,0,,,,,,,,0,11,,,,,,,,0,11,combined_herpes_viruses,VZV_Ellen
SRR22753454,0,,,,0,,,,,11,,,,0,,,,,11,combined_herpes_viruses,HHV7
SRR22753454,0,,0,,,,,,,11,,0,,,,,,,11,combined_herpes_viruses,HCMV
SRR22753454,3,,,3,,,,,,11,,,0,,,,,,8,combined_herpes_viruses,HHV6B
SRR22753454,0,,,,0,,,,0,,,,,0,,,,0,,VZV_Ellen,HHV7
SRR22753454,0,,0,,,,,,0,,,0,,,,,,0,,VZV_Ellen,HCMV
SRR22753454,0,,,3,,,,,0,,,,3,,,,,0,,VZV_Ellen,HHV6B
SRR22753454,0,,0,,0,,,,,,,0,,0,,,,,,HHV7,HCMV
SRR22753454,0,,,3,0,,,,,,,,3,0,,,,,,HHV7,HHV6B
SRR22753454,0,,0,3,,,,,,,,0,3,,,,,,,HCMV,HHV6B
SRR22753454,8,,,,,,,8,,,,,,,,,0,,,KSHV,KSHV
SRR22753454,7,,,,,7,,,,,,,,,0,,,,,HSV1_KOS,HSV1_KOS
SRR22753454,3,,,,,,3,,,,,,,,,0,,,,HSV2_StrainG,HSV2_StrainG
SRR22753454,0,0,,,,,,,,,0,,,,,,,,,EBV,EBV
SRR22753454,11,,,,,,,,,11,,,,,,,,,0,combined_herpes_viruses,combined_herpes_viruses
SRR22753454,0,,,,,,,,0,,,,,,,,,0,,VZV_Ellen,VZV_Ellen
SRR22753454,0,,,,0,,,,,,,,,0,,,,,,HHV7,HHV7
SRR22753454,0,,0,,,,,,,,,0,,,,,,,,HCMV,HCMV
SRR22753454,3,,,3,,,,,,,,,0,,,,,,,HHV6B,HHV6B
SRR22753496,0,,,,,3,,,0,,,,,,3,,,0,,VZV_Ellen,HSV1_KOS
SRR22753496,0,0,,,,,,,0,,0,,,,,,,0,,VZV_Ellen,EBV
SRR22753496,0,,,,,,,15,0,,,,,,,,15,0,,VZV_Ellen,KSHV
SRR22753496,0,,,0,,,,,0,,,,0,,,,,0,,VZV_Ellen,HHV6B
SRR22753496,0,,,,,,9,,0,,,,,,,9,,0,,VZV_Ellen,HSV2_StrainG
SRR22753496,0,,,,0,,,,0,,,,,0,,,,0,,VZV_Ellen,HHV7
SRR22753496,0,,1,,,,,,0,,,1,,,,,,0,,VZV_Ellen,HCMV
SRR22753496,0,,,,,,,,0,7,,,,,,,,0,7,VZV_Ellen,combined_herpes_viruses
SRR22753496,0,0,,,,3,,,,,0,,,,3,,,,,HSV1_KOS,EBV
SRR22753496,0,,,,,3,,15,,,,,,,3,,15,,,HSV1_KOS,KSHV
SRR22753496,0,,,0,,3,,,,,,,0,,3,,,,,HSV1_KOS,HHV6B
SRR22753496,0,,,,,3,9,,,,,,,,3,9,,,,HSV1_KOS,HSV2_StrainG
SRR22753496,0,,,,0,3,,,,,,,,0,3,,,,,HSV1_KOS,HHV7
SRR22753496,0,,1,,,3,,,,,,1,,,3,,,,,HSV1_KOS,HCMV
SRR22753496,3,,,,,3,,,,7,,,,,0,,,,4,HSV1_KOS,combined_herpes_viruses
SRR22753496,0,0,,,,,,15,,,0,,,,,,15,,,EBV,KSHV
SRR22753496,0,0,,0,,,,,,,0,,0,,,,,,,EBV,HHV6B
SRR22753496,0,0,,,,,9,,,,0,,,,,9,,,,EBV,HSV2_StrainG
SRR22753496,0,0,,,0,,,,,,0,,,0,,,,,,EBV,HHV7
SRR22753496,0,0,1,,,,,,,,0,1,,,,,,,,EBV,HCMV
SRR22753496,0,0,,,,,,,,7,0,,,,,,,,7,EBV,combined_herpes_viruses
SRR22753496,0,,,0,,,,15,,,,,0,,,,15,,,KSHV,HHV6B
SRR22753496,0,,,,,,9,15,,,,,,,,9,15,,,KSHV,HSV2_StrainG
SRR22753496,0,,,,0,,,15,,,,,,0,,,15,,,KSHV,HHV7
SRR22753496,0,,1,,,,,15,,,,1,,,,,15,,,KSHV,HCMV
SRR22753496,3,,,,,,,15,,7,,,,,,,12,,4,KSHV,combined_herpes_viruses
SRR22753496,0,,,0,,,9,,,,,,0,,,9,,,,HHV6B,HSV2_StrainG
SRR22753496,0,,,0,0,,,,,,,,0,0,,,,,,HHV6B,HHV7
SRR22753496,0,,1,0,,,,,,,,1,0,,,,,,,HHV6B,HCMV
SRR22753496,0,,,0,,,,,,7,,,0,,,,,,7,HHV6B,combined_herpes_viruses
SRR22753496,0,,,,0,,9,,,,,,,0,,9,,,,HSV2_StrainG,HHV7
SRR22753496,0,,1,,,,9,,,,,1,,,,9,,,,HSV2_StrainG,HCMV
SRR22753496,0,,,,,,9,,,7,,,,,,9,,,7,HSV2_StrainG,combined_herpes_viruses
SRR22753496,0,,1,,0,,,,,,,1,,0,,,,,,HHV7,HCMV
SRR22753496,0,,,,0,,,,,7,,,,0,,,,,7,HHV7,combined_herpes_viruses
SRR22753496,0,,1,,,,,,,7,,1,,,,,,,7,HCMV,combined_herpes_viruses
SRR22753496,0,,,,,,,,0,,,,,,,,,0,,VZV_Ellen,VZV_Ellen
SRR22753496,3,,,,,3,,,,,,,,,0,,,,,HSV1_KOS,HSV1_KOS
SRR22753496,0,0,,,,,,,,,0,,,,,,,,,EBV,EBV
SRR22753496,15,,,,,,,15,,,,,,,,,0,,,KSHV,KSHV
SRR22753496,0,,,0,,,,,,,,,0,,,,,,,HHV6B,HHV6B
SRR22753496,9,,,,,,9,,,,,,,,,0,,,,HSV2_StrainG,HSV2_StrainG
SRR22753496,0,,,,0,,,,,,,,,0,,,,,,HHV7,HHV7
SRR22753496,1,,1,,,,,,,,,0,,,,,,,,HCMV,HCMV
SRR22753496,7,,,,,,,,,7,,,,,,,,,0,combined_herpes_viruses,combined_herpes_viruses
SRR22753408,0,,1,,0,,,,,,,1,,0,,,,,,HHV7,HCMV
SRR22753408,0,0,,,0,,,,,,0,,,0,,,,,,HHV7,EBV
SRR22753408,0,,,0,0,,,,,,,,0,0,,,,,,HHV7,HHV6B
SRR22753408,0,,,,0,,3,,,,,,,0,,3,,,,HHV7,HSV2_StrainG
SRR22753408,0,,,,0,,,,,130,,,,0,,,,,130,HHV7,combined_herpes_viruses
SRR22753408,0,,,,0,178,,,,,,,,0,178,,,,,HHV7,HSV1_KOS
SRR22753408,0,,,,0,,,9,,,,,,0,,,9,,,HHV7,KSHV
SRR22753408,0,,,,0,,,,0,,,,,0,,,,0,,HHV7,VZV_Ellen
SRR22753408,0,0,1,,,,,,,,0,1,,,,,,,,HCMV,EBV
SRR22753408,0,,1,0,,,,,,,,1,0,,,,,,,HCMV,HHV6B
SRR22753408,0,,1,,,,3,,,,,1,,,,3,,,,HCMV,HSV2_StrainG
SRR22753408,1,,1,,,,,,,130,,0,,,,,,,129,HCMV,combined_herpes_viruses
SRR22753408,0,,1,,,178,,,,,,1,,,178,,,,,HCMV,HSV1_KOS
SRR22753408,0,,1,,,,,9,,,,1,,,,,9,,,HCMV,KSHV
SRR22753408,0,,1,,,,,,0,,,1,,,,,,0,,HCMV,VZV_Ellen
SRR22753408,0,0,,0,,,,,,,0,,0,,,,,,,EBV,HHV6B
SRR22753408,0,0,,,,,3,,,,0,,,,,3,,,,EBV,HSV2_StrainG
SRR22753408,0,0,,,,,,,,130,0,,,,,,,,130,EBV,combined_herpes_viruses
SRR22753408,0,0,,,,178,,,,,0,,,,178,,,,,EBV,HSV1_KOS
SRR22753408,0,0,,,,,,9,,,0,,,,,,9,,,EBV,KSHV
SRR22753408,0,0,,,,,,,0,,0,,,,,,,0,,EBV,VZV_Ellen
SRR22753408,0,,,0,,,3,,,,,,0,,,3,,,,HHV6B,HSV2_StrainG
SRR22753408,0,,,0,,,,,,130,,,0,,,,,,130,HHV6B,combined_herpes_viruses
SRR22753408,0,,,0,,178,,,,,,,0,,178,,,,,HHV6B,HSV1_KOS
SRR22753408,0,,,0,,,,9,,,,,0,,,,9,,,HHV6B,KSHV
SRR22753408,0,,,0,,,,,0,,,,0,,,,,0,,HHV6B,VZV_Ellen
SRR22753408,0,,,,,,3,,,130,,,,,,3,,,130,HSV2_StrainG,combined_herpes_viruses
SRR22753408,0,,,,,178,3,,,,,,,,178,3,,,,HSV2_StrainG,HSV1_KOS
SRR22753408,0,,,,,,3,9,,,,,,,,3,9,,,HSV2_StrainG,KSHV
SRR22753408,0,,,,,,3,,0,,,,,,,3,,0,,HSV2_StrainG,VZV_Ellen
SRR22753408,112,,,,,178,,,,130,,,,,66,,,,18,combined_herpes_viruses,HSV1_KOS
SRR22753408,0,,,,,,,9,,130,,,,,,,9,,130,combined_herpes_viruses,KSHV
SRR22753408,0,,,,,,,,0,130,,,,,,,,0,130,combined_herpes_viruses,VZV_Ellen
SRR22753408,0,,,,,178,,9,,,,,,,178,,9,,,HSV1_KOS,KSHV
SRR22753408,0,,,,,178,,,0,,,,,,178,,,0,,HSV1_KOS,VZV_Ellen
SRR22753408,0,,,,,,,9,0,,,,,,,,9,0,,KSHV,VZV_Ellen
SRR22753408,0,,,,0,,,,,,,,,0,,,,,,HHV7,HHV7
SRR22753408,1,,1,,,,,,,,,0,,,,,,,,HCMV,HCMV
SRR22753408,0,0,,,,,,,,,0,,,,,,,,,EBV,EBV
SRR22753408,0,,,0,,,,,,,,,0,,,,,,,HHV6B,HHV6B
SRR22753408,3,,,,,,3,,,,,,,,,0,,,,HSV2_StrainG,HSV2_StrainG
SRR22753408,130,,,,,,,,,130,,,,,,,,,0,combined_herpes_viruses,combined_herpes_viruses
SRR22753408,178,,,,,178,,,,,,,,,0,,,,,HSV1_KOS,HSV1_KOS
SRR22753408,9,,,,,,,9,,,,,,,,,0,,,KSHV,KSHV
SRR22753408,0,,,,,,,,0,,,,,,,,,0,,VZV_Ellen,VZV_Ellen
SRR22753504,5,,,,,8,,,,7,,,,,3,,,,2,HSV1_KOS,combined_herpes_viruses
SRR22753504,0,,,,,8,,6,,,,,,,8,,6,,,HSV1_KOS,KSHV
SRR22753504,0,,,0,,8,,,,,,,0,,8,,,,,HSV1_KOS,HHV6B
SRR22753504,0,,,,,8,3,,,,,,,,8,3,,,,HSV1_KOS,HSV2_StrainG
SRR22753504,0,,,,,8,,,0,,,,,,8,,,0,,HSV1_KOS,VZV_Ellen
SRR22753504,0,,,,0,8,,,,,,,,0,8,,,,,HSV1_KOS,HHV7
SRR22753504,0,0,,,,8,,,,,0,,,,8,,,,,HSV1_KOS,EBV
SRR22753504,0,,0,,,8,,,,,,0,,,8,,,,,HSV1_KOS,HCMV
SRR22753504,0,,,,,,,6,,7,,,,,,,6,,7,combined_herpes_viruses,KSHV
SRR22753504,0,,,0,,,,,,7,,,0,,,,,,7,combined_herpes_viruses,HHV6B
SRR22753504,1,,,,,,3,,,7,,,,,,2,,,6,combined_herpes_viruses,HSV2_StrainG
SRR22753504,0,,,,,,,,0,7,,,,,,,,0,7,combined_herpes_viruses,VZV_Ellen
SRR22753504,0,,,,0,,,,,7,,,,0,,,,,7,combined_herpes_viruses,HHV7
SRR22753504,0,0,,,,,,,,7,0,,,,,,,,7,combined_herpes_viruses,EBV
SRR22753504,0,,0,,,,,,,7,,0,,,,,,,7,combined_herpes_viruses,HCMV
SRR22753504,0,,,0,,,,6,,,,,0,,,,6,,,KSHV,HHV6B
SRR22753504,1,,,,,,3,6,,,,,,,,2,5,,,KSHV,HSV2_StrainG
SRR22753504,0,,,,,,,6,0,,,,,,,,6,0,,KSHV,VZV_Ellen
SRR22753504,0,,,,0,,,6,,,,,,0,,,6,,,KSHV,HHV7
SRR22753504,0,0,,,,,,6,,,0,,,,,,6,,,KSHV,EBV
SRR22753504,0,,0,,,,,6,,,,0,,,,,6,,,KSHV,HCMV
SRR22753504,0,,,0,,,3,,,,,,0,,,3,,,,HHV6B,HSV2_StrainG
SRR22753504,0,,,0,,,,,0,,,,0,,,,,0,,HHV6B,VZV_Ellen
SRR22753504,0,,,0,0,,,,,,,,0,0,,,,,,HHV6B,HHV7
SRR22753504,0,0,,0,,,,,,,0,,0,,,,,,,HHV6B,EBV
SRR22753504,0,,0,0,,,,,,,,0,0,,,,,,,HHV6B,HCMV
SRR22753504,0,,,,,,3,,0,,,,,,,3,,0,,HSV2_StrainG,VZV_Ellen
SRR22753504,0,,,,0,,3,,,,,,,0,,3,,,,HSV2_StrainG,HHV7
SRR22753504,0,0,,,,,3,,,,0,,,,,3,,,,HSV2_StrainG,EBV
SRR22753504,0,,0,,,,3,,,,,0,,,,3,,,,HSV2_StrainG,HCMV
SRR22753504,0,,,,0,,,,0,,,,,0,,,,0,,VZV_Ellen,HHV7
SRR22753504,0,0,,,,,,,0,,0,,,,,,,0,,VZV_Ellen,EBV
SRR22753504,0,,0,,,,,,0,,,0,,,,,,0,,VZV_Ellen,HCMV
SRR22753504,0,0,,,0,,,,,,0,,,0,,,,,,HHV7,EBV
SRR22753504,0,,0,,0,,,,,,,0,,0,,,,,,HHV7,HCMV
SRR22753504,0,0,0,,,,,,,,0,0,,,,,,,,EBV,HCMV
SRR22753504,8,,,,,8,,,,,,,,,0,,,,,HSV1_KOS,HSV1_KOS
SRR22753504,7,,,,,,,,,7,,,,,,,,,0,combined_herpes_viruses,combined_herpes_viruses
SRR22753504,6,,,,,,,6,,,,,,,,,0,,,KSHV,KSHV
SRR22753504,0,,,0,,,,,,,,,0,,,,,,,HHV6B,HHV6B
SRR22753504,3,,,,,,3,,,,,,,,,0,,,,HSV2_StrainG,HSV2_StrainG
SRR22753504,0,,,,,,,,0,,,,,,,,,0,,VZV_Ellen,VZV_Ellen
SRR22753504,0,,,,0,,,,,,,,,0,,,,,,HHV7,HHV7
SRR22753504,0,0,,,,,,,,,0,,,,,,,,,EBV,EBV
SRR22753504,0,,0,,,,,,,,,0,,,,,,,,HCMV,HCMV
SRR22753416,0,,0,,,,2,,,,,0,,,,2,,,,HCMV,HSV2_StrainG
SRR22753416,0,,0,,,11,,,,,,0,,,11,,,,,HCMV,HSV1_KOS
SRR22753416,0,,0,,,,,1,,,,0,,,,,1,,,HCMV,KSHV
SRR22753416,0,,0,,,,,,0,,,0,,,,,,0,,HCMV,VZV_Ellen
SRR22753416,0,,0,,0,,,,,,,0,,0,,,,,,HCMV,HHV7
SRR22753416,0,0,0,,,,,,,,0,0,,,,,,,,HCMV,EBV
SRR22753416,0,,0,1,,,,,,,,0,1,,,,,,,HCMV,HHV6B
SRR22753416,0,,0,,,,,,,6,,0,,,,,,,6,HCMV,combined_herpes_viruses
SRR22753416,0,,,,,11,2,,,,,,,,11,2,,,,HSV2_StrainG,HSV1_KOS
SRR22753416,0,,,,,,2,1,,,,,,,,2,1,,,HSV2_StrainG,KSHV
SRR22753416,0,,,,,,2,,0,,,,,,,2,,0,,HSV2_StrainG,VZV_Ellen
SRR22753416,0,,,,0,,2,,,,,,,0,,2,,,,HSV2_StrainG,HHV7
SRR22753416,0,0,,,,,2,,,,0,,,,,2,,,,HSV2_StrainG,EBV
SRR22753416,0,,,1,,,2,,,,,,1,,,2,,,,HSV2_StrainG,HHV6B
SRR22753416,0,,,,,,2,,,6,,,,,,2,,,6,HSV2_StrainG,combined_herpes_viruses
SRR22753416,0,,,,,11,,1,,,,,,,11,,1,,,HSV1_KOS,KSHV
SRR22753416,0,,,,,11,,,0,,,,,,11,,,0,,HSV1_KOS,VZV_Ellen
SRR22753416,0,,,,0,11,,,,,,,,0,11,,,,,HSV1_KOS,HHV7
SRR22753416,0,0,,,,11,,,,,0,,,,11,,,,,HSV1_KOS,EBV
SRR22753416,0,,,1,,11,,,,,,,1,,11,,,,,HSV1_KOS,HHV6B
SRR22753416,5,,,,,11,,,,6,,,,,6,,,,1,HSV1_KOS,combined_herpes_viruses
SRR22753416,0,,,,,,,1,0,,,,,,,,1,0,,KSHV,VZV_Ellen
SRR22753416,0,,,,0,,,1,,,,,,0,,,1,,,KSHV,HHV7
SRR22753416,0,0,,,,,,1,,,0,,,,,,1,,,KSHV,EBV
SRR22753416,0,,,1,,,,1,,,,,1,,,,1,,,KSHV,HHV6B
SRR22753416,1,,,,,,,1,,6,,,,,,,0,,5,KSHV,combined_herpes_viruses
SRR22753416,0,,,,0,,,,0,,,,,0,,,,0,,VZV_Ellen,HHV7
SRR22753416,0,0,,,,,,,0,,0,,,,,,,0,,VZV_Ellen,EBV
SRR22753416,0,,,1,,,,,0,,,,1,,,,,0,,VZV_Ellen,HHV6B
SRR22753416,0,,,,,,,,0,6,,,,,,,,0,6,VZV_Ellen,combined_herpes_viruses
SRR22753416,0,0,,,0,,,,,,0,,,0,,,,,,HHV7,EBV
SRR22753416,0,,,1,0,,,,,,,,1,0,,,,,,HHV7,HHV6B
SRR22753416,0,,,,0,,,,,6,,,,0,,,,,6,HHV7,combined_herpes_viruses
SRR22753416,0,0,,1,,,,,,,0,,1,,,,,,,EBV,HHV6B
SRR22753416,0,0,,,,,,,,6,0,,,,,,,,6,EBV,combined_herpes_viruses
SRR22753416,0,,,1,,,,,,6,,,1,,,,,,6,HHV6B,combined_herpes_viruses
SRR22753416,0,,0,,,,,,,,,0,,,,,,,,HCMV,HCMV
SRR22753416,2,,,,,,2,,,,,,,,,0,,,,HSV2_StrainG,HSV2_StrainG
SRR22753416,11,,,,,11,,,,,,,,,0,,,,,HSV1_KOS,HSV1_KOS
SRR22753416,1,,,,,,,1,,,,,,,,,0,,,KSHV,KSHV
SRR22753416,0,,,,,,,,0,,,,,,,,,0,,VZV_Ellen,VZV_Ellen
SRR22753416,0,,,,0,,,,,,,,,0,,,,,,HHV7,HHV7
SRR22753416,0,0,,,,,,,,,0,,,,,,,,,EBV,EBV
SRR22753416,1,,,1,,,,,,,,,0,,,,,,,HHV6B,HHV6B
SRR22753416,6,,,,,,,,,6,,,,,,,,,0,combined_herpes_viruses,combined_herpes_viruses
SRR22753543,1,,,2,,,,3,,,,,1,,,,2,,,HHV6B,KSHV
SRR22753543,0,,,2,,,,,,2,,,2,,,,,,2,HHV6B,combined_herpes_viruses
SRR22753543,0,,,2,0,,,,,,,,2,0,,,,,,HHV6B,HHV7
SRR22753543,0,,0,2,,,,,,,,0,2,,,,,,,HHV6B,HCMV
SRR22753543,0,0,,2,,,,,,,0,,2,,,,,,,HHV6B,EBV
SRR22753543,0,,,2,,,3,,,,,,2,,,3,,,,HHV6B,HSV2_StrainG
SRR22753543,0,,,2,,,,,0,,,,2,,,,,0,,HHV6B,VZV_Ellen
SRR22753543,0,,,2,,1,,,,,,,2,,1,,,,,HHV6B,HSV1_KOS
SRR22753543,0,,,,,,,3,,2,,,,,,,3,,2,KSHV,combined_herpes_viruses
SRR22753543,0,,,,0,,,3,,,,,,0,,,3,,,KSHV,HHV7
SRR22753543,0,,0,,,,,3,,,,0,,,,,3,,,KSHV,HCMV
SRR22753543,0,0,,,,,,3,,,0,,,,,,3,,,KSHV,EBV
SRR22753543,1,,,,,,3,3,,,,,,,,2,2,,,KSHV,HSV2_StrainG
SRR22753543,0,,,,,,,3,0,,,,,,,,3,0,,KSHV,VZV_Ellen
SRR22753543,0,,,,,1,,3,,,,,,,1,,3,,,KSHV,HSV1_KOS
SRR22753543,0,,,,0,,,,,2,,,,0,,,,,2,combined_herpes_viruses,HHV7
SRR22753543,0,,0,,,,,,,2,,0,,,,,,,2,combined_herpes_viruses,HCMV
SRR22753543,0,0,,,,,,,,2,0,,,,,,,,2,combined_herpes_viruses,EBV
SRR22753543,0,,,,,,3,,,2,,,,,,3,,,2,combined_herpes_viruses,HSV2_StrainG
SRR22753543,0,,,,,,,,0,2,,,,,,,,0,2,combined_herpes_viruses,VZV_Ellen
SRR22753543,1,,,,,1,,,,2,,,,,0,,,,1,combined_herpes_viruses,HSV1_KOS
SRR22753543,0,,0,,0,,,,,,,0,,0,,,,,,HHV7,HCMV
SRR22753543,0,0,,,0,,,,,,0,,,0,,,,,,HHV7,EBV
SRR22753543,0,,,,0,,3,,,,,,,0,,3,,,,HHV7,HSV2_StrainG
SRR22753543,0,,,,0,,,,0,,,,,0,,,,0,,HHV7,VZV_Ellen
SRR22753543,0,,,,0,1,,,,,,,,0,1,,,,,HHV7,HSV1_KOS
SRR22753543,0,0,0,,,,,,,,0,0,,,,,,,,HCMV,EBV
SRR22753543,0,,0,,,,3,,,,,0,,,,3,,,,HCMV,HSV2_StrainG
SRR22753543,0,,0,,,,,,0,,,0,,,,,,0,,HCMV,VZV_Ellen
SRR22753543,0,,0,,,1,,,,,,0,,,1,,,,,HCMV,HSV1_KOS
SRR22753543,0,0,,,,,3,,,,0,,,,,3,,,,EBV,HSV2_StrainG
SRR22753543,0,0,,,,,,,0,,0,,,,,,,0,,EBV,VZV_Ellen
SRR22753543,0,0,,,,1,,,,,0,,,,1,,,,,EBV,HSV1_KOS
SRR22753543,0,,,,,,3,,0,,,,,,,3,,0,,HSV2_StrainG,VZV_Ellen
SRR22753543,0,,,,,1,3,,,,,,,,1,3,,,,HSV2_StrainG,HSV1_KOS
SRR22753543,0,,,,,1,,,0,,,,,,1,,,0,,VZV_Ellen,HSV1_KOS
SRR22753543,2,,,2,,,,,,,,,0,,,,,,,HHV6B,HHV6B
SRR22753543,3,,,,,,,3,,,,,,,,,0,,,KSHV,KSHV
SRR22753543,2,,,,,,,,,2,,,,,,,,,0,combined_herpes_viruses,combined_herpes_viruses
SRR22753543,0,,,,0,,,,,,,,,0,,,,,,HHV7,HHV7
SRR22753543,0,,0,,,,,,,,,0,,,,,,,,HCMV,HCMV
SRR22753543,0,0,,,,,,,,,0,,,,,,,,,EBV,EBV
SRR22753543,3,,,,,,3,,,,,,,,,0,,,,HSV2_StrainG,HSV2_StrainG
SRR22753543,0,,,,,,,,0,,,,,,,,,0,,VZV_Ellen,VZV_Ellen
SRR22753543,1,,,,,1,,,,,,,,,0,,,,,HSV1_KOS,HSV1_KOS
SRR22753414,1,,,,,,3,,,50,,,,,,2,,,49,combined_herpes_viruses,HSV2_StrainG
SRR22753414,0,,,,,,,0,,50,,,,,,,0,,50,combined_herpes_viruses,KSHV
SRR22753414,0,,,,0,,,,,50,,,,0,,,,,50,combined_herpes_viruses,HHV7
SRR22753414,0,,0,,,,,,,50,,0,,,,,,,50,combined_herpes_viruses,HCMV
SRR22753414,2,,,4,,,,,,50,,,2,,,,,,48,combined_herpes_viruses,HHV6B
SRR22753414,0,0,,,,,,,,50,0,,,,,,,,50,combined_herpes_viruses,EBV
SRR22753414,0,,,,,,,,0,50,,,,,,,,0,50,combined_herpes_viruses,VZV_Ellen
SRR22753414,36,,,,,53,,,,50,,,,,17,,,,14,combined_herpes_viruses,HSV1_KOS
SRR22753414,0,,,,,,3,0,,,,,,,,3,0,,,HSV2_StrainG,KSHV
SRR22753414,0,,,,0,,3,,,,,,,0,,3,,,,HSV2_StrainG,HHV7
SRR22753414,0,,0,,,,3,,,,,0,,,,3,,,,HSV2_StrainG,HCMV
SRR22753414,1,,,4,,,3,,,,,,3,,,2,,,,HSV2_StrainG,HHV6B
SRR22753414,0,0,,,,,3,,,,0,,,,,3,,,,HSV2_StrainG,EBV
SRR22753414,0,,,,,,3,,0,,,,,,,3,,0,,HSV2_StrainG,VZV_Ellen
SRR22753414,0,,,,,53,3,,,,,,,,53,3,,,,HSV2_StrainG,HSV1_KOS
SRR22753414,0,,,,0,,,0,,,,,,0,,,0,,,KSHV,HHV7
SRR22753414,0,,0,,,,,0,,,,0,,,,,0,,,KSHV,HCMV
SRR22753414,0,,,4,,,,0,,,,,4,,,,0,,,KSHV,HHV6B
SRR22753414,0,0,,,,,,0,,,0,,,,,,0,,,KSHV,EBV
SRR22753414,0,,,,,,,0,0,,,,,,,,0,0,,KSHV,VZV_Ellen
SRR22753414,0,,,,,53,,0,,,,,,,53,,0,,,KSHV,HSV1_KOS
SRR22753414,0,,0,,0,,,,,,,0,,0,,,,,,HHV7,HCMV
SRR22753414,0,,,4,0,,,,,,,,4,0,,,,,,HHV7,HHV6B
SRR22753414,0,0,,,0,,,,,,0,,,0,,,,,,HHV7,EBV
SRR22753414,0,,,,0,,,,0,,,,,0,,,,0,,HHV7,VZV_Ellen
SRR22753414,0,,,,0,53,,,,,,,,0,53,,,,,HHV7,HSV1_KOS
SRR22753414,0,,0,4,,,,,,,,0,4,,,,,,,HCMV,HHV6B
SRR22753414,0,0,0,,,,,,,,0,0,,,,,,,,HCMV,EBV
SRR22753414,0,,0,,,,,,0,,,0,,,,,,0,,HCMV,VZV_Ellen
SRR22753414,0,,0,,,53,,,,,,0,,,53,,,,,HCMV,HSV1_KOS
SRR22753414,0,0,,4,,,,,,,0,,4,,,,,,,HHV6B,EBV
SRR22753414,0,,,4,,,,,0,,,,4,,,,,0,,HHV6B,VZV_Ellen
SRR22753414,0,,,4,,53,,,,,,,4,,53,,,,,HHV6B,HSV1_KOS
SRR22753414,0,0,,,,,,,0,,0,,,,,,,0,,EBV,VZV_Ellen
SRR22753414,0,0,,,,53,,,,,0,,,,53,,,,,EBV,HSV1_KOS
SRR22753414,0,,,,,53,,,0,,,,,,53,,,0,,VZV_Ellen,HSV1_KOS
SRR22753414,50,,,,,,,,,50,,,,,,,,,0,combined_herpes_viruses,combined_herpes_viruses
SRR22753414,3,,,,,,3,,,,,,,,,0,,,,HSV2_StrainG,HSV2_StrainG
SRR22753414,0,,,,,,,0,,,,,,,,,0,,,KSHV,KSHV
SRR22753414,0,,,,0,,,,,,,,,0,,,,,,HHV7,HHV7
SRR22753414,0,,0,,,,,,,,,0,,,,,,,,HCMV,HCMV
SRR22753414,4,,,4,,,,,,,,,0,,,,,,,HHV6B,HHV6B
SRR22753414,0,0,,,,,,,,,0,,,,,,,,,EBV,EBV
SRR22753414,0,,,,,,,,0,,,,,,,,,0,,VZV_Ellen,VZV_Ellen
SRR22753414,53,,,,,53,,,,,,,,,0,,,,,HSV1_KOS,HSV1_KOS
SRR22753533,0,0,,,,2,,,,,0,,,,2,,,,,EBV,HSV1_KOS
SRR22753533,0,0,,,,,,0,,,0,,,,,,0,,,EBV,KSHV
SRR22753533,0,0,,,,,,,0,,0,,,,,,,0,,EBV,VZV_Ellen
SRR22753533,0,0,0,,,,,,,,0,0,,,,,,,,EBV,HCMV
SRR22753533,0,0,,0,,,,,,,0,,0,,,,,,,EBV,HHV6B
SRR22753533,0,0,,,,,4,,,,0,,,,,4,,,,EBV,HSV2_StrainG
SRR22753533,0,0,,,,,,,,3,0,,,,,,,,3,EBV,combined_herpes_viruses
SRR22753533,0,0,,,0,,,,,,0,,,0,,,,,,EBV,HHV7
SRR22753533,0,,,,,2,,0,,,,,,,2,,0,,,HSV1_KOS,KSHV
SRR22753533,0,,,,,2,,,0,,,,,,2,,,0,,HSV1_KOS,VZV_Ellen
SRR22753533,0,,0,,,2,,,,,,0,,,2,,,,,HSV1_KOS,HCMV
SRR22753533,0,,,0,,2,,,,,,,0,,2,,,,,HSV1_KOS,HHV6B
SRR22753533,0,,,,,2,4,,,,,,,,2,4,,,,HSV1_KOS,HSV2_StrainG
SRR22753533,1,,,,,2,,,,3,,,,,1,,,,2,HSV1_KOS,combined_herpes_viruses
SRR22753533,0,,,,0,2,,,,,,,,0,2,,,,,HSV1_KOS,HHV7
SRR22753533,0,,,,,,,0,0,,,,,,,,0,0,,KSHV,VZV_Ellen
SRR22753533,0,,0,,,,,0,,,,0,,,,,0,,,KSHV,HCMV
SRR22753533,0,,,0,,,,0,,,,,0,,,,0,,,KSHV,HHV6B
SRR22753533,0,,,,,,4,0,,,,,,,,4,0,,,KSHV,HSV2_StrainG
SRR22753533,0,,,,,,,0,,3,,,,,,,0,,3,KSHV,combined_herpes_viruses
SRR22753533,0,,,,0,,,0,,,,,,0,,,0,,,KSHV,HHV7
SRR22753533,0,,0,,,,,,0,,,0,,,,,,0,,VZV_Ellen,HCMV
SRR22753533,0,,,0,,,,,0,,,,0,,,,,0,,VZV_Ellen,HHV6B
SRR22753533,0,,,,,,4,,0,,,,,,,4,,0,,VZV_Ellen,HSV2_StrainG
SRR22753533,0,,,,,,,,0,3,,,,,,,,0,3,VZV_Ellen,combined_herpes_viruses
SRR22753533,0,,,,0,,,,0,,,,,0,,,,0,,VZV_Ellen,HHV7
SRR22753533,0,,0,0,,,,,,,,0,0,,,,,,,HCMV,HHV6B
SRR22753533,0,,0,,,,4,,,,,0,,,,4,,,,HCMV,HSV2_StrainG
SRR22753533,0,,0,,,,,,,3,,0,,,,,,,3,HCMV,combined_herpes_viruses
SRR22753533,0,,0,,0,,,,,,,0,,0,,,,,,HCMV,HHV7
SRR22753533,0,,,0,,,4,,,,,,0,,,4,,,,HHV6B,HSV2_StrainG
SRR22753533,0,,,0,,,,,,3,,,0,,,,,,3,HHV6B,combined_herpes_viruses
SRR22753533,0,,,0,0,,,,,,,,0,0,,,,,,HHV6B,HHV7
SRR22753533,0,,,,,,4,,,3,,,,,,4,,,3,HSV2_StrainG,combined_herpes_viruses
SRR22753533,0,,,,0,,4,,,,,,,0,,4,,,,HSV2_StrainG,HHV7
SRR22753533,0,,,,0,,,,,3,,,,0,,,,,3,combined_herpes_viruses,HHV7
SRR22753533,0,0,,,,,,,,,0,,,,,,,,,EBV,EBV
SRR22753533,2,,,,,2,,,,,,,,,0,,,,,HSV1_KOS,HSV1_KOS
SRR22753533,0,,,,,,,0,,,,,,,,,0,,,KSHV,KSHV
SRR22753533,0,,,,,,,,0,,,,,,,,,0,,VZV_Ellen,VZV_Ellen
SRR22753533,0,,0,,,,,,,,,0,,,,,,,,HCMV,HCMV
SRR22753533,0,,,0,,,,,,,,,0,,,,,,,HHV6B,HHV6B
SRR22753533,4,,,,,,4,,,,,,,,,0,,,,HSV2_StrainG,HSV2_StrainG
SRR22753533,3,,,,,,,,,3,,,,,,,,,0,combined_herpes_viruses,combined_herpes_viruses
SRR22753533,0,,,,0,,,,,,,,,0,,,,,,HHV7,HHV7
SRR22753444,0,0,,,,,,0,,,0,,,,,,0,,,EBV,KSHV
SRR22753444,0,0,0,,,,,,,,0,0,,,,,,,,EBV,HCMV
SRR22753444,0,0,,,,,,,,2,0,,,,,,,,2,EBV,combined_herpes_viruses
SRR22753444,0,0,,,0,,,,,,0,,,0,,,,,,EBV,HHV7
SRR22753444,0,0,,,,4,,,,,0,,,,4,,,,,EBV,HSV1_KOS
SRR22753444,0,0,,0,,,,,,,0,,0,,,,,,,EBV,HHV6B
SRR22753444,0,0,,,,,,,0,,0,,,,,,,0,,EBV,VZV_Ellen
SRR22753444,0,0,,,,,0,,,,0,,,,,0,,,,EBV,HSV2_StrainG
SRR22753444,0,,0,,,,,0,,,,0,,,,,0,,,KSHV,HCMV
SRR22753444,0,,,,,,,0,,2,,,,,,,0,,2,KSHV,combined_herpes_viruses
SRR22753444,0,,,,0,,,0,,,,,,0,,,0,,,KSHV,HHV7
SRR22753444,0,,,,,4,,0,,,,,,,4,,0,,,KSHV,HSV1_KOS
SRR22753444,0,,,0,,,,0,,,,,0,,,,0,,,KSHV,HHV6B
SRR22753444,0,,,,,,,0,0,,,,,,,,0,0,,KSHV,VZV_Ellen
SRR22753444,0,,,,,,0,0,,,,,,,,0,0,,,KSHV,HSV2_StrainG
SRR22753444,0,,0,,,,,,,2,,0,,,,,,,2,HCMV,combined_herpes_viruses
SRR22753444,0,,0,,0,,,,,,,0,,0,,,,,,HCMV,HHV7
SRR22753444,0,,0,,,4,,,,,,0,,,4,,,,,HCMV,HSV1_KOS
SRR22753444,0,,0,0,,,,,,,,0,0,,,,,,,HCMV,HHV6B
SRR22753444,0,,0,,,,,,0,,,0,,,,,,0,,HCMV,VZV_Ellen
SRR22753444,0,,0,,,,0,,,,,0,,,,0,,,,HCMV,HSV2_StrainG
SRR22753444,0,,,,0,,,,,2,,,,0,,,,,2,combined_herpes_viruses,HHV7
SRR22753444,1,,,,,4,,,,2,,,,,3,,,,1,combined_herpes_viruses,HSV1_KOS
SRR22753444,0,,,0,,,,,,2,,,0,,,,,,2,combined_herpes_viruses,HHV6B
SRR22753444,0,,,,,,,,0,2,,,,,,,,0,2,combined_herpes_viruses,VZV_Ellen
SRR22753444,0,,,,,,0,,,2,,,,,,0,,,2,combined_herpes_viruses,HSV2_StrainG
SRR22753444,0,,,,0,4,,,,,,,,0,4,,,,,HHV7,HSV1_KOS
SRR22753444,0,,,0,0,,,,,,,,0,0,,,,,,HHV7,HHV6B
SRR22753444,0,,,,0,,,,0,,,,,0,,,,0,,HHV7,VZV_Ellen
SRR22753444,0,,,,0,,0,,,,,,,0,,0,,,,HHV7,HSV2_StrainG
SRR22753444,0,,,0,,4,,,,,,,0,,4,,,,,HSV1_KOS,HHV6B
SRR22753444,0,,,,,4,,,0,,,,,,4,,,0,,HSV1_KOS,VZV_Ellen
SRR22753444,0,,,,,4,0,,,,,,,,4,0,,,,HSV1_KOS,HSV2_StrainG
SRR22753444,0,,,0,,,,,0,,,,0,,,,,0,,HHV6B,VZV_Ellen
SRR22753444,0,,,0,,,0,,,,,,0,,,0,,,,HHV6B,HSV2_StrainG
SRR22753444,0,,,,,,0,,0,,,,,,,0,,0,,VZV_Ellen,HSV2_StrainG
SRR22753444,0,0,,,,,,,,,0,,,,,,,,,EBV,EBV
SRR22753444,0,,,,,,,0,,,,,,,,,0,,,KSHV,KSHV
SRR22753444,0,,0,,,,,,,,,0,,,,,,,,HCMV,HCMV
SRR22753444,2,,,,,,,,,2,,,,,,,,,0,combined_herpes_viruses,combined_herpes_viruses
SRR22753444,0,,,,0,,,,,,,,,0,,,,,,HHV7,HHV7
SRR22753444,4,,,,,4,,,,,,,,,0,,,,,HSV1_KOS,HSV1_KOS
SRR22753444,0,,,0,,,,,,,,,0,,,,,,,HHV6B,HHV6B
SRR22753444,0,,,,,,,,0,,,,,,,,,0,,VZV_Ellen,VZV_Ellen
SRR22753444,0,,,,,,0,,,,,,,,,0,,,,HSV2_StrainG,HSV2_StrainG
SRR22753456,1,,,,,,,9,,240,,,,,,,8,,239,KSHV,combined_herpes_viruses
SRR22753456,0,,1,,,,,9,,,,1,,,,,9,,,KSHV,HCMV
SRR22753456,0,0,,,,,,9,,,0,,,,,,9,,,KSHV,EBV
SRR22753456,1,,,2,,,,9,,,,,1,,,,8,,,KSHV,HHV6B
SRR22753456,0,,,,,,,9,0,,,,,,,,9,0,,KSHV,VZV_Ellen
SRR22753456,0,,,,,,3,9,,,,,,,,3,9,,,KSHV,HSV2_StrainG
SRR22753456,0,,,,,333,,9,,,,,,,333,,9,,,KSHV,HSV1_KOS
SRR22753456,0,,,,0,,,9,,,,,,0,,,9,,,KSHV,HHV7
SRR22753456,1,,1,,,,,,,240,,0,,,,,,,239,combined_herpes_viruses,HCMV
SRR22753456,0,0,,,,,,,,240,0,,,,,,,,240,combined_herpes_viruses,EBV
SRR22753456,1,,,2,,,,,,240,,,1,,,,,,239,combined_herpes_viruses,HHV6B
SRR22753456,0,,,,,,,,0,240,,,,,,,,0,240,combined_herpes_viruses,VZV_Ellen
SRR22753456,0,,,,,,3,,,240,,,,,,3,,,240,combined_herpes_viruses,HSV2_StrainG
SRR22753456,193,,,,,333,,,,240,,,,,140,,,,47,combined_herpes_viruses,HSV1_KOS
SRR22753456,0,,,,0,,,,,240,,,,0,,,,,240,combined_herpes_viruses,HHV7
SRR22753456,0,0,1,,,,,,,,0,1,,,,,,,,HCMV,EBV
SRR22753456,0,,1,2,,,,,,,,1,2,,,,,,,HCMV,HHV6B
SRR22753456,0,,1,,,,,,0,,,1,,,,,,0,,HCMV,VZV_Ellen
SRR22753456,0,,1,,,,3,,,,,1,,,,3,,,,HCMV,HSV2_StrainG
SRR22753456,0,,1,,,333,,,,,,1,,,333,,,,,HCMV,HSV1_KOS
SRR22753456,0,,1,,0,,,,,,,1,,0,,,,,,HCMV,HHV7
SRR22753456,0,0,,2,,,,,,,0,,2,,,,,,,EBV,HHV6B
SRR22753456,0,0,,,,,,,0,,0,,,,,,,0,,EBV,VZV_Ellen
SRR22753456,0,0,,,,,3,,,,0,,,,,3,,,,EBV,HSV2_StrainG
SRR22753456,0,0,,,,333,,,,,0,,,,333,,,,,EBV,HSV1_KOS
SRR22753456,0,0,,,0,,,,,,0,,,0,,,,,,EBV,HHV7
SRR22753456,0,,,2,,,,,0,,,,2,,,,,0,,HHV6B,VZV_Ellen
SRR22753456,0,,,2,,,3,,,,,,2,,,3,,,,HHV6B,HSV2_StrainG
SRR22753456,0,,,2,,333,,,,,,,2,,333,,,,,HHV6B,HSV1_KOS
SRR22753456,0,,,2,0,,,,,,,,2,0,,,,,,HHV6B,HHV7
SRR22753456,0,,,,,,3,,0,,,,,,,3,,0,,VZV_Ellen,HSV2_StrainG
SRR22753456,0,,,,,333,,,0,,,,,,333,,,0,,VZV_Ellen,HSV1_KOS
SRR22753456,0,,,,0,,,,0,,,,,0,,,,0,,VZV_Ellen,HHV7
SRR22753456,0,,,,,333,3,,,,,,,,333,3,,,,HSV2_StrainG,HSV1_KOS
SRR22753456,0,,,,0,,3,,,,,,,0,,3,,,,HSV2_StrainG,HHV7
SRR22753456,0,,,,0,333,,,,,,,,0,333,,,,,HSV1_KOS,HHV7
SRR22753456,9,,,,,,,9,,,,,,,,,0,,,KSHV,KSHV
SRR22753456,240,,,,,,,,,240,,,,,,,,,0,combined_herpes_viruses,combined_herpes_viruses
SRR22753456,1,,1,,,,,,,,,0,,,,,,,,HCMV,HCMV
SRR22753456,0,0,,,,,,,,,0,,,,,,,,,EBV,EBV
SRR22753456,2,,,2,,,,,,,,,0,,,,,,,HHV6B,HHV6B
SRR22753456,0,,,,,,,,0,,,,,,,,,0,,VZV_Ellen,VZV_Ellen
SRR22753456,3,,,,,,3,,,,,,,,,0,,,,HSV2_StrainG,HSV2_StrainG
SRR22753456,333,,,,,333,,,,,,,,,0,,,,,HSV1_KOS,HSV1_KOS
SRR22753456,0,,,,0,,,,,,,,,0,,,,,,HHV7,HHV7
SRR22753500,5,,,,,10,,,,10,,,,,5,,,,5,combined_herpes_viruses,HSV1_KOS
SRR22753500,0,,,,,,,,0,10,,,,,,,,0,10,combined_herpes_viruses,VZV_Ellen
SRR22753500,0,,0,,,,,,,10,,0,,,,,,,10,combined_herpes_viruses,HCMV
SRR22753500,2,,,3,,,,,,10,,,1,,,,,,8,combined_herpes_viruses,HHV6B
SRR22753500,0,0,,,,,,,,10,0,,,,,,,,10,combined_herpes_viruses,EBV
SRR22753500,0,,,,0,,,,,10,,,,0,,,,,10,combined_herpes_viruses,HHV7
SRR22753500,0,,,,,,3,,,10,,,,,,3,,,10,combined_herpes_viruses,HSV2_StrainG
SRR22753500,3,,,,,,,11,,10,,,,,,,8,,7,combined_herpes_viruses,KSHV
SRR22753500,0,,,,,10,,,0,,,,,,10,,,0,,HSV1_KOS,VZV_Ellen
SRR22753500,0,,0,,,10,,,,,,0,,,10,,,,,HSV1_KOS,HCMV
SRR22753500,0,,,3,,10,,,,,,,3,,10,,,,,HSV1_KOS,HHV6B
SRR22753500,0,0,,,,10,,,,,0,,,,10,,,,,HSV1_KOS,EBV
SRR22753500,0,,,,0,10,,,,,,,,0,10,,,,,HSV1_KOS,HHV7
SRR22753500,0,,,,,10,3,,,,,,,,10,3,,,,HSV1_KOS,HSV2_StrainG
SRR22753500,0,,,,,10,,11,,,,,,,10,,11,,,HSV1_KOS,KSHV
SRR22753500,0,,0,,,,,,0,,,0,,,,,,0,,VZV_Ellen,HCMV
SRR22753500,0,,,3,,,,,0,,,,3,,,,,0,,VZV_Ellen,HHV6B
SRR22753500,0,0,,,,,,,0,,0,,,,,,,0,,VZV_Ellen,EBV
SRR22753500,0,,,,0,,,,0,,,,,0,,,,0,,VZV_Ellen,HHV7
SRR22753500,0,,,,,,3,,0,,,,,,,3,,0,,VZV_Ellen,HSV2_StrainG
SRR22753500,0,,,,,,,11,0,,,,,,,,11,0,,VZV_Ellen,KSHV
SRR22753500,0,,0,3,,,,,,,,0,3,,,,,,,HCMV,HHV6B
SRR22753500,0,0,0,,,,,,,,0,0,,,,,,,,HCMV,EBV
SRR22753500,0,,0,,0,,,,,,,0,,0,,,,,,HCMV,HHV7
SRR22753500,0,,0,,,,3,,,,,0,,,,3,,,,HCMV,HSV2_StrainG
SRR22753500,0,,0,,,,,11,,,,0,,,,,11,,,HCMV,KSHV
SRR22753500,0,0,,3,,,,,,,0,,3,,,,,,,HHV6B,EBV
SRR22753500,0,,,3,0,,,,,,,,3,0,,,,,,HHV6B,HHV7
SRR22753500,0,,,3,,,3,,,,,,3,,,3,,,,HHV6B,HSV2_StrainG
SRR22753500,1,,,3,,,,11,,,,,2,,,,10,,,HHV6B,KSHV
SRR22753500,0,0,,,0,,,,,,0,,,0,,,,,,EBV,HHV7
SRR22753500,0,0,,,,,3,,,,0,,,,,3,,,,EBV,HSV2_StrainG
SRR22753500,0,0,,,,,,11,,,0,,,,,,11,,,EBV,KSHV
SRR22753500,0,,,,0,,3,,,,,,,0,,3,,,,HHV7,HSV2_StrainG
SRR22753500,0,,,,0,,,11,,,,,,0,,,11,,,HHV7,KSHV
SRR22753500,0,,,,,,3,11,,,,,,,,3,11,,,HSV2_StrainG,KSHV
SRR22753500,10,,,,,,,,,10,,,,,,,,,0,combined_herpes_viruses,combined_herpes_viruses
SRR22753500,10,,,,,10,,,,,,,,,0,,,,,HSV1_KOS,HSV1_KOS
SRR22753500,0,,,,,,,,0,,,,,,,,,0,,VZV_Ellen,VZV_Ellen
SRR22753500,0,,0,,,,,,,,,0,,,,,,,,HCMV,HCMV
SRR22753500,3,,,3,,,,,,,,,0,,,,,,,HHV6B,HHV6B
SRR22753500,0,0,,,,,,,,,0,,,,,,,,,EBV,EBV
SRR22753500,0,,,,0,,,,,,,,,0,,,,,,HHV7,HHV7
SRR22753500,3,,,,,,3,,,,,,,,,0,,,,HSV2_StrainG,HSV2_StrainG
SRR22753500,11,,,,,,,11,,,,,,,,,0,,,KSHV,KSHV
SRR22753503,0,,0,,,,,,,12,,0,,,,,,,12,combined_herpes_viruses,HCMV
SRR22753503,0,,,,,,,0,,12,,,,,,,0,,12,combined_herpes_viruses,KSHV
SRR22753503,9,,,,,14,,,,12,,,,,5,,,,3,combined_herpes_viruses,HSV1_KOS
SRR22753503,0,,,,,,,,0,12,,,,,,,,0,12,combined_herpes_viruses,VZV_Ellen
SRR22753503,0,,,,,,2,,,12,,,,,,2,,,12,combined_herpes_viruses,HSV2_StrainG
SRR22753503,0,0,,,,,,,,12,0,,,,,,,,12,combined_herpes_viruses,EBV
SRR22753503,0,,,,0,,,,,12,,,,0,,,,,12,combined_herpes_viruses,HHV7
SRR22753503,0,,,0,,,,,,12,,,0,,,,,,12,combined_herpes_viruses,HHV6B
SRR22753503,0,,0,,,,,0,,,,0,,,,,0,,,HCMV,KSHV
SRR22753503,0,,0,,,14,,,,,,0,,,14,,,,,HCMV,HSV1_KOS
SRR22753503,0,,0,,,,,,0,,,0,,,,,,0,,HCMV,VZV_Ellen
SRR22753503,0,,0,,,,2,,,,,0,,,,2,,,,HCMV,HSV2_StrainG
SRR22753503,0,0,0,,,,,,,,0,0,,,,,,,,HCMV,EBV
SRR22753503,0,,0,,0,,,,,,,0,,0,,,,,,HCMV,HHV7
SRR22753503,0,,0,0,,,,,,,,0,0,,,,,,,HCMV,HHV6B
SRR22753503,0,,,,,14,,0,,,,,,,14,,0,,,KSHV,HSV1_KOS
SRR22753503,0,,,,,,,0,0,,,,,,,,0,0,,KSHV,VZV_Ellen
SRR22753503,0,,,,,,2,0,,,,,,,,2,0,,,KSHV,HSV2_StrainG
SRR22753503,0,0,,,,,,0,,,0,,,,,,0,,,KSHV,EBV
SRR22753503,0,,,,0,,,0,,,,,,0,,,0,,,KSHV,HHV7
SRR22753503,0,,,0,,,,0,,,,,0,,,,0,,,KSHV,HHV6B
SRR22753503,0,,,,,14,,,0,,,,,,14,,,0,,HSV1_KOS,VZV_Ellen
SRR22753503,0,,,,,14,2,,,,,,,,14,2,,,,HSV1_KOS,HSV2_StrainG
SRR22753503,0,0,,,,14,,,,,0,,,,14,,,,,HSV1_KOS,EBV
SRR22753503,0,,,,0,14,,,,,,,,0,14,,,,,HSV1_KOS,HHV7
SRR22753503,0,,,0,,14,,,,,,,0,,14,,,,,HSV1_KOS,HHV6B
SRR22753503,0,,,,,,2,,0,,,,,,,2,,0,,VZV_Ellen,HSV2_StrainG
SRR22753503,0,0,,,,,,,0,,0,,,,,,,0,,VZV_Ellen,EBV
SRR22753503,0,,,,0,,,,0,,,,,0,,,,0,,VZV_Ellen,HHV7
SRR22753503,0,,,0,,,,,0,,,,0,,,,,0,,VZV_Ellen,HHV6B
SRR22753503,0,0,,,,,2,,,,0,,,,,2,,,,HSV2_StrainG,EBV
SRR22753503,0,,,,0,,2,,,,,,,0,,2,,,,HSV2_StrainG,HHV7
SRR22753503,0,,,0,,,2,,,,,,0,,,2,,,,HSV2_StrainG,HHV6B
SRR22753503,0,0,,,0,,,,,,0,,,0,,,,,,EBV,HHV7
SRR22753503,0,0,,0,,,,,,,0,,0,,,,,,,EBV,HHV6B
SRR22753503,0,,,0,0,,,,,,,,0,0,,,,,,HHV7,HHV6B
SRR22753503,12,,,,,,,,,12,,,,,,,,,0,combined_herpes_viruses,combined_herpes_viruses
SRR22753503,0,,0,,,,,,,,,0,,,,,,,,HCMV,HCMV
SRR22753503,0,,,,,,,0,,,,,,,,,0,,,KSHV,KSHV
SRR22753503,14,,,,,14,,,,,,,,,0,,,,,HSV1_KOS,HSV1_KOS
SRR22753503,0,,,,,,,,0,,,,,,,,,0,,VZV_Ellen,VZV_Ellen
SRR22753503,2,,,,,,2,,,,,,,,,0,,,,HSV2_StrainG,HSV2_StrainG
SRR22753503,0,0,,,,,,,,,0,,,,,,,,,EBV,EBV
SRR22753503,0,,,,0,,,,,,,,,0,,,,,,HHV7,HHV7
SRR22753503,0,,,0,,,,,,,,,0,,,,,,,HHV6B,HHV6B
SRR22753459,0,0,,,,,,2,,,0,,,,,,2,,,EBV,KSHV
SRR22753459,0,0,,,0,,,,,,0,,,0,,,,,,EBV,HHV7
SRR22753459,0,0,,,,,,,0,,0,,,,,,,0,,EBV,VZV_Ellen
SRR22753459,0,0,,,,161,,,,,0,,,,161,,,,,EBV,HSV1_KOS
SRR22753459,0,0,0,,,,,,,,0,0,,,,,,,,EBV,HCMV
SRR22753459,0,0,,3,,,,,,,0,,3,,,,,,,EBV,HHV6B
SRR22753459,0,0,,,,,3,,,,0,,,,,3,,,,EBV,HSV2_StrainG
SRR22753459,0,0,,,,,,,,135,0,,,,,,,,135,EBV,combined_herpes_viruses
SRR22753459,0,,,,0,,,2,,,,,,0,,,2,,,KSHV,HHV7
SRR22753459,0,,,,,,,2,0,,,,,,,,2,0,,KSHV,VZV_Ellen
SRR22753459,0,,,,,161,,2,,,,,,,161,,2,,,KSHV,HSV1_KOS
SRR22753459,0,,0,,,,,2,,,,0,,,,,2,,,KSHV,HCMV
SRR22753459,0,,,3,,,,2,,,,,3,,,,2,,,KSHV,HHV6B
SRR22753459,1,,,,,,3,2,,,,,,,,2,1,,,KSHV,HSV2_StrainG
SRR22753459,0,,,,,,,2,,135,,,,,,,2,,135,KSHV,combined_herpes_viruses
SRR22753459,0,,,,0,,,,0,,,,,0,,,,0,,HHV7,VZV_Ellen
SRR22753459,0,,,,0,161,,,,,,,,0,161,,,,,HHV7,HSV1_KOS
SRR22753459,0,,0,,0,,,,,,,0,,0,,,,,,HHV7,HCMV
SRR22753459,0,,,3,0,,,,,,,,3,0,,,,,,HHV7,HHV6B
SRR22753459,0,,,,0,,3,,,,,,,0,,3,,,,HHV7,HSV2_StrainG
SRR22753459,0,,,,0,,,,,135,,,,0,,,,,135,HHV7,combined_herpes_viruses
SRR22753459,0,,,,,161,,,0,,,,,,161,,,0,,VZV_Ellen,HSV1_KOS
SRR22753459,0,,0,,,,,,0,,,0,,,,,,0,,VZV_Ellen,HCMV
SRR22753459,0,,,3,,,,,0,,,,3,,,,,0,,VZV_Ellen,HHV6B
SRR22753459,0,,,,,,3,,0,,,,,,,3,,0,,VZV_Ellen,HSV2_StrainG
SRR22753459,0,,,,,,,,0,135,,,,,,,,0,135,VZV_Ellen,combined_herpes_viruses
SRR22753459,0,,0,,,161,,,,,,0,,,161,,,,,HSV1_KOS,HCMV
SRR22753459,0,,,3,,161,,,,,,,3,,161,,,,,HSV1_KOS,HHV6B
SRR22753459,0,,,,,161,3,,,,,,,,161,3,,,,HSV1_KOS,HSV2_StrainG
SRR22753459,98,,,,,161,,,,135,,,,,63,,,,37,HSV1_KOS,combined_herpes_viruses
SRR22753459,0,,0,3,,,,,,,,0,3,,,,,,,HCMV,HHV6B
SRR22753459,0,,0,,,,3,,,,,0,,,,3,,,,HCMV,HSV2_StrainG
SRR22753459,0,,0,,,,,,,135,,0,,,,,,,135,HCMV,combined_herpes_viruses
SRR22753459,0,,,3,,,3,,,,,,3,,,3,,,,HHV6B,HSV2_StrainG
SRR22753459,0,,,3,,,,,,135,,,3,,,,,,135,HHV6B,combined_herpes_viruses
SRR22753459,0,,,,,,3,,,135,,,,,,3,,,135,HSV2_StrainG,combined_herpes_viruses
SRR22753459,0,0,,,,,,,,,0,,,,,,,,,EBV,EBV
SRR22753459,2,,,,,,,2,,,,,,,,,0,,,KSHV,KSHV
SRR22753459,0,,,,0,,,,,,,,,0,,,,,,HHV7,HHV7
SRR22753459,0,,,,,,,,0,,,,,,,,,0,,VZV_Ellen,VZV_Ellen
SRR22753459,161,,,,,161,,,,,,,,,0,,,,,HSV1_KOS,HSV1_KOS
SRR22753459,0,,0,,,,,,,,,0,,,,,,,,HCMV,HCMV
SRR22753459,3,,,3,,,,,,,,,0,,,,,,,HHV6B,HHV6B
SRR22753459,3,,,,,,3,,,,,,,,,0,,,,HSV2_StrainG,HSV2_StrainG
SRR22753459,135,,,,,,,,,135,,,,,,,,,0,combined_herpes_viruses,combined_herpes_viruses
SRR22753538,0,,,,0,,,,,0,,,,0,,,,,0,combined_herpes_viruses,HHV7
SRR22753538,0,,,,,,,,0,0,,,,,,,,0,0,combined_herpes_viruses,VZV_Ellen
SRR22753538,0,0,,,,,,,,0,0,,,,,,,,0,combined_herpes_viruses,EBV
SRR22753538,0,,,0,,,,,,0,,,0,,,,,,0,combined_herpes_viruses,HHV6B
SRR22753538,0,,0,,,,,,,0,,0,,,,,,,0,combined_herpes_viruses,HCMV
SRR22753538,0,,,,,,3,,,0,,,,,,3,,,0,combined_herpes_viruses,HSV2_StrainG
SRR22753538,0,,,,,,,3,,0,,,,,,,3,,0,combined_herpes_viruses,KSHV
SRR22753538,0,,,,,2,,,,0,,,,,2,,,,0,combined_herpes_viruses,HSV1_KOS
SRR22753538,0,,,,0,,,,0,,,,,0,,,,0,,HHV7,VZV_Ellen
SRR22753538,0,0,,,0,,,,,,0,,,0,,,,,,HHV7,EBV
SRR22753538,0,,,0,0,,,,,,,,0,0,,,,,,HHV7,HHV6B
SRR22753538,0,,0,,0,,,,,,,0,,0,,,,,,HHV7,HCMV
SRR22753538,0,,,,0,,3,,,,,,,0,,3,,,,HHV7,HSV2_StrainG
SRR22753538,0,,,,0,,,3,,,,,,0,,,3,,,HHV7,KSHV
SRR22753538,0,,,,0,2,,,,,,,,0,2,,,,,HHV7,HSV1_KOS
SRR22753538,0,0,,,,,,,0,,0,,,,,,,0,,VZV_Ellen,EBV
SRR22753538,0,,,0,,,,,0,,,,0,,,,,0,,VZV_Ellen,HHV6B
SRR22753538,0,,0,,,,,,0,,,0,,,,,,0,,VZV_Ellen,HCMV
SRR22753538,0,,,,,,3,,0,,,,,,,3,,0,,VZV_Ellen,HSV2_StrainG
SRR22753538,0,,,,,,,3,0,,,,,,,,3,0,,VZV_Ellen,KSHV
SRR22753538,0,,,,,2,,,0,,,,,,2,,,0,,VZV_Ellen,HSV1_KOS
SRR22753538,0,0,,0,,,,,,,0,,0,,,,,,,EBV,HHV6B
SRR22753538,0,0,0,,,,,,,,0,0,,,,,,,,EBV,HCMV
SRR22753538,0,0,,,,,3,,,,0,,,,,3,,,,EBV,HSV2_StrainG
SRR22753538,0,0,,,,,,3,,,0,,,,,,3,,,EBV,KSHV
SRR22753538,0,0,,,,2,,,,,0,,,,2,,,,,EBV,HSV1_KOS
SRR22753538,0,,0,0,,,,,,,,0,0,,,,,,,HHV6B,HCMV
SRR22753538,0,,,0,,,3,,,,,,0,,,3,,,,HHV6B,HSV2_StrainG
SRR22753538,0,,,0,,,,3,,,,,0,,,,3,,,HHV6B,KSHV
SRR22753538,0,,,0,,2,,,,,,,0,,2,,,,,HHV6B,HSV1_KOS
SRR22753538,0,,0,,,,3,,,,,0,,,,3,,,,HCMV,HSV2_StrainG
SRR22753538,0,,0,,,,,3,,,,0,,,,,3,,,HCMV,KSHV
SRR22753538,0,,0,,,2,,,,,,0,,,2,,,,,HCMV,HSV1_KOS
SRR22753538,0,,,,,,3,3,,,,,,,,3,3,,,HSV2_StrainG,KSHV
SRR22753538,0,,,,,2,3,,,,,,,,2,3,,,,HSV2_StrainG,HSV1_KOS
SRR22753538,0,,,,,2,,3,,,,,,,2,,3,,,KSHV,HSV1_KOS
SRR22753538,0,,,,,,,,,0,,,,,,,,,0,combined_herpes_viruses,combined_herpes_viruses
SRR22753538,0,,,,0,,,,,,,,,0,,,,,,HHV7,HHV7
SRR22753538,0,,,,,,,,0,,,,,,,,,0,,VZV_Ellen,VZV_Ellen
SRR22753538,0,0,,,,,,,,,0,,,,,,,,,EBV,EBV
SRR22753538,0,,,0,,,,,,,,,0,,,,,,,HHV6B,HHV6B
SRR22753538,0,,0,,,,,,,,,0,,,,,,,,HCMV,HCMV
SRR22753538,3,,,,,,3,,,,,,,,,0,,,,HSV2_StrainG,HSV2_StrainG
SRR22753538,3,,,,,,,3,,,,,,,,,0,,,KSHV,KSHV
SRR22753538,2,,,,,2,,,,,,,,,0,,,,,HSV1_KOS,HSV1_KOS
SRR22753423,0,0,,,0,,,,,,0,,,0,,,,,,EBV,HHV7
SRR22753423,0,0,,,,,,,,3,0,,,,,,,,3,EBV,combined_herpes_viruses
SRR22753423,0,0,,1,,,,,,,0,,1,,,,,,,EBV,HHV6B
SRR22753423,0,0,0,,,,,,,,0,0,,,,,,,,EBV,HCMV
SRR22753423,0,0,,,,6,,,,,0,,,,6,,,,,EBV,HSV1_KOS
SRR22753423,0,0,,,,,,,0,,0,,,,,,,0,,EBV,VZV_Ellen
SRR22753423,0,0,,,,,3,,,,0,,,,,3,,,,EBV,HSV2_StrainG
SRR22753423,0,0,,,,,,4,,,0,,,,,,4,,,EBV,KSHV
SRR22753423,0,,,,0,,,,,3,,,,0,,,,,3,HHV7,combined_herpes_viruses
SRR22753423,0,,,1,0,,,,,,,,1,0,,,,,,HHV7,HHV6B
SRR22753423,0,,0,,0,,,,,,,0,,0,,,,,,HHV7,HCMV
SRR22753423,0,,,,0,6,,,,,,,,0,6,,,,,HHV7,HSV1_KOS
SRR22753423,0,,,,0,,,,0,,,,,0,,,,0,,HHV7,VZV_Ellen
SRR22753423,0,,,,0,,3,,,,,,,0,,3,,,,HHV7,HSV2_StrainG
SRR22753423,0,,,,0,,,4,,,,,,0,,,4,,,HHV7,KSHV
SRR22753423,1,,,1,,,,,,3,,,0,,,,,,2,combined_herpes_viruses,HHV6B
SRR22753423,0,,0,,,,,,,3,,0,,,,,,,3,combined_herpes_viruses,HCMV
SRR22753423,1,,,,,6,,,,3,,,,,5,,,,2,combined_herpes_viruses,HSV1_KOS
SRR22753423,0,,,,,,,,0,3,,,,,,,,0,3,combined_herpes_viruses,VZV_Ellen
SRR22753423,0,,,,,,3,,,3,,,,,,3,,,3,combined_herpes_viruses,HSV2_StrainG
SRR22753423,0,,,,,,,4,,3,,,,,,,4,,3,combined_herpes_viruses,KSHV
SRR22753423,0,,0,1,,,,,,,,0,1,,,,,,,HHV6B,HCMV
SRR22753423,0,,,1,,6,,,,,,,1,,6,,,,,HHV6B,HSV1_KOS
SRR22753423,0,,,1,,,,,0,,,,1,,,,,0,,HHV6B,VZV_Ellen
SRR22753423,0,,,1,,,3,,,,,,1,,,3,,,,HHV6B,HSV2_StrainG
SRR22753423,0,,,1,,,,4,,,,,1,,,,4,,,HHV6B,KSHV
SRR22753423,0,,0,,,6,,,,,,0,,,6,,,,,HCMV,HSV1_KOS
SRR22753423,0,,0,,,,,,0,,,0,,,,,,0,,HCMV,VZV_Ellen
SRR22753423,0,,0,,,,3,,,,,0,,,,3,,,,HCMV,HSV2_StrainG
SRR22753423,0,,0,,,,,4,,,,0,,,,,4,,,HCMV,KSHV
SRR22753423,0,,,,,6,,,0,,,,,,6,,,0,,HSV1_KOS,VZV_Ellen
SRR22753423,0,,,,,6,3,,,,,,,,6,3,,,,HSV1_KOS,HSV2_StrainG
SRR22753423,0,,,,,6,,4,,,,,,,6,,4,,,HSV1_KOS,KSHV
SRR22753423,0,,,,,,3,,0,,,,,,,3,,0,,VZV_Ellen,HSV2_StrainG
SRR22753423,0,,,,,,,4,0,,,,,,,,4,0,,VZV_Ellen,KSHV
SRR22753423,0,,,,,,3,4,,,,,,,,3,4,,,HSV2_StrainG,KSHV
SRR22753423,0,0,,,,,,,,,0,,,,,,,,,EBV,EBV
SRR22753423,0,,,,0,,,,,,,,,0,,,,,,HHV7,HHV7
SRR22753423,3,,,,,,,,,3,,,,,,,,,0,combined_herpes_viruses,combined_herpes_viruses
SRR22753423,1,,,1,,,,,,,,,0,,,,,,,HHV6B,HHV6B
SRR22753423,0,,0,,,,,,,,,0,,,,,,,,HCMV,HCMV
SRR22753423,6,,,,,6,,,,,,,,,0,,,,,HSV1_KOS,HSV1_KOS
SRR22753423,0,,,,,,,,0,,,,,,,,,0,,VZV_Ellen,VZV_Ellen
SRR22753423,3,,,,,,3,,,,,,,,,0,,,,HSV2_StrainG,HSV2_StrainG
SRR22753423,4,,,,,,,4,,,,,,,,,0,,,KSHV,KSHV
SRR22753375,0,,,,,41,,4,,,,,,,41,,4,,,HSV1_KOS,KSHV
SRR22753375,0,,,1,,41,,,,,,,1,,41,,,,,HSV1_KOS,HHV6B
SRR22753375,20,,,,,41,,,,29,,,,,21,,,,9,HSV1_KOS,combined_herpes_viruses
SRR22753375,0,0,,,,41,,,,,0,,,,41,,,,,HSV1_KOS,EBV
SRR22753375,0,,,,,41,,,0,,,,,,41,,,0,,HSV1_KOS,VZV_Ellen
SRR22753375,0,,,,0,41,,,,,,,,0,41,,,,,HSV1_KOS,HHV7
SRR22753375,0,,,,,41,1,,,,,,,,41,1,,,,HSV1_KOS,HSV2_StrainG
SRR22753375,0,,0,,,41,,,,,,0,,,41,,,,,HSV1_KOS,HCMV
SRR22753375,1,,,1,,,,4,,,,,0,,,,3,,,KSHV,HHV6B
SRR22753375,0,,,,,,,4,,29,,,,,,,4,,29,KSHV,combined_herpes_viruses
SRR22753375,0,0,,,,,,4,,,0,,,,,,4,,,KSHV,EBV
SRR22753375,0,,,,,,,4,0,,,,,,,,4,0,,KSHV,VZV_Ellen
SRR22753375,0,,,,0,,,4,,,,,,0,,,4,,,KSHV,HHV7
SRR22753375,0,,,,,,1,4,,,,,,,,1,4,,,KSHV,HSV2_StrainG
SRR22753375,0,,0,,,,,4,,,,0,,,,,4,,,KSHV,HCMV
SRR22753375,0,,,1,,,,,,29,,,1,,,,,,29,HHV6B,combined_herpes_viruses
SRR22753375,0,0,,1,,,,,,,0,,1,,,,,,,HHV6B,EBV
SRR22753375,0,,,1,,,,,0,,,,1,,,,,0,,HHV6B,VZV_Ellen
SRR22753375,0,,,1,0,,,,,,,,1,0,,,,,,HHV6B,HHV7
SRR22753375,0,,,1,,,1,,,,,,1,,,1,,,,HHV6B,HSV2_StrainG
SRR22753375,0,,0,1,,,,,,,,0,1,,,,,,,HHV6B,HCMV
SRR22753375,0,0,,,,,,,,29,0,,,,,,,,29,combined_herpes_viruses,EBV
SRR22753375,0,,,,,,,,0,29,,,,,,,,0,29,combined_herpes_viruses,VZV_Ellen
SRR22753375,0,,,,0,,,,,29,,,,0,,,,,29,combined_herpes_viruses,HHV7
SRR22753375,0,,,,,,1,,,29,,,,,,1,,,29,combined_herpes_viruses,HSV2_StrainG
SRR22753375,0,,0,,,,,,,29,,0,,,,,,,29,combined_herpes_viruses,HCMV
SRR22753375,0,0,,,,,,,0,,0,,,,,,,0,,EBV,VZV_Ellen
SRR22753375,0,0,,,0,,,,,,0,,,0,,,,,,EBV,HHV7
SRR22753375,0,0,,,,,1,,,,0,,,,,1,,,,EBV,HSV2_StrainG
SRR22753375,0,0,0,,,,,,,,0,0,,,,,,,,EBV,HCMV
SRR22753375,0,,,,0,,,,0,,,,,0,,,,0,,VZV_Ellen,HHV7
SRR22753375,0,,,,,,1,,0,,,,,,,1,,0,,VZV_Ellen,HSV2_StrainG
SRR22753375,0,,0,,,,,,0,,,0,,,,,,0,,VZV_Ellen,HCMV
SRR22753375,0,,,,0,,1,,,,,,,0,,1,,,,HHV7,HSV2_StrainG
SRR22753375,0,,0,,0,,,,,,,0,,0,,,,,,HHV7,HCMV
SRR22753375,0,,0,,,,1,,,,,0,,,,1,,,,HSV2_StrainG,HCMV
SRR22753375,41,,,,,41,,,,,,,,,0,,,,,HSV1_KOS,HSV1_KOS
SRR22753375,4,,,,,,,4,,,,,,,,,0,,,KSHV,KSHV
SRR22753375,1,,,1,,,,,,,,,0,,,,,,,HHV6B,HHV6B
SRR22753375,29,,,,,,,,,29,,,,,,,,,0,combined_herpes_viruses,combined_herpes_viruses
SRR22753375,0,0,,,,,,,,,0,,,,,,,,,EBV,EBV
SRR22753375,0,,,,,,,,0,,,,,,,,,0,,VZV_Ellen,VZV_Ellen
SRR22753375,0,,,,0,,,,,,,,,0,,,,,,HHV7,HHV7
SRR22753375,1,,,,,,1,,,,,,,,,0,,,,HSV2_StrainG,HSV2_StrainG
SRR22753375,0,,0,,,,,,,,,0,,,,,,,,HCMV,HCMV
SRR22753477,0,,0,4,,,,,,,,0,4,,,,,,,HHV6B,HCMV
SRR22753477,0,,,4,0,,,,,,,,4,0,,,,,,HHV6B,HHV7
SRR22753477,2,,,4,,,,,,25,,,2,,,,,,23,HHV6B,combined_herpes_viruses
SRR22753477,1,,,4,,,11,,,,,,3,,,10,,,,HHV6B,HSV2_StrainG
SRR22753477,0,0,,4,,,,,,,0,,4,,,,,,,HHV6B,EBV
SRR22753477,2,,,4,,,,18,,,,,2,,,,16,,,HHV6B,KSHV
SRR22753477,0,,,4,,,,,1,,,,4,,,,,1,,HHV6B,VZV_Ellen
SRR22753477,1,,,4,,33,,,,,,,3,,32,,,,,HHV6B,HSV1_KOS
SRR22753477,0,,0,,0,,,,,,,0,,0,,,,,,HCMV,HHV7
SRR22753477,0,,0,,,,,,,25,,0,,,,,,,25,HCMV,combined_herpes_viruses
SRR22753477,0,,0,,,,11,,,,,0,,,,11,,,,HCMV,HSV2_StrainG
SRR22753477,0,0,0,,,,,,,,0,0,,,,,,,,HCMV,EBV
SRR22753477,0,,0,,,,,18,,,,0,,,,,18,,,HCMV,KSHV
SRR22753477,0,,0,,,,,,1,,,0,,,,,,1,,HCMV,VZV_Ellen
SRR22753477,0,,0,,,33,,,,,,0,,,33,,,,,HCMV,HSV1_KOS
SRR22753477,0,,,,0,,,,,25,,,,0,,,,,25,HHV7,combined_herpes_viruses
SRR22753477,0,,,,0,,11,,,,,,,0,,11,,,,HHV7,HSV2_StrainG
SRR22753477,0,0,,,0,,,,,,0,,,0,,,,,,HHV7,EBV
SRR22753477,0,,,,0,,,18,,,,,,0,,,18,,,HHV7,KSHV
SRR22753477,0,,,,0,,,,1,,,,,0,,,,1,,HHV7,VZV_Ellen
SRR22753477,0,,,,0,33,,,,,,,,0,33,,,,,HHV7,HSV1_KOS
SRR22753477,1,,,,,,11,,,25,,,,,,10,,,24,combined_herpes_viruses,HSV2_StrainG
SRR22753477,0,0,,,,,,,,25,0,,,,,,,,25,combined_herpes_viruses,EBV
SRR22753477,4,,,,,,,18,,25,,,,,,,14,,21,combined_herpes_viruses,KSHV
SRR22753477,0,,,,,,,,1,25,,,,,,,,1,25,combined_herpes_viruses,VZV_Ellen
SRR22753477,13,,,,,33,,,,25,,,,,20,,,,12,combined_herpes_viruses,HSV1_KOS
SRR22753477,0,0,,,,,11,,,,0,,,,,11,,,,HSV2_StrainG,EBV
SRR22753477,1,,,,,,11,18,,,,,,,,10,17,,,HSV2_StrainG,KSHV
SRR22753477,0,,,,,,11,,1,,,,,,,11,,1,,HSV2_StrainG,VZV_Ellen
SRR22753477,1,,,,,33,11,,,,,,,,32,10,,,,HSV2_StrainG,HSV1_KOS
SRR22753477,0,0,,,,,,18,,,0,,,,,,18,,,EBV,KSHV
SRR22753477,0,0,,,,,,,1,,0,,,,,,,1,,EBV,VZV_Ellen
SRR22753477,0,0,,,,33,,,,,0,,,,33,,,,,EBV,HSV1_KOS
SRR22753477,0,,,,,,,18,1,,,,,,,,18,1,,KSHV,VZV_Ellen
SRR22753477,1,,,,,33,,18,,,,,,,32,,17,,,KSHV,HSV1_KOS
SRR22753477,0,,,,,33,,,1,,,,,,33,,,1,,VZV_Ellen,HSV1_KOS
SRR22753477,4,,,4,,,,,,,,,0,,,,,,,HHV6B,HHV6B
SRR22753477,0,,0,,,,,,,,,0,,,,,,,,HCMV,HCMV
SRR22753477,0,,,,0,,,,,,,,,0,,,,,,HHV7,HHV7
SRR22753477,25,,,,,,,,,25,,,,,,,,,0,combined_herpes_viruses,combined_herpes_viruses
SRR22753477,11,,,,,,11,,,,,,,,,0,,,,HSV2_StrainG,HSV2_StrainG
SRR22753477,0,0,,,,,,,,,0,,,,,,,,,EBV,EBV
SRR22753477,18,,,,,,,18,,,,,,,,,0,,,KSHV,KSHV
SRR22753477,1,,,,,,,,1,,,,,,,,,0,,VZV_Ellen,VZV_Ellen
SRR22753477,33,,,,,33,,,,,,,,,0,,,,,HSV1_KOS,HSV1_KOS
SRR22753435,2,,,2,,,,4,,,,,0,,,,2,,,KSHV,HHV6B
SRR22753435,0,,,,,,,4,0,,,,,,,,4,0,,KSHV,VZV_Ellen
SRR22753435,0,,,,,21,,4,,,,,,,21,,4,,,KSHV,HSV1_KOS
SRR22753435,1,,,,,,1,4,,,,,,,,0,3,,,KSHV,HSV2_StrainG
SRR22753435,0,,,,0,,,4,,,,,,0,,,4,,,KSHV,HHV7
SRR22753435,0,0,,,,,,4,,,0,,,,,,4,,,KSHV,EBV
SRR22753435,1,,,,,,,4,,15,,,,,,,3,,14,KSHV,combined_herpes_viruses
SRR22753435,0,,0,,,,,4,,,,0,,,,,4,,,KSHV,HCMV
SRR22753435,0,,,2,,,,,0,,,,2,,,,,0,,HHV6B,VZV_Ellen
SRR22753435,0,,,2,,21,,,,,,,2,,21,,,,,HHV6B,HSV1_KOS
SRR22753435,1,,,2,,,1,,,,,,1,,,0,,,,HHV6B,HSV2_StrainG
SRR22753435,0,,,2,0,,,,,,,,2,0,,,,,,HHV6B,HHV7
SRR22753435,0,0,,2,,,,,,,0,,2,,,,,,,HHV6B,EBV
SRR22753435,1,,,2,,,,,,15,,,1,,,,,,14,HHV6B,combined_herpes_viruses
SRR22753435,0,,0,2,,,,,,,,0,2,,,,,,,HHV6B,HCMV
SRR22753435,0,,,,,21,,,0,,,,,,21,,,0,,VZV_Ellen,HSV1_KOS
SRR22753435,0,,,,,,1,,0,,,,,,,1,,0,,VZV_Ellen,HSV2_StrainG
SRR22753435,0,,,,0,,,,0,,,,,0,,,,0,,VZV_Ellen,HHV7
SRR22753435,0,0,,,,,,,0,,0,,,,,,,0,,VZV_Ellen,EBV
SRR22753435,0,,,,,,,,0,15,,,,,,,,0,15,VZV_Ellen,combined_herpes_viruses
SRR22753435,0,,0,,,,,,0,,,0,,,,,,0,,VZV_Ellen,HCMV
SRR22753435,0,,,,,21,1,,,,,,,,21,1,,,,HSV1_KOS,HSV2_StrainG
SRR22753435,0,,,,0,21,,,,,,,,0,21,,,,,HSV1_KOS,HHV7
SRR22753435,0,0,,,,21,,,,,0,,,,21,,,,,HSV1_KOS,EBV
SRR22753435,11,,,,,21,,,,15,,,,,10,,,,4,HSV1_KOS,combined_herpes_viruses
SRR22753435,0,,0,,,21,,,,,,0,,,21,,,,,HSV1_KOS,HCMV
SRR22753435,0,,,,0,,1,,,,,,,0,,1,,,,HSV2_StrainG,HHV7
SRR22753435,0,0,,,,,1,,,,0,,,,,1,,,,HSV2_StrainG,EBV
SRR22753435,1,,,,,,1,,,15,,,,,,0,,,14,HSV2_StrainG,combined_herpes_viruses
SRR22753435,0,,0,,,,1,,,,,0,,,,1,,,,HSV2_StrainG,HCMV
SRR22753435,0,0,,,0,,,,,,0,,,0,,,,,,HHV7,EBV
SRR22753435,0,,,,0,,,,,15,,,,0,,,,,15,HHV7,combined_herpes_viruses
SRR22753435,0,,0,,0,,,,,,,0,,0,,,,,,HHV7,HCMV
SRR22753435,0,0,,,,,,,,15,0,,,,,,,,15,EBV,combined_herpes_viruses
SRR22753435,0,0,0,,,,,,,,0,0,,,,,,,,EBV,HCMV
SRR22753435,0,,0,,,,,,,15,,0,,,,,,,15,combined_herpes_viruses,HCMV
SRR22753435,4,,,,,,,4,,,,,,,,,0,,,KSHV,KSHV
SRR22753435,2,,,2,,,,,,,,,0,,,,,,,HHV6B,HHV6B
SRR22753435,0,,,,,,,,0,,,,,,,,,0,,VZV_Ellen,VZV_Ellen
SRR22753435,21,,,,,21,,,,,,,,,0,,,,,HSV1_KOS,HSV1_KOS
SRR22753435,1,,,,,,1,,,,,,,,,0,,,,HSV2_StrainG,HSV2_StrainG
SRR22753435,0,,,,0,,,,,,,,,0,,,,,,HHV7,HHV7
SRR22753435,0,0,,,,,,,,,0,,,,,,,,,EBV,EBV
SRR22753435,15,,,,,,,,,15,,,,,,,,,0,combined_herpes_viruses,combined_herpes_viruses
SRR22753435,0,,0,,,,,,,,,0,,,,,,,,HCMV,HCMV
SRR22753371,0,,,1,,,,1,,,,,1,,,,1,,,KSHV,HHV6B
SRR22753371,0,,,,,7,,1,,,,,,,7,,1,,,KSHV,HSV1_KOS
SRR22753371,0,,0,,,,,1,,,,0,,,,,1,,,KSHV,HCMV
SRR22753371,0,,,,,,4,1,,,,,,,,4,1,,,KSHV,HSV2_StrainG
SRR22753371,0,0,,,,,,1,,,0,,,,,,1,,,KSHV,EBV
SRR22753371,0,,,,0,,,1,,,,,,0,,,1,,,KSHV,HHV7
SRR22753371,0,,,,,,,1,0,,,,,,,,1,0,,KSHV,VZV_Ellen
SRR22753371,0,,,,,,,1,,2,,,,,,,1,,2,KSHV,combined_herpes_viruses
SRR22753371,0,,,1,,7,,,,,,,1,,7,,,,,HHV6B,HSV1_KOS
SRR22753371,0,,0,1,,,,,,,,0,1,,,,,,,HHV6B,HCMV
SRR22753371,0,,,1,,,4,,,,,,1,,,4,,,,HHV6B,HSV2_StrainG
SRR22753371,0,0,,1,,,,,,,0,,1,,,,,,,HHV6B,EBV
SRR22753371,0,,,1,0,,,,,,,,1,0,,,,,,HHV6B,HHV7
SRR22753371,0,,,1,,,,,0,,,,1,,,,,0,,HHV6B,VZV_Ellen
SRR22753371,1,,,1,,,,,,2,,,0,,,,,,1,HHV6B,combined_herpes_viruses
SRR22753371,0,,0,,,7,,,,,,0,,,7,,,,,HSV1_KOS,HCMV
SRR22753371,0,,,,,7,4,,,,,,,,7,4,,,,HSV1_KOS,HSV2_StrainG
SRR22753371,0,0,,,,7,,,,,0,,,,7,,,,,HSV1_KOS,EBV
SRR22753371,0,,,,0,7,,,,,,,,0,7,,,,,HSV1_KOS,HHV7
SRR22753371,0,,,,,7,,,0,,,,,,7,,,0,,HSV1_KOS,VZV_Ellen
SRR22753371,0,,,,,7,,,,2,,,,,7,,,,2,HSV1_KOS,combined_herpes_viruses
SRR22753371,0,,0,,,,4,,,,,0,,,,4,,,,HCMV,HSV2_StrainG
SRR22753371,0,0,0,,,,,,,,0,0,,,,,,,,HCMV,EBV
SRR22753371,0,,0,,0,,,,,,,0,,0,,,,,,HCMV,HHV7
SRR22753371,0,,0,,,,,,0,,,0,,,,,,0,,HCMV,VZV_Ellen
SRR22753371,0,,0,,,,,,,2,,0,,,,,,,2,HCMV,combined_herpes_viruses
SRR22753371,0,0,,,,,4,,,,0,,,,,4,,,,HSV2_StrainG,EBV
SRR22753371,0,,,,0,,4,,,,,,,0,,4,,,,HSV2_StrainG,HHV7
SRR22753371,0,,,,,,4,,0,,,,,,,4,,0,,HSV2_StrainG,VZV_Ellen
SRR22753371,0,,,,,,4,,,2,,,,,,4,,,2,HSV2_StrainG,combined_herpes_viruses
SRR22753371,0,0,,,0,,,,,,0,,,0,,,,,,EBV,HHV7
SRR22753371,0,0,,,,,,,0,,0,,,,,,,0,,EBV,VZV_Ellen
SRR22753371,0,0,,,,,,,,2,0,,,,,,,,2,EBV,combined_herpes_viruses
SRR22753371,0,,,,0,,,,0,,,,,0,,,,0,,HHV7,VZV_Ellen
SRR22753371,0,,,,0,,,,,2,,,,0,,,,,2,HHV7,combined_herpes_viruses
SRR22753371,0,,,,,,,,0,2,,,,,,,,0,2,VZV_Ellen,combined_herpes_viruses
SRR22753371,1,,,,,,,1,,,,,,,,,0,,,KSHV,KSHV
SRR22753371,1,,,1,,,,,,,,,0,,,,,,,HHV6B,HHV6B
SRR22753371,7,,,,,7,,,,,,,,,0,,,,,HSV1_KOS,HSV1_KOS
SRR22753371,0,,0,,,,,,,,,0,,,,,,,,HCMV,HCMV
SRR22753371,4,,,,,,4,,,,,,,,,0,,,,HSV2_StrainG,HSV2_StrainG
SRR22753371,0,0,,,,,,,,,0,,,,,,,,,EBV,EBV
SRR22753371,0,,,,0,,,,,,,,,0,,,,,,HHV7,HHV7
SRR22753371,0,,,,,,,,0,,,,,,,,,0,,VZV_Ellen,VZV_Ellen
SRR22753371,2,,,,,,,,,2,,,,,,,,,0,combined_herpes_viruses,combined_herpes_viruses
SRR22753389,0,0,,0,,,,,,,0,,0,,,,,,,EBV,HHV6B
SRR22753389,0,0,,,,128,,,,,0,,,,128,,,,,EBV,HSV1_KOS
SRR22753389,0,0,1,,,,,,,,0,1,,,,,,,,EBV,HCMV
SRR22753389,0,0,,,,,,,0,,0,,,,,,,0,,EBV,VZV_Ellen
SRR22753389,0,0,,,,,2,,,,0,,,,,2,,,,EBV,HSV2_StrainG
SRR22753389,0,0,,,,,,3,,,0,,,,,,3,,,EBV,KSHV
SRR22753389,0,0,,,0,,,,,,0,,,0,,,,,,EBV,HHV7
SRR22753389,0,0,,,,,,,,94,0,,,,,,,,94,EBV,combined_herpes_viruses
SRR22753389,0,,,0,,128,,,,,,,0,,128,,,,,HHV6B,HSV1_KOS
SRR22753389,0,,1,0,,,,,,,,1,0,,,,,,,HHV6B,HCMV
SRR22753389,0,,,0,,,,,0,,,,0,,,,,0,,HHV6B,VZV_Ellen
SRR22753389,0,,,0,,,2,,,,,,0,,,2,,,,HHV6B,HSV2_StrainG
SRR22753389,0,,,0,,,,3,,,,,0,,,,3,,,HHV6B,KSHV
SRR22753389,0,,,0,0,,,,,,,,0,0,,,,,,HHV6B,HHV7
SRR22753389,0,,,0,,,,,,94,,,0,,,,,,94,HHV6B,combined_herpes_viruses
SRR22753389,0,,1,,,128,,,,,,1,,,128,,,,,HSV1_KOS,HCMV
SRR22753389,0,,,,,128,,,0,,,,,,128,,,0,,HSV1_KOS,VZV_Ellen
SRR22753389,0,,,,,128,2,,,,,,,,128,2,,,,HSV1_KOS,HSV2_StrainG
SRR22753389,0,,,,,128,,3,,,,,,,128,,3,,,HSV1_KOS,KSHV
SRR22753389,0,,,,0,128,,,,,,,,0,128,,,,,HSV1_KOS,HHV7
SRR22753389,73,,,,,128,,,,94,,,,,55,,,,21,HSV1_KOS,combined_herpes_viruses
SRR22753389,0,,1,,,,,,0,,,1,,,,,,0,,HCMV,VZV_Ellen
SRR22753389,0,,1,,,,2,,,,,1,,,,2,,,,HCMV,HSV2_StrainG
SRR22753389,0,,1,,,,,3,,,,1,,,,,3,,,HCMV,KSHV
SRR22753389,0,,1,,0,,,,,,,1,,0,,,,,,HCMV,HHV7
SRR22753389,0,,1,,,,,,,94,,1,,,,,,,94,HCMV,combined_herpes_viruses
SRR22753389,0,,,,,,2,,0,,,,,,,2,,0,,VZV_Ellen,HSV2_StrainG
SRR22753389,0,,,,,,,3,0,,,,,,,,3,0,,VZV_Ellen,KSHV
SRR22753389,0,,,,0,,,,0,,,,,0,,,,0,,VZV_Ellen,HHV7
SRR22753389,0,,,,,,,,0,94,,,,,,,,0,94,VZV_Ellen,combined_herpes_viruses
SRR22753389,0,,,,,,2,3,,,,,,,,2,3,,,HSV2_StrainG,KSHV
SRR22753389,0,,,,0,,2,,,,,,,0,,2,,,,HSV2_StrainG,HHV7
SRR22753389,0,,,,,,2,,,94,,,,,,2,,,94,HSV2_StrainG,combined_herpes_viruses
SRR22753389,0,,,,0,,,3,,,,,,0,,,3,,,KSHV,HHV7
SRR22753389,0,,,,,,,3,,94,,,,,,,3,,94,KSHV,combined_herpes_viruses
SRR22753389,0,,,,0,,,,,94,,,,0,,,,,94,HHV7,combined_herpes_viruses
SRR22753389,0,0,,,,,,,,,0,,,,,,,,,EBV,EBV
SRR22753389,0,,,0,,,,,,,,,0,,,,,,,HHV6B,HHV6B
SRR22753389,128,,,,,128,,,,,,,,,0,,,,,HSV1_KOS,HSV1_KOS
SRR22753389,1,,1,,,,,,,,,0,,,,,,,,HCMV,HCMV
SRR22753389,0,,,,,,,,0,,,,,,,,,0,,VZV_Ellen,VZV_Ellen
SRR22753389,2,,,,,,2,,,,,,,,,0,,,,HSV2_StrainG,HSV2_StrainG
SRR22753389,3,,,,,,,3,,,,,,,,,0,,,KSHV,KSHV
SRR22753389,0,,,,0,,,,,,,,,0,,,,,,HHV7,HHV7
SRR22753389,94,,,,,,,,,94,,,,,,,,,0,combined_herpes_viruses,combined_herpes_viruses
SRR22753429,0,,,,,,1,1,,,,,,,,1,1,,,HSV2_StrainG,KSHV
SRR22753429,0,,,,,,1,,0,,,,,,,1,,0,,HSV2_StrainG,VZV_Ellen
SRR22753429,0,,,,0,,1,,,,,,,0,,1,,,,HSV2_StrainG,HHV7
SRR22753429,1,,,,,,1,,,8,,,,,,0,,,7,HSV2_StrainG,combined_herpes_viruses
SRR22753429,0,,,,,10,1,,,,,,,,10,1,,,,HSV2_StrainG,HSV1_KOS
SRR22753429,0,,0,,,,1,,,,,0,,,,1,,,,HSV2_StrainG,HCMV
SRR22753429,0,0,,,,,1,,,,0,,,,,1,,,,HSV2_StrainG,EBV
SRR22753429,1,,,1,,,1,,,,,,0,,,0,,,,HSV2_StrainG,HHV6B
SRR22753429,0,,,,,,,1,0,,,,,,,,1,0,,KSHV,VZV_Ellen
SRR22753429,0,,,,0,,,1,,,,,,0,,,1,,,KSHV,HHV7
SRR22753429,0,,,,,,,1,,8,,,,,,,1,,8,KSHV,combined_herpes_viruses
SRR22753429,0,,,,,10,,1,,,,,,,10,,1,,,KSHV,HSV1_KOS
SRR22753429,0,,0,,,,,1,,,,0,,,,,1,,,KSHV,HCMV
SRR22753429,0,0,,,,,,1,,,0,,,,,,1,,,KSHV,EBV
SRR22753429,0,,,1,,,,1,,,,,1,,,,1,,,KSHV,HHV6B
SRR22753429,0,,,,0,,,,0,,,,,0,,,,0,,VZV_Ellen,HHV7
SRR22753429,0,,,,,,,,0,8,,,,,,,,0,8,VZV_Ellen,combined_herpes_viruses
SRR22753429,0,,,,,10,,,0,,,,,,10,,,0,,VZV_Ellen,HSV1_KOS
SRR22753429,0,,0,,,,,,0,,,0,,,,,,0,,VZV_Ellen,HCMV
SRR22753429,0,0,,,,,,,0,,0,,,,,,,0,,VZV_Ellen,EBV
SRR22753429,0,,,1,,,,,0,,,,1,,,,,0,,VZV_Ellen,HHV6B
SRR22753429,0,,,,0,,,,,8,,,,0,,,,,8,HHV7,combined_herpes_viruses
SRR22753429,0,,,,0,10,,,,,,,,0,10,,,,,HHV7,HSV1_KOS
SRR22753429,0,,0,,0,,,,,,,0,,0,,,,,,HHV7,HCMV
SRR22753429,0,0,,,0,,,,,,0,,,0,,,,,,HHV7,EBV
SRR22753429,0,,,1,0,,,,,,,,1,0,,,,,,HHV7,HHV6B
SRR22753429,6,,,,,10,,,,8,,,,,4,,,,2,combined_herpes_viruses,HSV1_KOS
SRR22753429,0,,0,,,,,,,8,,0,,,,,,,8,combined_herpes_viruses,HCMV
SRR22753429,0,0,,,,,,,,8,0,,,,,,,,8,combined_herpes_viruses,EBV
SRR22753429,1,,,1,,,,,,8,,,0,,,,,,7,combined_herpes_viruses,HHV6B
SRR22753429,0,,0,,,10,,,,,,0,,,10,,,,,HSV1_KOS,HCMV
SRR22753429,0,0,,,,10,,,,,0,,,,10,,,,,HSV1_KOS,EBV
SRR22753429,0,,,1,,10,,,,,,,1,,10,,,,,HSV1_KOS,HHV6B
SRR22753429,0,0,0,,,,,,,,0,0,,,,,,,,HCMV,EBV
SRR22753429,0,,0,1,,,,,,,,0,1,,,,,,,HCMV,HHV6B
SRR22753429,0,0,,1,,,,,,,0,,1,,,,,,,EBV,HHV6B
SRR22753429,1,,,,,,1,,,,,,,,,0,,,,HSV2_StrainG,HSV2_StrainG
SRR22753429,1,,,,,,,1,,,,,,,,,0,,,KSHV,KSHV
SRR22753429,0,,,,,,,,0,,,,,,,,,0,,VZV_Ellen,VZV_Ellen
SRR22753429,0,,,,0,,,,,,,,,0,,,,,,HHV7,HHV7
SRR22753429,8,,,,,,,,,8,,,,,,,,,0,combined_herpes_viruses,combined_herpes_viruses
SRR22753429,10,,,,,10,,,,,,,,,0,,,,,HSV1_KOS,HSV1_KOS
SRR22753429,0,,0,,,,,,,,,0,,,,,,,,HCMV,HCMV
SRR22753429,0,0,,,,,,,,,0,,,,,,,,,EBV,EBV
SRR22753429,1,,,1,,,,,,,,,0,,,,,,,HHV6B,HHV6B
SRR22753467,4,4,,,,,,,,5,0,,,,,,,,1,EBV,combined_herpes_viruses
SRR22753467,0,4,,,,,,,0,,4,,,,,,,0,,EBV,VZV_Ellen
SRR22753467,0,4,0,,,,,,,,4,0,,,,,,,,EBV,HCMV
SRR22753467,0,4,,1,,,,,,,4,,1,,,,,,,EBV,HHV6B
SRR22753467,0,4,,,,,,1,,,4,,,,,,1,,,EBV,KSHV
SRR22753467,0,4,,,,0,,,,,4,,,,0,,,,,EBV,HSV1_KOS
SRR22753467,0,4,,,0,,,,,,4,,,0,,,,,,EBV,HHV7
SRR22753467,0,4,,,,,3,,,,4,,,,,3,,,,EBV,HSV2_StrainG
SRR22753467,0,,,,,,,,0,5,,,,,,,,0,5,combined_herpes_viruses,VZV_Ellen
SRR22753467,0,,0,,,,,,,5,,0,,,,,,,5,combined_herpes_viruses,HCMV
SRR22753467,0,,,1,,,,,,5,,,1,,,,,,5,combined_herpes_viruses,HHV6B
SRR22753467,0,,,,,,,1,,5,,,,,,,1,,5,combined_herpes_viruses,KSHV
SRR22753467,0,,,,,0,,,,5,,,,,0,,,,5,combined_herpes_viruses,HSV1_KOS
SRR22753467,0,,,,0,,,,,5,,,,0,,,,,5,combined_herpes_viruses,HHV7
SRR22753467,0,,,,,,3,,,5,,,,,,3,,,5,combined_herpes_viruses,HSV2_StrainG
SRR22753467,0,,0,,,,,,0,,,0,,,,,,0,,VZV_Ellen,HCMV
SRR22753467,0,,,1,,,,,0,,,,1,,,,,0,,VZV_Ellen,HHV6B
SRR22753467,0,,,,,,,1,0,,,,,,,,1,0,,VZV_Ellen,KSHV
SRR22753467,0,,,,,0,,,0,,,,,,0,,,0,,VZV_Ellen,HSV1_KOS
SRR22753467,0,,,,0,,,,0,,,,,0,,,,0,,VZV_Ellen,HHV7
SRR22753467,0,,,,,,3,,0,,,,,,,3,,0,,VZV_Ellen,HSV2_StrainG
SRR22753467,0,,0,1,,,,,,,,0,1,,,,,,,HCMV,HHV6B
SRR22753467,0,,0,,,,,1,,,,0,,,,,1,,,HCMV,KSHV
SRR22753467,0,,0,,,0,,,,,,0,,,0,,,,,HCMV,HSV1_KOS
SRR22753467,0,,0,,0,,,,,,,0,,0,,,,,,HCMV,HHV7
SRR22753467,0,,0,,,,3,,,,,0,,,,3,,,,HCMV,HSV2_StrainG
SRR22753467,0,,,1,,,,1,,,,,1,,,,1,,,HHV6B,KSHV
SRR22753467,0,,,1,,0,,,,,,,1,,0,,,,,HHV6B,HSV1_KOS
SRR22753467,0,,,1,0,,,,,,,,1,0,,,,,,HHV6B,HHV7
SRR22753467,1,,,1,,,3,,,,,,0,,,2,,,,HHV6B,HSV2_StrainG
SRR22753467,0,,,,,0,,1,,,,,,,0,,1,,,KSHV,HSV1_KOS
SRR22753467,0,,,,0,,,1,,,,,,0,,,1,,,KSHV,HHV7
SRR22753467,0,,,,,,3,1,,,,,,,,3,1,,,KSHV,HSV2_StrainG
SRR22753467,0,,,,0,0,,,,,,,,0,0,,,,,HSV1_KOS,HHV7
SRR22753467,0,,,,,0,3,,,,,,,,0,3,,,,HSV1_KOS,HSV2_StrainG
SRR22753467,0,,,,0,,3,,,,,,,0,,3,,,,HHV7,HSV2_StrainG
SRR22753467,4,4,,,,,,,,,0,,,,,,,,,EBV,EBV
SRR22753467,5,,,,,,,,,5,,,,,,,,,0,combined_herpes_viruses,combined_herpes_viruses
SRR22753467,0,,,,,,,,0,,,,,,,,,0,,VZV_Ellen,VZV_Ellen
SRR22753467,0,,0,,,,,,,,,0,,,,,,,,HCMV,HCMV
SRR22753467,1,,,1,,,,,,,,,0,,,,,,,HHV6B,HHV6B
SRR22753467,1,,,,,,,1,,,,,,,,,0,,,KSHV,KSHV
SRR22753467,0,,,,,0,,,,,,,,,0,,,,,HSV1_KOS,HSV1_KOS
SRR22753467,0,,,,0,,,,,,,,,0,,,,,,HHV7,HHV7
SRR22753467,3,,,,,,3,,,,,,,,,0,,,,HSV2_StrainG,HSV2_StrainG
SRR22753410,0,,0,,,,1,,,,,0,,,,1,,,,HSV2_StrainG,HCMV
SRR22753410,0,,,,0,,1,,,,,,,0,,1,,,,HSV2_StrainG,HHV7
SRR22753410,0,,,,,,1,,,76,,,,,,1,,,76,HSV2_StrainG,combined_herpes_viruses
SRR22753410,0,0,,,,,1,,,,0,,,,,1,,,,HSV2_StrainG,EBV
SRR22753410,0,,,0,,,1,,,,,,0,,,1,,,,HSV2_StrainG,HHV6B
SRR22753410,0,,,,,101,1,,,,,,,,101,1,,,,HSV2_StrainG,HSV1_KOS
SRR22753410,0,,,,,,1,,0,,,,,,,1,,0,,HSV2_StrainG,VZV_Ellen
SRR22753410,0,,,,,,1,4,,,,,,,,1,4,,,HSV2_StrainG,KSHV
SRR22753410,0,,0,,0,,,,,,,0,,0,,,,,,HCMV,HHV7
SRR22753410,0,,0,,,,,,,76,,0,,,,,,,76,HCMV,combined_herpes_viruses
SRR22753410,0,0,0,,,,,,,,0,0,,,,,,,,HCMV,EBV
SRR22753410,0,,0,0,,,,,,,,0,0,,,,,,,HCMV,HHV6B
SRR22753410,0,,0,,,101,,,,,,0,,,101,,,,,HCMV,HSV1_KOS
SRR22753410,0,,0,,,,,,0,,,0,,,,,,0,,HCMV,VZV_Ellen
SRR22753410,0,,0,,,,,4,,,,0,,,,,4,,,HCMV,KSHV
SRR22753410,0,,,,0,,,,,76,,,,0,,,,,76,HHV7,combined_herpes_viruses
SRR22753410,0,0,,,0,,,,,,0,,,0,,,,,,HHV7,EBV
SRR22753410,0,,,0,0,,,,,,,,0,0,,,,,,HHV7,HHV6B
SRR22753410,0,,,,0,101,,,,,,,,0,101,,,,,HHV7,HSV1_KOS
SRR22753410,0,,,,0,,,,0,,,,,0,,,,0,,HHV7,VZV_Ellen
SRR22753410,0,,,,0,,,4,,,,,,0,,,4,,,HHV7,KSHV
SRR22753410,0,0,,,,,,,,76,0,,,,,,,,76,combined_herpes_viruses,EBV
SRR22753410,0,,,0,,,,,,76,,,0,,,,,,76,combined_herpes_viruses,HHV6B
SRR22753410,58,,,,,101,,,,76,,,,,43,,,,18,combined_herpes_viruses,HSV1_KOS
SRR22753410,0,,,,,,,,0,76,,,,,,,,0,76,combined_herpes_viruses,VZV_Ellen
SRR22753410,0,,,,,,,4,,76,,,,,,,4,,76,combined_herpes_viruses,KSHV
SRR22753410,0,0,,0,,,,,,,0,,0,,,,,,,EBV,HHV6B
SRR22753410,0,0,,,,101,,,,,0,,,,101,,,,,EBV,HSV1_KOS
SRR22753410,0,0,,,,,,,0,,0,,,,,,,0,,EBV,VZV_Ellen
SRR22753410,0,0,,,,,,4,,,0,,,,,,4,,,EBV,KSHV
SRR22753410,0,,,0,,101,,,,,,,0,,101,,,,,HHV6B,HSV1_KOS
SRR22753410,0,,,0,,,,,0,,,,0,,,,,0,,HHV6B,VZV_Ellen
SRR22753410,0,,,0,,,,4,,,,,0,,,,4,,,HHV6B,KSHV
SRR22753410,0,,,,,101,,,0,,,,,,101,,,0,,HSV1_KOS,VZV_Ellen
SRR22753410,0,,,,,101,,4,,,,,,,101,,4,,,HSV1_KOS,KSHV
SRR22753410,0,,,,,,,4,0,,,,,,,,4,0,,VZV_Ellen,KSHV
SRR22753410,1,,,,,,1,,,,,,,,,0,,,,HSV2_StrainG,HSV2_StrainG
SRR22753410,0,,0,,,,,,,,,0,,,,,,,,HCMV,HCMV
SRR22753410,0,,,,0,,,,,,,,,0,,,,,,HHV7,HHV7
SRR22753410,76,,,,,,,,,76,,,,,,,,,0,combined_herpes_viruses,combined_herpes_viruses
SRR22753410,0,0,,,,,,,,,0,,,,,,,,,EBV,EBV
SRR22753410,0,,,0,,,,,,,,,0,,,,,,,HHV6B,HHV6B
SRR22753410,101,,,,,101,,,,,,,,,0,,,,,HSV1_KOS,HSV1_KOS
SRR22753410,0,,,,,,,,0,,,,,,,,,0,,VZV_Ellen,VZV_Ellen
SRR22753410,4,,,,,,,4,,,,,,,,,0,,,KSHV,KSHV
SRR22753499,0,,,,0,,,,,9,,,,0,,,,,9,HHV7,combined_herpes_viruses
SRR22753499,0,,0,,0,,,,,,,0,,0,,,,,,HHV7,HCMV
SRR22753499,0,,,0,0,,,,,,,,0,0,,,,,,HHV7,HHV6B
SRR22753499,0,,,,0,,,,0,,,,,0,,,,0,,HHV7,VZV_Ellen
SRR22753499,0,,,,0,,6,,,,,,,0,,6,,,,HHV7,HSV2_StrainG
SRR22753499,0,,,,0,17,,,,,,,,0,17,,,,,HHV7,HSV1_KOS
SRR22753499,0,,,,0,,,4,,,,,,0,,,4,,,HHV7,KSHV
SRR22753499,0,0,,,0,,,,,,0,,,0,,,,,,HHV7,EBV
SRR22753499,0,,0,,,,,,,9,,0,,,,,,,9,combined_herpes_viruses,HCMV
SRR22753499,0,,,0,,,,,,9,,,0,,,,,,9,combined_herpes_viruses,HHV6B
SRR22753499,0,,,,,,,,0,9,,,,,,,,0,9,combined_herpes_viruses,VZV_Ellen
SRR22753499,0,,,,,,6,,,9,,,,,,6,,,9,combined_herpes_viruses,HSV2_StrainG
SRR22753499,5,,,,,17,,,,9,,,,,12,,,,4,combined_herpes_viruses,HSV1_KOS
SRR22753499,1,,,,,,,4,,9,,,,,,,3,,8,combined_herpes_viruses,KSHV
SRR22753499,0,0,,,,,,,,9,0,,,,,,,,9,combined_herpes_viruses,EBV
SRR22753499,0,,0,0,,,,,,,,0,0,,,,,,,HCMV,HHV6B
SRR22753499,0,,0,,,,,,0,,,0,,,,,,0,,HCMV,VZV_Ellen
SRR22753499,0,,0,,,,6,,,,,0,,,,6,,,,HCMV,HSV2_StrainG
SRR22753499,0,,0,,,17,,,,,,0,,,17,,,,,HCMV,HSV1_KOS
SRR22753499,0,,0,,,,,4,,,,0,,,,,4,,,HCMV,KSHV
SRR22753499,0,0,0,,,,,,,,0,0,,,,,,,,HCMV,EBV
SRR22753499,0,,,0,,,,,0,,,,0,,,,,0,,HHV6B,VZV_Ellen
SRR22753499,0,,,0,,,6,,,,,,0,,,6,,,,HHV6B,HSV2_StrainG
SRR22753499,0,,,0,,17,,,,,,,0,,17,,,,,HHV6B,HSV1_KOS
SRR22753499,0,,,0,,,,4,,,,,0,,,,4,,,HHV6B,KSHV
SRR22753499,0,0,,0,,,,,,,0,,0,,,,,,,HHV6B,EBV
SRR22753499,0,,,,,,6,,0,,,,,,,6,,0,,VZV_Ellen,HSV2_StrainG
SRR22753499,0,,,,,17,,,0,,,,,,17,,,0,,VZV_Ellen,HSV1_KOS
SRR22753499,0,,,,,,,4,0,,,,,,,,4,0,,VZV_Ellen,KSHV
SRR22753499,0,0,,,,,,,0,,0,,,,,,,0,,VZV_Ellen,EBV
SRR22753499,0,,,,,17,6,,,,,,,,17,6,,,,HSV2_StrainG,HSV1_KOS
SRR22753499,0,,,,,,6,4,,,,,,,,6,4,,,HSV2_StrainG,KSHV
SRR22753499,0,0,,,,,6,,,,0,,,,,6,,,,HSV2_StrainG,EBV
SRR22753499,0,,,,,17,,4,,,,,,,17,,4,,,HSV1_KOS,KSHV
SRR22753499,0,0,,,,17,,,,,0,,,,17,,,,,HSV1_KOS,EBV
SRR22753499,0,0,,,,,,4,,,0,,,,,,4,,,KSHV,EBV
SRR22753499,0,,,,0,,,,,,,,,0,,,,,,HHV7,HHV7
SRR22753499,9,,,,,,,,,9,,,,,,,,,0,combined_herpes_viruses,combined_herpes_viruses
SRR22753499,0,,0,,,,,,,,,0,,,,,,,,HCMV,HCMV
SRR22753499,0,,,0,,,,,,,,,0,,,,,,,HHV6B,HHV6B
SRR22753499,0,,,,,,,,0,,,,,,,,,0,,VZV_Ellen,VZV_Ellen
SRR22753499,6,,,,,,6,,,,,,,,,0,,,,HSV2_StrainG,HSV2_StrainG
SRR22753499,17,,,,,17,,,,,,,,,0,,,,,HSV1_KOS,HSV1_KOS
SRR22753499,4,,,,,,,4,,,,,,,,,0,,,KSHV,KSHV
SRR22753499,0,0,,,,,,,,,0,,,,,,,,,EBV,EBV
SRR22753438,0,,,,,19,,2,,,,,,,19,,2,,,HSV1_KOS,KSHV
SRR22753438,0,,,,,19,0,,,,,,,,19,0,,,,HSV1_KOS,HSV2_StrainG
SRR22753438,0,0,,,,19,,,,,0,,,,19,,,,,HSV1_KOS,EBV
SRR22753438,0,,,,,19,,,0,,,,,,19,,,0,,HSV1_KOS,VZV_Ellen
SRR22753438,0,,0,,,19,,,,,,0,,,19,,,,,HSV1_KOS,HCMV
SRR22753438,0,,,,0,19,,,,,,,,0,19,,,,,HSV1_KOS,HHV7
SRR22753438,8,,,,,19,,,,9,,,,,11,,,,1,HSV1_KOS,combined_herpes_viruses
SRR22753438,0,,,0,,19,,,,,,,0,,19,,,,,HSV1_KOS,HHV6B
SRR22753438,0,,,,,,0,2,,,,,,,,0,2,,,KSHV,HSV2_StrainG
SRR22753438,0,0,,,,,,2,,,0,,,,,,2,,,KSHV,EBV
SRR22753438,0,,,,,,,2,0,,,,,,,,2,0,,KSHV,VZV_Ellen
SRR22753438,0,,0,,,,,2,,,,0,,,,,2,,,KSHV,HCMV
SRR22753438,0,,,,0,,,2,,,,,,0,,,2,,,KSHV,HHV7
SRR22753438,0,,,,,,,2,,9,,,,,,,2,,9,KSHV,combined_herpes_viruses
SRR22753438,0,,,0,,,,2,,,,,0,,,,2,,,KSHV,HHV6B
SRR22753438,0,0,,,,,0,,,,0,,,,,0,,,,HSV2_StrainG,EBV
SRR22753438,0,,,,,,0,,0,,,,,,,0,,0,,HSV2_StrainG,VZV_Ellen
SRR22753438,0,,0,,,,0,,,,,0,,,,0,,,,HSV2_StrainG,HCMV
SRR22753438,0,,,,0,,0,,,,,,,0,,0,,,,HSV2_StrainG,HHV7
SRR22753438,0,,,,,,0,,,9,,,,,,0,,,9,HSV2_StrainG,combined_herpes_viruses
SRR22753438,0,,,0,,,0,,,,,,0,,,0,,,,HSV2_StrainG,HHV6B
SRR22753438,0,0,,,,,,,0,,0,,,,,,,0,,EBV,VZV_Ellen
SRR22753438,0,0,0,,,,,,,,0,0,,,,,,,,EBV,HCMV
SRR22753438,0,0,,,0,,,,,,0,,,0,,,,,,EBV,HHV7
SRR22753438,0,0,,,,,,,,9,0,,,,,,,,9,EBV,combined_herpes_viruses
SRR22753438,0,0,,0,,,,,,,0,,0,,,,,,,EBV,HHV6B
SRR22753438,0,,0,,,,,,0,,,0,,,,,,0,,VZV_Ellen,HCMV
SRR22753438,0,,,,0,,,,0,,,,,0,,,,0,,VZV_Ellen,HHV7
SRR22753438,0,,,,,,,,0,9,,,,,,,,0,9,VZV_Ellen,combined_herpes_viruses
SRR22753438,0,,,0,,,,,0,,,,0,,,,,0,,VZV_Ellen,HHV6B
SRR22753438,0,,0,,0,,,,,,,0,,0,,,,,,HCMV,HHV7
SRR22753438,0,,0,,,,,,,9,,0,,,,,,,9,HCMV,combined_herpes_viruses
SRR22753438,0,,0,0,,,,,,,,0,0,,,,,,,HCMV,HHV6B
SRR22753438,0,,,,0,,,,,9,,,,0,,,,,9,HHV7,combined_herpes_viruses
SRR22753438,0,,,0,0,,,,,,,,0,0,,,,,,HHV7,HHV6B
SRR22753438,0,,,0,,,,,,9,,,0,,,,,,9,combined_herpes_viruses,HHV6B
SRR22753438,19,,,,,19,,,,,,,,,0,,,,,HSV1_KOS,HSV1_KOS
SRR22753438,2,,,,,,,2,,,,,,,,,0,,,KSHV,KSHV
SRR22753438,0,,,,,,0,,,,,,,,,0,,,,HSV2_StrainG,HSV2_StrainG
SRR22753438,0,0,,,,,,,,,0,,,,,,,,,EBV,EBV
SRR22753438,0,,,,,,,,0,,,,,,,,,0,,VZV_Ellen,VZV_Ellen
SRR22753438,0,,0,,,,,,,,,0,,,,,,,,HCMV,HCMV
SRR22753438,0,,,,0,,,,,,,,,0,,,,,,HHV7,HHV7
SRR22753438,9,,,,,,,,,9,,,,,,,,,0,combined_herpes_viruses,combined_herpes_viruses
SRR22753438,0,,,0,,,,,,,,,0,,,,,,,HHV6B,HHV6B
SRR22753501,0,,,,,7,,,0,,,,,,7,,,0,,VZV_Ellen,HSV1_KOS
SRR22753501,0,,,0,,,,,0,,,,0,,,,,0,,VZV_Ellen,HHV6B
SRR22753501,0,,,,,,4,,0,,,,,,,4,,0,,VZV_Ellen,HSV2_StrainG
SRR22753501,0,0,,,,,,,0,,0,,,,,,,0,,VZV_Ellen,EBV
SRR22753501,0,,0,,,,,,0,,,0,,,,,,0,,VZV_Ellen,HCMV
SRR22753501,0,,,,,,,10,0,,,,,,,,10,0,,VZV_Ellen,KSHV
SRR22753501,0,,,,0,,,,0,,,,,0,,,,0,,VZV_Ellen,HHV7
SRR22753501,0,,,,,,,,0,8,,,,,,,,0,8,VZV_Ellen,combined_herpes_viruses
SRR22753501,0,,,0,,7,,,,,,,0,,7,,,,,HSV1_KOS,HHV6B
SRR22753501,0,,,,,7,4,,,,,,,,7,4,,,,HSV1_KOS,HSV2_StrainG
SRR22753501,0,0,,,,7,,,,,0,,,,7,,,,,HSV1_KOS,EBV
SRR22753501,0,,0,,,7,,,,,,0,,,7,,,,,HSV1_KOS,HCMV
SRR22753501,0,,,,,7,,10,,,,,,,7,,10,,,HSV1_KOS,KSHV
SRR22753501,0,,,,0,7,,,,,,,,0,7,,,,,HSV1_KOS,HHV7
SRR22753501,4,,,,,7,,,,8,,,,,3,,,,4,HSV1_KOS,combined_herpes_viruses
SRR22753501,0,,,0,,,4,,,,,,0,,,4,,,,HHV6B,HSV2_StrainG
SRR22753501,0,0,,0,,,,,,,0,,0,,,,,,,HHV6B,EBV
SRR22753501,0,,0,0,,,,,,,,0,0,,,,,,,HHV6B,HCMV
SRR22753501,0,,,0,,,,10,,,,,0,,,,10,,,HHV6B,KSHV
SRR22753501,0,,,0,0,,,,,,,,0,0,,,,,,HHV6B,HHV7
SRR22753501,0,,,0,,,,,,8,,,0,,,,,,8,HHV6B,combined_herpes_viruses
SRR22753501,0,0,,,,,4,,,,0,,,,,4,,,,HSV2_StrainG,EBV
SRR22753501,0,,0,,,,4,,,,,0,,,,4,,,,HSV2_StrainG,HCMV
SRR22753501,0,,,,,,4,10,,,,,,,,4,10,,,HSV2_StrainG,KSHV
SRR22753501,0,,,,0,,4,,,,,,,0,,4,,,,HSV2_StrainG,HHV7
SRR22753501,1,,,,,,4,,,8,,,,,,3,,,7,HSV2_StrainG,combined_herpes_viruses
SRR22753501,0,0,0,,,,,,,,0,0,,,,,,,,EBV,HCMV
SRR22753501,0,0,,,,,,10,,,0,,,,,,10,,,EBV,KSHV
SRR22753501,0,0,,,0,,,,,,0,,,0,,,,,,EBV,HHV7
SRR22753501,0,0,,,,,,,,8,0,,,,,,,,8,EBV,combined_herpes_viruses
SRR22753501,0,,0,,,,,10,,,,0,,,,,10,,,HCMV,KSHV
SRR22753501,0,,0,,0,,,,,,,0,,0,,,,,,HCMV,HHV7
SRR22753501,0,,0,,,,,,,8,,0,,,,,,,8,HCMV,combined_herpes_viruses
SRR22753501,0,,,,0,,,10,,,,,,0,,,10,,,KSHV,HHV7
SRR22753501,1,,,,,,,10,,8,,,,,,,9,,7,KSHV,combined_herpes_viruses
SRR22753501,0,,,,0,,,,,8,,,,0,,,,,8,HHV7,combined_herpes_viruses
SRR22753501,0,,,,,,,,0,,,,,,,,,0,,VZV_Ellen,VZV_Ellen
SRR22753501,7,,,,,7,,,,,,,,,0,,,,,HSV1_KOS,HSV1_KOS
SRR22753501,0,,,0,,,,,,,,,0,,,,,,,HHV6B,HHV6B
SRR22753501,4,,,,,,4,,,,,,,,,0,,,,HSV2_StrainG,HSV2_StrainG
SRR22753501,0,0,,,,,,,,,0,,,,,,,,,EBV,EBV
SRR22753501,0,,0,,,,,,,,,0,,,,,,,,HCMV,HCMV
SRR22753501,10,,,,,,,10,,,,,,,,,0,,,KSHV,KSHV
SRR22753501,0,,,,0,,,,,,,,,0,,,,,,HHV7,HHV7
SRR22753501,8,,,,,,,,,8,,,,,,,,,0,combined_herpes_viruses,combined_herpes_viruses
SRR22753392,0,1,0,,,,,,,,1,0,,,,,,,,EBV,HCMV
SRR22753392,0,1,,,0,,,,,,1,,,0,,,,,,EBV,HHV7
SRR22753392,0,1,,,,,,,0,,1,,,,,,,0,,EBV,VZV_Ellen
SRR22753392,0,1,,,,104,,,,,1,,,,104,,,,,EBV,HSV1_KOS
SRR22753392,0,1,,,,,1,,,,1,,,,,1,,,,EBV,HSV2_StrainG
SRR22753392,0,1,,,,,,2,,,1,,,,,,2,,,EBV,KSHV
SRR22753392,0,1,,1,,,,,,,1,,1,,,,,,,EBV,HHV6B
SRR22753392,1,1,,,,,,,,77,0,,,,,,,,76,EBV,combined_herpes_viruses
SRR22753392,0,,0,,0,,,,,,,0,,0,,,,,,HCMV,HHV7
SRR22753392,0,,0,,,,,,0,,,0,,,,,,0,,HCMV,VZV_Ellen
SRR22753392,0,,0,,,104,,,,,,0,,,104,,,,,HCMV,HSV1_KOS
SRR22753392,0,,0,,,,1,,,,,0,,,,1,,,,HCMV,HSV2_StrainG
SRR22753392,0,,0,,,,,2,,,,0,,,,,2,,,HCMV,KSHV
SRR22753392,0,,0,1,,,,,,,,0,1,,,,,,,HCMV,HHV6B
SRR22753392,0,,0,,,,,,,77,,0,,,,,,,77,HCMV,combined_herpes_viruses
SRR22753392,0,,,,0,,,,0,,,,,0,,,,0,,HHV7,VZV_Ellen
SRR22753392,0,,,,0,104,,,,,,,,0,104,,,,,HHV7,HSV1_KOS
SRR22753392,0,,,,0,,1,,,,,,,0,,1,,,,HHV7,HSV2_StrainG
SRR22753392,0,,,,0,,,2,,,,,,0,,,2,,,HHV7,KSHV
SRR22753392,0,,,1,0,,,,,,,,1,0,,,,,,HHV7,HHV6B
SRR22753392,0,,,,0,,,,,77,,,,0,,,,,77,HHV7,combined_herpes_viruses
SRR22753392,0,,,,,104,,,0,,,,,,104,,,0,,VZV_Ellen,HSV1_KOS
SRR22753392,0,,,,,,1,,0,,,,,,,1,,0,,VZV_Ellen,HSV2_StrainG
SRR22753392,0,,,,,,,2,0,,,,,,,,2,0,,VZV_Ellen,KSHV
SRR22753392,0,,,1,,,,,0,,,,1,,,,,0,,VZV_Ellen,HHV6B
SRR22753392,0,,,,,,,,0,77,,,,,,,,0,77,VZV_Ellen,combined_herpes_viruses
SRR22753392,0,,,,,104,1,,,,,,,,104,1,,,,HSV1_KOS,HSV2_StrainG
SRR22753392,0,,,,,104,,2,,,,,,,104,,2,,,HSV1_KOS,KSHV
SRR22753392,0,,,1,,104,,,,,,,1,,104,,,,,HSV1_KOS,HHV6B
SRR22753392,57,,,,,104,,,,77,,,,,47,,,,20,HSV1_KOS,combined_herpes_viruses
SRR22753392,0,,,,,,1,2,,,,,,,,1,2,,,HSV2_StrainG,KSHV
SRR22753392,0,,,1,,,1,,,,,,1,,,1,,,,HSV2_StrainG,HHV6B
SRR22753392,0,,,,,,1,,,77,,,,,,1,,,77,HSV2_StrainG,combined_herpes_viruses
SRR22753392,1,,,1,,,,2,,,,,0,,,,1,,,KSHV,HHV6B
SRR22753392,1,,,,,,,2,,77,,,,,,,1,,76,KSHV,combined_herpes_viruses
SRR22753392,1,,,1,,,,,,77,,,0,,,,,,76,HHV6B,combined_herpes_viruses
SRR22753392,1,1,,,,,,,,,0,,,,,,,,,EBV,EBV
SRR22753392,0,,0,,,,,,,,,0,,,,,,,,HCMV,HCMV
SRR22753392,0,,,,0,,,,,,,,,0,,,,,,HHV7,HHV7
SRR22753392,0,,,,,,,,0,,,,,,,,,0,,VZV_Ellen,VZV_Ellen
SRR22753392,104,,,,,104,,,,,,,,,0,,,,,HSV1_KOS,HSV1_KOS
SRR22753392,1,,,,,,1,,,,,,,,,0,,,,HSV2_StrainG,HSV2_StrainG
SRR22753392,2,,,,,,,2,,,,,,,,,0,,,KSHV,KSHV
SRR22753392,1,,,1,,,,,,,,,0,,,,,,,HHV6B,HHV6B
SRR22753392,77,,,,,,,,,77,,,,,,,,,0,combined_herpes_viruses,combined_herpes_viruses
SRR22753561,0,0,0,,,,,,,,0,0,,,,,,,,EBV,HCMV
SRR22753561,0,0,,,,136,,,,,0,,,,136,,,,,EBV,HSV1_KOS
SRR22753561,0,0,,5,,,,,,,0,,5,,,,,,,EBV,HHV6B
SRR22753561,0,0,,,,,4,,,,0,,,,,4,,,,EBV,HSV2_StrainG
SRR22753561,0,0,,,,,,6,,,0,,,,,,6,,,EBV,KSHV
SRR22753561,0,0,,,0,,,,,,0,,,0,,,,,,EBV,HHV7
SRR22753561,0,,0,,,136,,,,,,0,,,136,,,,,HCMV,HSV1_KOS
SRR22753561,0,,0,5,,,,,,,,0,5,,,,,,,HCMV,HHV6B
SRR22753561,0,,0,,,,4,,,,,0,,,,4,,,,HCMV,HSV2_StrainG
SRR22753561,0,,0,,,,,6,,,,0,,,,,6,,,HCMV,KSHV
SRR22753561,0,,0,,0,,,,,,,0,,0,,,,,,HCMV,HHV7
SRR22753561,0,,,5,,136,,,,,,,5,,136,,,,,HSV1_KOS,HHV6B
SRR22753561,0,,,,,136,4,,,,,,,,136,4,,,,HSV1_KOS,HSV2_StrainG
SRR22753561,0,,,,,136,,6,,,,,,,136,,6,,,HSV1_KOS,KSHV
SRR22753561,0,,,,0,136,,,,,,,,0,136,,,,,HSV1_KOS,HHV7
SRR22753561,2,,,5,,,4,,,,,,3,,,2,,,,HHV6B,HSV2_StrainG
SRR22753561,3,,,5,,,,6,,,,,2,,,,3,,,HHV6B,KSHV
SRR22753561,0,,,5,0,,,,,,,,5,0,,,,,,HHV6B,HHV7
SRR22753561,2,,,,,,4,6,,,,,,,,2,4,,,HSV2_StrainG,KSHV
SRR22753561,0,,,,0,,4,,,,,,,0,,4,,,,HSV2_StrainG,HHV7
SRR22753561,0,,,,0,,,6,,,,,,0,,,6,,,KSHV,HHV7
SRR22753561,0,0,,,,,,,,,0,,,,,,,,,EBV,EBV
SRR22753561,0,,0,,,,,,,,,0,,,,,,,,HCMV,HCMV
SRR22753561,136,,,,,136,,,,,,,,,0,,,,,HSV1_KOS,HSV1_KOS
SRR22753561,5,,,5,,,,,,,,,0,,,,,,,HHV6B,HHV6B
SRR22753561,4,,,,,,4,,,,,,,,,0,,,,HSV2_StrainG,HSV2_StrainG
SRR22753561,6,,,,,,,6,,,,,,,,,0,,,KSHV,KSHV
SRR22753561,0,,,,0,,,,,,,,,0,,,,,,HHV7,HHV7
SRR22753582,0,,1,,1,,,,,,,1,,1,,,,,,HCMV,HHV7
SRR22753582,0,0,1,,,,,,,,0,1,,,,,,,,HCMV,EBV
SRR22753582,0,,1,,,,,,0,,,1,,,,,,0,,HCMV,VZV_Ellen
SRR22753582,0,,1,,,,2,,,,,1,,,,2,,,,HCMV,HSV2_StrainG
SRR22753582,0,,1,,,,,1,,,,1,,,,,1,,,HCMV,KSHV
SRR22753582,0,,1,,,,,,,116,,1,,,,,,,116,HCMV,combined_herpes_viruses
SRR22753582,0,,1,,,166,,,,,,1,,,166,,,,,HCMV,HSV1_KOS
SRR22753582,0,,1,3,,,,,,,,1,3,,,,,,,HCMV,HHV6B
SRR22753582,0,0,,,1,,,,,,0,,,1,,,,,,HHV7,EBV
SRR22753582,0,,,,1,,,,0,,,,,1,,,,0,,HHV7,VZV_Ellen
SRR22753582,0,,,,1,,2,,,,,,,1,,2,,,,HHV7,HSV2_StrainG
SRR22753582,0,,,,1,,,1,,,,,,1,,,1,,,HHV7,KSHV
SRR22753582,0,,,,1,,,,,116,,,,1,,,,,116,HHV7,combined_herpes_viruses
SRR22753582,0,,,,1,166,,,,,,,,1,166,,,,,HHV7,HSV1_KOS
SRR22753582,0,,,3,1,,,,,,,,3,1,,,,,,HHV7,HHV6B
SRR22753582,0,0,,,,,,,0,,0,,,,,,,0,,EBV,VZV_Ellen
SRR22753582,0,0,,,,,2,,,,0,,,,,2,,,,EBV,HSV2_StrainG
SRR22753582,0,0,,,,,,1,,,0,,,,,,1,,,EBV,KSHV
SRR22753582,0,0,,,,,,,,116,0,,,,,,,,116,EBV,combined_herpes_viruses
SRR22753582,0,0,,,,166,,,,,0,,,,166,,,,,EBV,HSV1_KOS
SRR22753582,0,0,,3,,,,,,,0,,3,,,,,,,EBV,HHV6B
SRR22753582,0,,,,,,2,,0,,,,,,,2,,0,,VZV_Ellen,HSV2_StrainG
SRR22753582,0,,,,,,,1,0,,,,,,,,1,0,,VZV_Ellen,KSHV
SRR22753582,0,,,,,,,,0,116,,,,,,,,0,116,VZV_Ellen,combined_herpes_viruses
SRR22753582,0,,,,,166,,,0,,,,,,166,,,0,,VZV_Ellen,HSV1_KOS
SRR22753582,0,,,3,,,,,0,,,,3,,,,,0,,VZV_Ellen,HHV6B
SRR22753582,0,,,,,,2,1,,,,,,,,2,1,,,HSV2_StrainG,KSHV
SRR22753582,0,,,,,,2,,,116,,,,,,2,,,116,HSV2_StrainG,combined_herpes_viruses
SRR22753582,0,,,,,166,2,,,,,,,,166,2,,,,HSV2_StrainG,HSV1_KOS
SRR22753582,0,,,3,,,2,,,,,,3,,,2,,,,HSV2_StrainG,HHV6B
SRR22753582,0,,,,,,,1,,116,,,,,,,1,,116,KSHV,combined_herpes_viruses
SRR22753582,0,,,,,166,,1,,,,,,,166,,1,,,KSHV,HSV1_KOS
SRR22753582,0,,,3,,,,1,,,,,3,,,,1,,,KSHV,HHV6B
SRR22753582,93,,,,,166,,,,116,,,,,73,,,,23,combined_herpes_viruses,HSV1_KOS
SRR22753582,0,,,3,,,,,,116,,,3,,,,,,116,combined_herpes_viruses,HHV6B
SRR22753582,0,,,3,,166,,,,,,,3,,166,,,,,HSV1_KOS,HHV6B
SRR22753582,1,,1,,,,,,,,,0,,,,,,,,HCMV,HCMV
SRR22753582,1,,,,1,,,,,,,,,0,,,,,,HHV7,HHV7
SRR22753582,0,0,,,,,,,,,0,,,,,,,,,EBV,EBV
SRR22753582,0,,,,,,,,0,,,,,,,,,0,,VZV_Ellen,VZV_Ellen
SRR22753582,2,,,,,,2,,,,,,,,,0,,,,HSV2_StrainG,HSV2_StrainG
SRR22753582,1,,,,,,,1,,,,,,,,,0,,,KSHV,KSHV
SRR22753582,116,,,,,,,,,116,,,,,,,,,0,combined_herpes_viruses,combined_herpes_viruses
SRR22753582,166,,,,,166,,,,,,,,,0,,,,,HSV1_KOS,HSV1_KOS
SRR22753582,3,,,3,,,,,,,,,0,,,,,,,HHV6B,HHV6B
SRR22753385,0,,,,,,4,7,,,,,,,,4,7,,,HSV2_StrainG,KSHV
SRR22753385,0,,0,,,,4,,,,,0,,,,4,,,,HSV2_StrainG,HCMV
SRR22753385,0,,,0,,,4,,,,,,0,,,4,,,,HSV2_StrainG,HHV6B
SRR22753385,0,,,,,17,4,,,,,,,,17,4,,,,HSV2_StrainG,HSV1_KOS
SRR22753385,0,,,,,,4,,,7,,,,,,4,,,7,HSV2_StrainG,combined_herpes_viruses
SRR22753385,0,,,,0,,4,,,,,,,0,,4,,,,HSV2_StrainG,HHV7
SRR22753385,0,1,,,,,4,,,,1,,,,,4,,,,HSV2_StrainG,EBV
SRR22753385,0,,,,,,4,,0,,,,,,,4,,0,,HSV2_StrainG,VZV_Ellen
SRR22753385,0,,0,,,,,7,,,,0,,,,,7,,,KSHV,HCMV
SRR22753385,0,,,0,,,,7,,,,,0,,,,7,,,KSHV,HHV6B
SRR22753385,0,,,,,17,,7,,,,,,,17,,7,,,KSHV,HSV1_KOS
SRR22753385,1,,,,,,,7,,7,,,,,,,6,,6,KSHV,combined_herpes_viruses
SRR22753385,0,,,,0,,,7,,,,,,0,,,7,,,KSHV,HHV7
SRR22753385,0,1,,,,,,7,,,1,,,,,,7,,,KSHV,EBV
SRR22753385,0,,,,,,,7,0,,,,,,,,7,0,,KSHV,VZV_Ellen
SRR22753385,0,,0,0,,,,,,,,0,0,,,,,,,HCMV,HHV6B
SRR22753385,0,,0,,,17,,,,,,0,,,17,,,,,HCMV,HSV1_KOS
SRR22753385,0,,0,,,,,,,7,,0,,,,,,,7,HCMV,combined_herpes_viruses
SRR22753385,0,,0,,0,,,,,,,0,,0,,,,,,HCMV,HHV7
SRR22753385,0,1,0,,,,,,,,1,0,,,,,,,,HCMV,EBV
SRR22753385,0,,0,,,,,,0,,,0,,,,,,0,,HCMV,VZV_Ellen
SRR22753385,0,,,0,,17,,,,,,,0,,17,,,,,HHV6B,HSV1_KOS
SRR22753385,0,,,0,,,,,,7,,,0,,,,,,7,HHV6B,combined_herpes_viruses
SRR22753385,0,,,0,0,,,,,,,,0,0,,,,,,HHV6B,HHV7
SRR22753385,0,1,,0,,,,,,,1,,0,,,,,,,HHV6B,EBV
SRR22753385,0,,,0,,,,,0,,,,0,,,,,0,,HHV6B,VZV_Ellen
SRR22753385,4,,,,,17,,,,7,,,,,13,,,,3,HSV1_KOS,combined_herpes_viruses
SRR22753385,0,,,,0,17,,,,,,,,0,17,,,,,HSV1_KOS,HHV7
SRR22753385,0,1,,,,17,,,,,1,,,,17,,,,,HSV1_KOS,EBV
SRR22753385,0,,,,,17,,,0,,,,,,17,,,0,,HSV1_KOS,VZV_Ellen
SRR22753385,0,,,,0,,,,,7,,,,0,,,,,7,combined_herpes_viruses,HHV7
SRR22753385,0,1,,,,,,,,7,1,,,,,,,,7,combined_herpes_viruses,EBV
SRR22753385,0,,,,,,,,0,7,,,,,,,,0,7,combined_herpes_viruses,VZV_Ellen
SRR22753385,0,1,,,0,,,,,,1,,,0,,,,,,HHV7,EBV
SRR22753385,0,,,,0,,,,0,,,,,0,,,,0,,HHV7,VZV_Ellen
SRR22753385,0,1,,,,,,,0,,1,,,,,,,0,,EBV,VZV_Ellen
SRR22753385,4,,,,,,4,,,,,,,,,0,,,,HSV2_StrainG,HSV2_StrainG
SRR22753385,7,,,,,,,7,,,,,,,,,0,,,KSHV,KSHV
SRR22753385,0,,0,,,,,,,,,0,,,,,,,,HCMV,HCMV
SRR22753385,0,,,0,,,,,,,,,0,,,,,,,HHV6B,HHV6B
SRR22753385,17,,,,,17,,,,,,,,,0,,,,,HSV1_KOS,HSV1_KOS
SRR22753385,7,,,,,,,,,7,,,,,,,,,0,combined_herpes_viruses,combined_herpes_viruses
SRR22753385,0,,,,0,,,,,,,,,0,,,,,,HHV7,HHV7
SRR22753385,1,1,,,,,,,,,0,,,,,,,,,EBV,EBV
SRR22753385,0,,,,,,,,0,,,,,,,,,0,,VZV_Ellen,VZV_Ellen
SRR22753473,0,,,,,,,5,0,,,,,,,,5,0,,VZV_Ellen,KSHV
SRR22753473,0,,,,,,,,0,473,,,,,,,,0,473,VZV_Ellen,combined_herpes_viruses
SRR22753473,0,0,,,,,,,0,,0,,,,,,,0,,VZV_Ellen,EBV
SRR22753473,0,,,,,,1,,0,,,,,,,1,,0,,VZV_Ellen,HSV2_StrainG
SRR22753473,0,,,0,,,,,0,,,,0,,,,,0,,VZV_Ellen,HHV6B
SRR22753473,0,,,,,576,,,0,,,,,,576,,,0,,VZV_Ellen,HSV1_KOS
SRR22753473,0,,0,,,,,,0,,,0,,,,,,0,,VZV_Ellen,HCMV
SRR22753473,0,,,,7,,,,0,,,,,7,,,,0,,VZV_Ellen,HHV7
SRR22753473,0,,,,,,,5,,473,,,,,,,5,,473,KSHV,combined_herpes_viruses
SRR22753473,0,0,,,,,,5,,,0,,,,,,5,,,KSHV,EBV
SRR22753473,0,,,,,,1,5,,,,,,,,1,5,,,KSHV,HSV2_StrainG
SRR22753473,0,,,0,,,,5,,,,,0,,,,5,,,KSHV,HHV6B
SRR22753473,0,,,,,576,,5,,,,,,,576,,5,,,KSHV,HSV1_KOS
SRR22753473,0,,0,,,,,5,,,,0,,,,,5,,,KSHV,HCMV
SRR22753473,0,,,,7,,,5,,,,,,7,,,5,,,KSHV,HHV7
SRR22753473,0,0,,,,,,,,473,0,,,,,,,,473,combined_herpes_viruses,EBV
SRR22753473,0,,,,,,1,,,473,,,,,,1,,,473,combined_herpes_viruses,HSV2_StrainG
SRR22753473,0,,,0,,,,,,473,,,0,,,,,,473,combined_herpes_viruses,HHV6B
SRR22753473,355,,,,,576,,,,473,,,,,221,,,,118,combined_herpes_viruses,HSV1_KOS
SRR22753473,0,,0,,,,,,,473,,0,,,,,,,473,combined_herpes_viruses,HCMV
SRR22753473,1,,,,7,,,,,473,,,,6,,,,,472,combined_herpes_viruses,HHV7
SRR22753473,0,0,,,,,1,,,,0,,,,,1,,,,EBV,HSV2_StrainG
SRR22753473,0,0,,0,,,,,,,0,,0,,,,,,,EBV,HHV6B
SRR22753473,0,0,,,,576,,,,,0,,,,576,,,,,EBV,HSV1_KOS
SRR22753473,0,0,0,,,,,,,,0,0,,,,,,,,EBV,HCMV
SRR22753473,0,0,,,7,,,,,,0,,,7,,,,,,EBV,HHV7
SRR22753473,0,,,0,,,1,,,,,,0,,,1,,,,HSV2_StrainG,HHV6B
SRR22753473,0,,,,,576,1,,,,,,,,576,1,,,,HSV2_StrainG,HSV1_KOS
SRR22753473,0,,0,,,,1,,,,,0,,,,1,,,,HSV2_StrainG,HCMV
SRR22753473,0,,,,7,,1,,,,,,,7,,1,,,,HSV2_StrainG,HHV7
SRR22753473,0,,,0,,576,,,,,,,0,,576,,,,,HHV6B,HSV1_KOS
SRR22753473,0,,0,0,,,,,,,,0,0,,,,,,,HHV6B,HCMV
SRR22753473,0,,,0,7,,,,,,,,0,7,,,,,,HHV6B,HHV7
SRR22753473,0,,0,,,576,,,,,,0,,,576,,,,,HSV1_KOS,HCMV
SRR22753473,0,,,,7,576,,,,,,,,7,576,,,,,HSV1_KOS,HHV7
SRR22753473,0,,0,,7,,,,,,,0,,7,,,,,,HCMV,HHV7
SRR22753473,0,,,,,,,,0,,,,,,,,,0,,VZV_Ellen,VZV_Ellen
SRR22753473,5,,,,,,,5,,,,,,,,,0,,,KSHV,KSHV
SRR22753473,473,,,,,,,,,473,,,,,,,,,0,combined_herpes_viruses,combined_herpes_viruses
SRR22753473,0,0,,,,,,,,,0,,,,,,,,,EBV,EBV
SRR22753473,1,,,,,,1,,,,,,,,,0,,,,HSV2_StrainG,HSV2_StrainG
SRR22753473,0,,,0,,,,,,,,,0,,,,,,,HHV6B,HHV6B
SRR22753473,576,,,,,576,,,,,,,,,0,,,,,HSV1_KOS,HSV1_KOS
SRR22753473,0,,0,,,,,,,,,0,,,,,,,,HCMV,HCMV
SRR22753473,7,,,,7,,,,,,,,,0,,,,,,HHV7,HHV7
SRR22753525,0,,,,,,,9,0,,,,,,,,9,0,,KSHV,VZV_Ellen
SRR22753525,2,,,,,,,9,,4,,,,,,,7,,2,KSHV,combined_herpes_viruses
SRR22753525,0,,0,,,,,9,,,,0,,,,,9,,,KSHV,HCMV
SRR22753525,0,0,,,,,,9,,,0,,,,,,9,,,KSHV,EBV
SRR22753525,0,,,,,,6,9,,,,,,,,6,9,,,KSHV,HSV2_StrainG
SRR22753525,0,,,,,6,,9,,,,,,,6,,9,,,KSHV,HSV1_KOS
SRR22753525,0,,,,0,,,9,,,,,,0,,,9,,,KSHV,HHV7
SRR22753525,0,,,0,,,,9,,,,,0,,,,9,,,KSHV,HHV6B
SRR22753525,0,,,,,,,,0,4,,,,,,,,0,4,VZV_Ellen,combined_herpes_viruses
SRR22753525,0,,0,,,,,,0,,,0,,,,,,0,,VZV_Ellen,HCMV
SRR22753525,0,0,,,,,,,0,,0,,,,,,,0,,VZV_Ellen,EBV
SRR22753525,0,,,,,,6,,0,,,,,,,6,,0,,VZV_Ellen,HSV2_StrainG
SRR22753525,0,,,,,6,,,0,,,,,,6,,,0,,VZV_Ellen,HSV1_KOS
SRR22753525,0,,,,0,,,,0,,,,,0,,,,0,,VZV_Ellen,HHV7
SRR22753525,0,,,0,,,,,0,,,,0,,,,,0,,VZV_Ellen,HHV6B
SRR22753525,0,,0,,,,,,,4,,0,,,,,,,4,combined_herpes_viruses,HCMV
SRR22753525,0,0,,,,,,,,4,0,,,,,,,,4,combined_herpes_viruses,EBV
SRR22753525,0,,,,,,6,,,4,,,,,,6,,,4,combined_herpes_viruses,HSV2_StrainG
SRR22753525,2,,,,,6,,,,4,,,,,4,,,,2,combined_herpes_viruses,HSV1_KOS
SRR22753525,0,,,,0,,,,,4,,,,0,,,,,4,combined_herpes_viruses,HHV7
SRR22753525,0,,,0,,,,,,4,,,0,,,,,,4,combined_herpes_viruses,HHV6B
SRR22753525,0,0,0,,,,,,,,0,0,,,,,,,,HCMV,EBV
SRR22753525,0,,0,,,,6,,,,,0,,,,6,,,,HCMV,HSV2_StrainG
SRR22753525,0,,0,,,6,,,,,,0,,,6,,,,,HCMV,HSV1_KOS
SRR22753525,0,,0,,0,,,,,,,0,,0,,,,,,HCMV,HHV7
SRR22753525,0,,0,0,,,,,,,,0,0,,,,,,,HCMV,HHV6B
SRR22753525,0,0,,,,,6,,,,0,,,,,6,,,,EBV,HSV2_StrainG
SRR22753525,0,0,,,,6,,,,,0,,,,6,,,,,EBV,HSV1_KOS
SRR22753525,0,0,,,0,,,,,,0,,,0,,,,,,EBV,HHV7
SRR22753525,0,0,,0,,,,,,,0,,0,,,,,,,EBV,HHV6B
SRR22753525,0,,,,,6,6,,,,,,,,6,6,,,,HSV2_StrainG,HSV1_KOS
SRR22753525,0,,,,0,,6,,,,,,,0,,6,,,,HSV2_StrainG,HHV7
SRR22753525,0,,,0,,,6,,,,,,0,,,6,,,,HSV2_StrainG,HHV6B
SRR22753525,0,,,,0,6,,,,,,,,0,6,,,,,HSV1_KOS,HHV7
SRR22753525,0,,,0,,6,,,,,,,0,,6,,,,,HSV1_KOS,HHV6B
SRR22753525,0,,,0,0,,,,,,,,0,0,,,,,,HHV7,HHV6B
SRR22753525,9,,,,,,,9,,,,,,,,,0,,,KSHV,KSHV
SRR22753525,0,,,,,,,,0,,,,,,,,,0,,VZV_Ellen,VZV_Ellen
SRR22753525,4,,,,,,,,,4,,,,,,,,,0,combined_herpes_viruses,combined_herpes_viruses
SRR22753525,0,,0,,,,,,,,,0,,,,,,,,HCMV,HCMV
SRR22753525,0,0,,,,,,,,,0,,,,,,,,,EBV,EBV
SRR22753525,6,,,,,,6,,,,,,,,,0,,,,HSV2_StrainG,HSV2_StrainG
SRR22753525,6,,,,,6,,,,,,,,,0,,,,,HSV1_KOS,HSV1_KOS
SRR22753525,0,,,,0,,,,,,,,,0,,,,,,HHV7,HHV7
SRR22753525,0,,,0,,,,,,,,,0,,,,,,,HHV6B,HHV6B
SRR22753489,0,,,,0,,8,,,,,,,0,,8,,,,HHV7,HSV2_StrainG
SRR22753489,0,0,,,0,,,,,,0,,,0,,,,,,HHV7,EBV
SRR22753489,0,,,,0,,,15,,,,,,0,,,15,,,HHV7,KSHV
SRR22753489,0,,,,0,30,,,,,,,,0,30,,,,,HHV7,HSV1_KOS
SRR22753489,0,,,,0,,,,0,,,,,0,,,,0,,HHV7,VZV_Ellen
SRR22753489,0,,,,0,,,,,24,,,,0,,,,,24,HHV7,combined_herpes_viruses
SRR22753489,0,,,0,0,,,,,,,,0,0,,,,,,HHV7,HHV6B
SRR22753489,0,,0,,0,,,,,,,0,,0,,,,,,HHV7,HCMV
SRR22753489,0,0,,,,,8,,,,0,,,,,8,,,,HSV2_StrainG,EBV
SRR22753489,0,,,,,,8,15,,,,,,,,8,15,,,HSV2_StrainG,KSHV
SRR22753489,0,,,,,30,8,,,,,,,,30,8,,,,HSV2_StrainG,HSV1_KOS
SRR22753489,0,,,,,,8,,0,,,,,,,8,,0,,HSV2_StrainG,VZV_Ellen
SRR22753489,0,,,,,,8,,,24,,,,,,8,,,24,HSV2_StrainG,combined_herpes_viruses
SRR22753489,0,,,0,,,8,,,,,,0,,,8,,,,HSV2_StrainG,HHV6B
SRR22753489,0,,0,,,,8,,,,,0,,,,8,,,,HSV2_StrainG,HCMV
SRR22753489,0,0,,,,,,15,,,0,,,,,,15,,,EBV,KSHV
SRR22753489,0,0,,,,30,,,,,0,,,,30,,,,,EBV,HSV1_KOS
SRR22753489,0,0,,,,,,,0,,0,,,,,,,0,,EBV,VZV_Ellen
SRR22753489,0,0,,,,,,,,24,0,,,,,,,,24,EBV,combined_herpes_viruses
SRR22753489,0,0,,0,,,,,,,0,,0,,,,,,,EBV,HHV6B
SRR22753489,0,0,0,,,,,,,,0,0,,,,,,,,EBV,HCMV
SRR22753489,0,,,,,30,,15,,,,,,,30,,15,,,KSHV,HSV1_KOS
SRR22753489,0,,,,,,,15,0,,,,,,,,15,0,,KSHV,VZV_Ellen
SRR22753489,4,,,,,,,15,,24,,,,,,,11,,20,KSHV,combined_herpes_viruses
SRR22753489,0,,,0,,,,15,,,,,0,,,,15,,,KSHV,HHV6B
SRR22753489,0,,0,,,,,15,,,,0,,,,,15,,,KSHV,HCMV
SRR22753489,0,,,,,30,,,0,,,,,,30,,,0,,HSV1_KOS,VZV_Ellen
SRR22753489,16,,,,,30,,,,24,,,,,14,,,,8,HSV1_KOS,combined_herpes_viruses
SRR22753489,0,,,0,,30,,,,,,,0,,30,,,,,HSV1_KOS,HHV6B
SRR22753489,0,,0,,,30,,,,,,0,,,30,,,,,HSV1_KOS,HCMV
SRR22753489,0,,,,,,,,0,24,,,,,,,,0,24,VZV_Ellen,combined_herpes_viruses
SRR22753489,0,,,0,,,,,0,,,,0,,,,,0,,VZV_Ellen,HHV6B
SRR22753489,0,,0,,,,,,0,,,0,,,,,,0,,VZV_Ellen,HCMV
SRR22753489,0,,,0,,,,,,24,,,0,,,,,,24,combined_herpes_viruses,HHV6B
SRR22753489,0,,0,,,,,,,24,,0,,,,,,,24,combined_herpes_viruses,HCMV
SRR22753489,0,,0,0,,,,,,,,0,0,,,,,,,HHV6B,HCMV
SRR22753489,0,,,,0,,,,,,,,,0,,,,,,HHV7,HHV7
SRR22753489,8,,,,,,8,,,,,,,,,0,,,,HSV2_StrainG,HSV2_StrainG
SRR22753489,0,0,,,,,,,,,0,,,,,,,,,EBV,EBV
SRR22753489,15,,,,,,,15,,,,,,,,,0,,,KSHV,KSHV
SRR22753489,30,,,,,30,,,,,,,,,0,,,,,HSV1_KOS,HSV1_KOS
SRR22753489,0,,,,,,,,0,,,,,,,,,0,,VZV_Ellen,VZV_Ellen
SRR22753489,24,,,,,,,,,24,,,,,,,,,0,combined_herpes_viruses,combined_herpes_viruses
SRR22753489,0,,,0,,,,,,,,,0,,,,,,,HHV6B,HHV6B
SRR22753489,0,,0,,,,,,,,,0,,,,,,,,HCMV,HCMV
SRR22753464,0,,,,,84,2,,,,,,,,84,2,,,,HSV2_StrainG,HSV1_KOS
SRR22753464,0,,,,,,2,,0,,,,,,,2,,0,,HSV2_StrainG,VZV_Ellen
SRR22753464,0,0,,,,,2,,,,0,,,,,2,,,,HSV2_StrainG,EBV
SRR22753464,0,,,,,,2,,,47,,,,,,2,,,47,HSV2_StrainG,combined_herpes_viruses
SRR22753464,0,,,,,,2,5,,,,,,,,2,5,,,HSV2_StrainG,KSHV
SRR22753464,0,,0,,,,2,,,,,0,,,,2,,,,HSV2_StrainG,HCMV
SRR22753464,0,,,2,,,2,,,,,,2,,,2,,,,HSV2_StrainG,HHV6B
SRR22753464,0,,,,0,,2,,,,,,,0,,2,,,,HSV2_StrainG,HHV7
SRR22753464,0,,,,,84,,,0,,,,,,84,,,0,,HSV1_KOS,VZV_Ellen
SRR22753464,0,0,,,,84,,,,,0,,,,84,,,,,HSV1_KOS,EBV
SRR22753464,37,,,,,84,,,,47,,,,,47,,,,10,HSV1_KOS,combined_herpes_viruses
SRR22753464,0,,,,,84,,5,,,,,,,84,,5,,,HSV1_KOS,KSHV
SRR22753464,0,,0,,,84,,,,,,0,,,84,,,,,HSV1_KOS,HCMV
SRR22753464,0,,,2,,84,,,,,,,2,,84,,,,,HSV1_KOS,HHV6B
SRR22753464,0,,,,0,84,,,,,,,,0,84,,,,,HSV1_KOS,HHV7
SRR22753464,0,0,,,,,,,0,,0,,,,,,,0,,VZV_Ellen,EBV
SRR22753464,0,,,,,,,,0,47,,,,,,,,0,47,VZV_Ellen,combined_herpes_viruses
SRR22753464,0,,,,,,,5,0,,,,,,,,5,0,,VZV_Ellen,KSHV
SRR22753464,0,,0,,,,,,0,,,0,,,,,,0,,VZV_Ellen,HCMV
SRR22753464,0,,,2,,,,,0,,,,2,,,,,0,,VZV_Ellen,HHV6B
SRR22753464,0,,,,0,,,,0,,,,,0,,,,0,,VZV_Ellen,HHV7
SRR22753464,0,0,,,,,,,,47,0,,,,,,,,47,EBV,combined_herpes_viruses
SRR22753464,0,0,,,,,,5,,,0,,,,,,5,,,EBV,KSHV
SRR22753464,0,0,0,,,,,,,,0,0,,,,,,,,EBV,HCMV
SRR22753464,0,0,,2,,,,,,,0,,2,,,,,,,EBV,HHV6B
SRR22753464,0,0,,,0,,,,,,0,,,0,,,,,,EBV,HHV7
SRR22753464,0,,,,,,,5,,47,,,,,,,5,,47,combined_herpes_viruses,KSHV
SRR22753464,0,,0,,,,,,,47,,0,,,,,,,47,combined_herpes_viruses,HCMV
SRR22753464,0,,,2,,,,,,47,,,2,,,,,,47,combined_herpes_viruses,HHV6B
SRR22753464,0,,,,0,,,,,47,,,,0,,,,,47,combined_herpes_viruses,HHV7
SRR22753464,0,,0,,,,,5,,,,0,,,,,5,,,KSHV,HCMV
SRR22753464,0,,,2,,,,5,,,,,2,,,,5,,,KSHV,HHV6B
SRR22753464,0,,,,0,,,5,,,,,,0,,,5,,,KSHV,HHV7
SRR22753464,0,,0,2,,,,,,,,0,2,,,,,,,HCMV,HHV6B
SRR22753464,0,,0,,0,,,,,,,0,,0,,,,,,HCMV,HHV7
SRR22753464,0,,,2,0,,,,,,,,2,0,,,,,,HHV6B,HHV7
SRR22753464,2,,,,,,2,,,,,,,,,0,,,,HSV2_StrainG,HSV2_StrainG
SRR22753464,84,,,,,84,,,,,,,,,0,,,,,HSV1_KOS,HSV1_KOS
SRR22753464,0,,,,,,,,0,,,,,,,,,0,,VZV_Ellen,VZV_Ellen
SRR22753464,0,0,,,,,,,,,0,,,,,,,,,EBV,EBV
SRR22753464,47,,,,,,,,,47,,,,,,,,,0,combined_herpes_viruses,combined_herpes_viruses
SRR22753464,5,,,,,,,5,,,,,,,,,0,,,KSHV,KSHV
SRR22753464,0,,0,,,,,,,,,0,,,,,,,,HCMV,HCMV
SRR22753464,2,,,2,,,,,,,,,0,,,,,,,HHV6B,HHV6B
SRR22753464,0,,,,0,,,,,,,,,0,,,,,,HHV7,HHV7
SRR22753514,0,,,,0,,,,0,,,,,0,,,,0,,HHV7,VZV_Ellen
SRR22753514,0,,0,,0,,,,,,,0,,0,,,,,,HHV7,HCMV
SRR22753514,0,0,,,0,,,,,,0,,,0,,,,,,HHV7,EBV
SRR22753514,0,,,,0,,,2,,,,,,0,,,2,,,HHV7,KSHV
SRR22753514,0,,,,0,6,,,,,,,,0,6,,,,,HHV7,HSV1_KOS
SRR22753514,0,,,,0,,1,,,,,,,0,,1,,,,HHV7,HSV2_StrainG
SRR22753514,0,,,,0,,,,,2,,,,0,,,,,2,HHV7,combined_herpes_viruses
SRR22753514,0,,,1,0,,,,,,,,1,0,,,,,,HHV7,HHV6B
SRR22753514,0,,0,,,,,,0,,,0,,,,,,0,,VZV_Ellen,HCMV
SRR22753514,0,0,,,,,,,0,,0,,,,,,,0,,VZV_Ellen,EBV
SRR22753514,0,,,,,,,2,0,,,,,,,,2,0,,VZV_Ellen,KSHV
SRR22753514,0,,,,,6,,,0,,,,,,6,,,0,,VZV_Ellen,HSV1_KOS
SRR22753514,0,,,,,,1,,0,,,,,,,1,,0,,VZV_Ellen,HSV2_StrainG
SRR22753514,0,,,,,,,,0,2,,,,,,,,0,2,VZV_Ellen,combined_herpes_viruses
SRR22753514,0,,,1,,,,,0,,,,1,,,,,0,,VZV_Ellen,HHV6B
SRR22753514,0,0,0,,,,,,,,0,0,,,,,,,,HCMV,EBV
SRR22753514,0,,0,,,,,2,,,,0,,,,,2,,,HCMV,KSHV
SRR22753514,0,,0,,,6,,,,,,0,,,6,,,,,HCMV,HSV1_KOS
SRR22753514,0,,0,,,,1,,,,,0,,,,1,,,,HCMV,HSV2_StrainG
SRR22753514,0,,0,,,,,,,2,,0,,,,,,,2,HCMV,combined_herpes_viruses
SRR22753514,0,,0,1,,,,,,,,0,1,,,,,,,HCMV,HHV6B
SRR22753514,0,0,,,,,,2,,,0,,,,,,2,,,EBV,KSHV
SRR22753514,0,0,,,,6,,,,,0,,,,6,,,,,EBV,HSV1_KOS
SRR22753514,0,0,,,,,1,,,,0,,,,,1,,,,EBV,HSV2_StrainG
SRR22753514,0,0,,,,,,,,2,0,,,,,,,,2,EBV,combined_herpes_viruses
SRR22753514,0,0,,1,,,,,,,0,,1,,,,,,,EBV,HHV6B
SRR22753514,0,,,,,6,,2,,,,,,,6,,2,,,KSHV,HSV1_KOS
SRR22753514,0,,,,,,1,2,,,,,,,,1,2,,,KSHV,HSV2_StrainG
SRR22753514,0,,,,,,,2,,2,,,,,,,2,,2,KSHV,combined_herpes_viruses
SRR22753514,1,,,1,,,,2,,,,,0,,,,1,,,KSHV,HHV6B
SRR22753514,0,,,,,6,1,,,,,,,,6,1,,,,HSV1_KOS,HSV2_StrainG
SRR22753514,2,,,,,6,,,,2,,,,,4,,,,0,HSV1_KOS,combined_herpes_viruses
SRR22753514,0,,,1,,6,,,,,,,1,,6,,,,,HSV1_KOS,HHV6B
SRR22753514,0,,,,,,1,,,2,,,,,,1,,,2,HSV2_StrainG,combined_herpes_viruses
SRR22753514,0,,,1,,,1,,,,,,1,,,1,,,,HSV2_StrainG,HHV6B
SRR22753514,0,,,1,,,,,,2,,,1,,,,,,2,combined_herpes_viruses,HHV6B
SRR22753514,0,,,,0,,,,,,,,,0,,,,,,HHV7,HHV7
SRR22753514,0,,,,,,,,0,,,,,,,,,0,,VZV_Ellen,VZV_Ellen
SRR22753514,0,,0,,,,,,,,,0,,,,,,,,HCMV,HCMV
SRR22753514,0,0,,,,,,,,,0,,,,,,,,,EBV,EBV
SRR22753514,2,,,,,,,2,,,,,,,,,0,,,KSHV,KSHV
SRR22753514,6,,,,,6,,,,,,,,,0,,,,,HSV1_KOS,HSV1_KOS
SRR22753514,1,,,,,,1,,,,,,,,,0,,,,HSV2_StrainG,HSV2_StrainG
SRR22753514,2,,,,,,,,,2,,,,,,,,,0,combined_herpes_viruses,combined_herpes_viruses
SRR22753514,1,,,1,,,,,,,,,0,,,,,,,HHV6B,HHV6B
SRR22753541,0,,1,,,,,,0,,,1,,,,,,0,,HCMV,VZV_Ellen
SRR22753541,0,,1,2,,,,,,,,1,2,,,,,,,HCMV,HHV6B
SRR22753541,0,,1,,,,,3,,,,1,,,,,3,,,HCMV,KSHV
SRR22753541,0,,1,,,2,,,,,,1,,,2,,,,,HCMV,HSV1_KOS
SRR22753541,0,0,1,,,,,,,,0,1,,,,,,,,HCMV,EBV
SRR22753541,0,,1,,,,,,,1,,1,,,,,,,1,HCMV,combined_herpes_viruses
SRR22753541,0,,1,,0,,,,,,,1,,0,,,,,,HCMV,HHV7
SRR22753541,0,,1,,,,0,,,,,1,,,,0,,,,HCMV,HSV2_StrainG
SRR22753541,0,,,2,,,,,0,,,,2,,,,,0,,VZV_Ellen,HHV6B
SRR22753541,0,,,,,,,3,0,,,,,,,,3,0,,VZV_Ellen,KSHV
SRR22753541,0,,,,,2,,,0,,,,,,2,,,0,,VZV_Ellen,HSV1_KOS
SRR22753541,0,0,,,,,,,0,,0,,,,,,,0,,VZV_Ellen,EBV
SRR22753541,0,,,,,,,,0,1,,,,,,,,0,1,VZV_Ellen,combined_herpes_viruses
SRR22753541,0,,,,0,,,,0,,,,,0,,,,0,,VZV_Ellen,HHV7
SRR22753541,0,,,,,,0,,0,,,,,,,0,,0,,VZV_Ellen,HSV2_StrainG
SRR22753541,1,,,2,,,,3,,,,,1,,,,2,,,HHV6B,KSHV
SRR22753541,0,,,2,,2,,,,,,,2,,2,,,,,HHV6B,HSV1_KOS
SRR22753541,0,0,,2,,,,,,,0,,2,,,,,,,HHV6B,EBV
SRR22753541,0,,,2,,,,,,1,,,2,,,,,,1,HHV6B,combined_herpes_viruses
SRR22753541,0,,,2,0,,,,,,,,2,0,,,,,,HHV6B,HHV7
SRR22753541,0,,,2,,,0,,,,,,2,,,0,,,,HHV6B,HSV2_StrainG
SRR22753541,0,,,,,2,,3,,,,,,,2,,3,,,KSHV,HSV1_KOS
SRR22753541,0,0,,,,,,3,,,0,,,,,,3,,,KSHV,EBV
SRR22753541,0,,,,,,,3,,1,,,,,,,3,,1,KSHV,combined_herpes_viruses
SRR22753541,0,,,,0,,,3,,,,,,0,,,3,,,KSHV,HHV7
SRR22753541,0,,,,,,0,3,,,,,,,,0,3,,,KSHV,HSV2_StrainG
SRR22753541,0,0,,,,2,,,,,0,,,,2,,,,,HSV1_KOS,EBV
SRR22753541,1,,,,,2,,,,1,,,,,1,,,,0,HSV1_KOS,combined_herpes_viruses
SRR22753541,0,,,,0,2,,,,,,,,0,2,,,,,HSV1_KOS,HHV7
SRR22753541,0,,,,,2,0,,,,,,,,2,0,,,,HSV1_KOS,HSV2_StrainG
SRR22753541,0,0,,,,,,,,1,0,,,,,,,,1,EBV,combined_herpes_viruses
SRR22753541,0,0,,,0,,,,,,0,,,0,,,,,,EBV,HHV7
SRR22753541,0,0,,,,,0,,,,0,,,,,0,,,,EBV,HSV2_StrainG
SRR22753541,0,,,,0,,,,,1,,,,0,,,,,1,combined_herpes_viruses,HHV7
SRR22753541,0,,,,,,0,,,1,,,,,,0,,,1,combined_herpes_viruses,HSV2_StrainG
SRR22753541,0,,,,0,,0,,,,,,,0,,0,,,,HHV7,HSV2_StrainG
SRR22753541,1,,1,,,,,,,,,0,,,,,,,,HCMV,HCMV
SRR22753541,0,,,,,,,,0,,,,,,,,,0,,VZV_Ellen,VZV_Ellen
SRR22753541,2,,,2,,,,,,,,,0,,,,,,,HHV6B,HHV6B
SRR22753541,3,,,,,,,3,,,,,,,,,0,,,KSHV,KSHV
SRR22753541,2,,,,,2,,,,,,,,,0,,,,,HSV1_KOS,HSV1_KOS
SRR22753541,0,0,,,,,,,,,0,,,,,,,,,EBV,EBV
SRR22753541,1,,,,,,,,,1,,,,,,,,,0,combined_herpes_viruses,combined_herpes_viruses
SRR22753541,0,,,,0,,,,,,,,,0,,,,,,HHV7,HHV7
SRR22753541,0,,,,,,0,,,,,,,,,0,,,,HSV2_StrainG,HSV2_StrainG
SRR22753559,0,,,,,,6,,,3,,,,,,6,,,3,combined_herpes_viruses,HSV2_StrainG
SRR22753559,0,,,,,,,,0,3,,,,,,,,0,3,combined_herpes_viruses,VZV_Ellen
SRR22753559,0,,0,,,,,,,3,,0,,,,,,,3,combined_herpes_viruses,HCMV
SRR22753559,0,,,0,,,,,,3,,,0,,,,,,3,combined_herpes_viruses,HHV6B
SRR22753559,1,,,,,,,5,,3,,,,,,,4,,2,combined_herpes_viruses,KSHV
SRR22753559,2,,,,,5,,,,3,,,,,3,,,,1,combined_herpes_viruses,HSV1_KOS
SRR22753559,0,,,,0,,,,,3,,,,0,,,,,3,combined_herpes_viruses,HHV7
SRR22753559,0,0,,,,,,,,3,0,,,,,,,,3,combined_herpes_viruses,EBV
SRR22753559,0,,,,,,6,,0,,,,,,,6,,0,,HSV2_StrainG,VZV_Ellen
SRR22753559,0,,0,,,,6,,,,,0,,,,6,,,,HSV2_StrainG,HCMV
SRR22753559,0,,,0,,,6,,,,,,0,,,6,,,,HSV2_StrainG,HHV6B
SRR22753559,0,,,,,,6,5,,,,,,,,6,5,,,HSV2_StrainG,KSHV
SRR22753559,0,,,,,5,6,,,,,,,,5,6,,,,HSV2_StrainG,HSV1_KOS
SRR22753559,0,,,,0,,6,,,,,,,0,,6,,,,HSV2_StrainG,HHV7
SRR22753559,0,0,,,,,6,,,,0,,,,,6,,,,HSV2_StrainG,EBV
SRR22753559,0,,0,,,,,,0,,,0,,,,,,0,,VZV_Ellen,HCMV
SRR22753559,0,,,0,,,,,0,,,,0,,,,,0,,VZV_Ellen,HHV6B
SRR22753559,0,,,,,,,5,0,,,,,,,,5,0,,VZV_Ellen,KSHV
SRR22753559,0,,,,,5,,,0,,,,,,5,,,0,,VZV_Ellen,HSV1_KOS
SRR22753559,0,,,,0,,,,0,,,,,0,,,,0,,VZV_Ellen,HHV7
SRR22753559,0,0,,,,,,,0,,0,,,,,,,0,,VZV_Ellen,EBV
SRR22753559,0,,0,0,,,,,,,,0,0,,,,,,,HCMV,HHV6B
SRR22753559,0,,0,,,,,5,,,,0,,,,,5,,,HCMV,KSHV
SRR22753559,0,,0,,,5,,,,,,0,,,5,,,,,HCMV,HSV1_KOS
SRR22753559,0,,0,,0,,,,,,,0,,0,,,,,,HCMV,HHV7
SRR22753559,0,0,0,,,,,,,,0,0,,,,,,,,HCMV,EBV
SRR22753559,0,,,0,,,,5,,,,,0,,,,5,,,HHV6B,KSHV
SRR22753559,0,,,0,,5,,,,,,,0,,5,,,,,HHV6B,HSV1_KOS
SRR22753559,0,,,0,0,,,,,,,,0,0,,,,,,HHV6B,HHV7
SRR22753559,0,0,,0,,,,,,,0,,0,,,,,,,HHV6B,EBV
SRR22753559,0,,,,,5,,5,,,,,,,5,,5,,,KSHV,HSV1_KOS
SRR22753559,0,,,,0,,,5,,,,,,0,,,5,,,KSHV,HHV7
SRR22753559,0,0,,,,,,5,,,0,,,,,,5,,,KSHV,EBV
SRR22753559,0,,,,0,5,,,,,,,,0,5,,,,,HSV1_KOS,HHV7
SRR22753559,0,0,,,,5,,,,,0,,,,5,,,,,HSV1_KOS,EBV
SRR22753559,0,0,,,0,,,,,,0,,,0,,,,,,HHV7,EBV
SRR22753559,3,,,,,,,,,3,,,,,,,,,0,combined_herpes_viruses,combined_herpes_viruses
SRR22753559,6,,,,,,6,,,,,,,,,0,,,,HSV2_StrainG,HSV2_StrainG
SRR22753559,0,,,,,,,,0,,,,,,,,,0,,VZV_Ellen,VZV_Ellen
SRR22753559,0,,0,,,,,,,,,0,,,,,,,,HCMV,HCMV
SRR22753559,0,,,0,,,,,,,,,0,,,,,,,HHV6B,HHV6B
SRR22753559,5,,,,,,,5,,,,,,,,,0,,,KSHV,KSHV
SRR22753559,5,,,,,5,,,,,,,,,0,,,,,HSV1_KOS,HSV1_KOS
SRR22753559,0,,,,0,,,,,,,,,0,,,,,,HHV7,HHV7
SRR22753559,0,0,,,,,,,,,0,,,,,,,,,EBV,EBV
SRR22753492,0,0,0,,,,,,,,0,0,,,,,,,,HCMV,EBV
SRR22753492,0,,0,1,,,,,,,,0,1,,,,,,,HCMV,HHV6B
SRR22753492,0,,0,,,7,,,,,,0,,,7,,,,,HCMV,HSV1_KOS
SRR22753492,0,,0,,0,,,,,,,0,,0,,,,,,HCMV,HHV7
SRR22753492,0,,0,,,,,,,9,,0,,,,,,,9,HCMV,combined_herpes_viruses
SRR22753492,0,,0,,,,,,0,,,0,,,,,,0,,HCMV,VZV_Ellen
SRR22753492,0,,0,,,,,12,,,,0,,,,,12,,,HCMV,KSHV
SRR22753492,0,,0,,,,5,,,,,0,,,,5,,,,HCMV,HSV2_StrainG
SRR22753492,0,0,,1,,,,,,,0,,1,,,,,,,EBV,HHV6B
SRR22753492,0,0,,,,7,,,,,0,,,,7,,,,,EBV,HSV1_KOS
SRR22753492,0,0,,,0,,,,,,0,,,0,,,,,,EBV,HHV7
SRR22753492,0,0,,,,,,,,9,0,,,,,,,,9,EBV,combined_herpes_viruses
SRR22753492,0,0,,,,,,,0,,0,,,,,,,0,,EBV,VZV_Ellen
SRR22753492,0,0,,,,,,12,,,0,,,,,,12,,,EBV,KSHV
SRR22753492,0,0,,,,,5,,,,0,,,,,5,,,,EBV,HSV2_StrainG
SRR22753492,0,,,1,,7,,,,,,,1,,7,,,,,HHV6B,HSV1_KOS
SRR22753492,0,,,1,0,,,,,,,,1,0,,,,,,HHV6B,HHV7
SRR22753492,0,,,1,,,,,,9,,,1,,,,,,9,HHV6B,combined_herpes_viruses
SRR22753492,0,,,1,,,,,0,,,,1,,,,,0,,HHV6B,VZV_Ellen
SRR22753492,0,,,1,,,,12,,,,,1,,,,12,,,HHV6B,KSHV
SRR22753492,0,,,1,,,5,,,,,,1,,,5,,,,HHV6B,HSV2_StrainG
SRR22753492,0,,,,0,7,,,,,,,,0,7,,,,,HSV1_KOS,HHV7
SRR22753492,4,,,,,7,,,,9,,,,,3,,,,5,HSV1_KOS,combined_herpes_viruses
SRR22753492,0,,,,,7,,,0,,,,,,7,,,0,,HSV1_KOS,VZV_Ellen
SRR22753492,0,,,,,7,,12,,,,,,,7,,12,,,HSV1_KOS,KSHV
SRR22753492,0,,,,,7,5,,,,,,,,7,5,,,,HSV1_KOS,HSV2_StrainG
SRR22753492,0,,,,0,,,,,9,,,,0,,,,,9,HHV7,combined_herpes_viruses
SRR22753492,0,,,,0,,,,0,,,,,0,,,,0,,HHV7,VZV_Ellen
SRR22753492,0,,,,0,,,12,,,,,,0,,,12,,,HHV7,KSHV
SRR22753492,0,,,,0,,5,,,,,,,0,,5,,,,HHV7,HSV2_StrainG
SRR22753492,0,,,,,,,,0,9,,,,,,,,0,9,combined_herpes_viruses,VZV_Ellen
SRR22753492,4,,,,,,,12,,9,,,,,,,8,,5,combined_herpes_viruses,KSHV
SRR22753492,0,,,,,,5,,,9,,,,,,5,,,9,combined_herpes_viruses,HSV2_StrainG
SRR22753492,0,,,,,,,12,0,,,,,,,,12,0,,VZV_Ellen,KSHV
SRR22753492,0,,,,,,5,,0,,,,,,,5,,0,,VZV_Ellen,HSV2_StrainG
SRR22753492,0,,,,,,5,12,,,,,,,,5,12,,,KSHV,HSV2_StrainG
SRR22753492,0,,0,,,,,,,,,0,,,,,,,,HCMV,HCMV
SRR22753492,0,0,,,,,,,,,0,,,,,,,,,EBV,EBV
SRR22753492,1,,,1,,,,,,,,,0,,,,,,,HHV6B,HHV6B
SRR22753492,7,,,,,7,,,,,,,,,0,,,,,HSV1_KOS,HSV1_KOS
SRR22753492,0,,,,0,,,,,,,,,0,,,,,,HHV7,HHV7
SRR22753492,9,,,,,,,,,9,,,,,,,,,0,combined_herpes_viruses,combined_herpes_viruses
SRR22753492,0,,,,,,,,0,,,,,,,,,0,,VZV_Ellen,VZV_Ellen
SRR22753492,12,,,,,,,12,,,,,,,,,0,,,KSHV,KSHV
SRR22753492,5,,,,,,5,,,,,,,,,0,,,,HSV2_StrainG,HSV2_StrainG
SRR22753458,0,,,,0,,,8,,,,,,0,,,8,,,KSHV,HHV7
SRR22753458,0,,,,,,3,8,,,,,,,,3,8,,,KSHV,HSV2_StrainG
SRR22753458,0,,0,,,,,8,,,,0,,,,,8,,,KSHV,HCMV
SRR22753458,0,1,,,,,,8,,,1,,,,,,8,,,KSHV,EBV
SRR22753458,0,,,,,93,,8,,,,,,,93,,8,,,KSHV,HSV1_KOS
SRR22753458,3,,,,,,,8,,79,,,,,,,5,,76,KSHV,combined_herpes_viruses
SRR22753458,0,,,,,,,8,0,,,,,,,,8,0,,KSHV,VZV_Ellen
SRR22753458,3,,,3,,,,8,,,,,0,,,,5,,,KSHV,HHV6B
SRR22753458,0,,,,0,,3,,,,,,,0,,3,,,,HHV7,HSV2_StrainG
SRR22753458,0,,0,,0,,,,,,,0,,0,,,,,,HHV7,HCMV
SRR22753458,0,1,,,0,,,,,,1,,,0,,,,,,HHV7,EBV
SRR22753458,0,,,,0,93,,,,,,,,0,93,,,,,HHV7,HSV1_KOS
SRR22753458,0,,,,0,,,,,79,,,,0,,,,,79,HHV7,combined_herpes_viruses
SRR22753458,0,,,,0,,,,0,,,,,0,,,,0,,HHV7,VZV_Ellen
SRR22753458,0,,,3,0,,,,,,,,3,0,,,,,,HHV7,HHV6B
SRR22753458,0,,0,,,,3,,,,,0,,,,3,,,,HSV2_StrainG,HCMV
SRR22753458,0,1,,,,,3,,,,1,,,,,3,,,,HSV2_StrainG,EBV
SRR22753458,0,,,,,93,3,,,,,,,,93,3,,,,HSV2_StrainG,HSV1_KOS
SRR22753458,0,,,,,,3,,,79,,,,,,3,,,79,HSV2_StrainG,combined_herpes_viruses
SRR22753458,0,,,,,,3,,0,,,,,,,3,,0,,HSV2_StrainG,VZV_Ellen
SRR22753458,0,,,3,,,3,,,,,,3,,,3,,,,HSV2_StrainG,HHV6B
SRR22753458,0,1,0,,,,,,,,1,0,,,,,,,,HCMV,EBV
SRR22753458,0,,0,,,93,,,,,,0,,,93,,,,,HCMV,HSV1_KOS
SRR22753458,0,,0,,,,,,,79,,0,,,,,,,79,HCMV,combined_herpes_viruses
SRR22753458,0,,0,,,,,,0,,,0,,,,,,0,,HCMV,VZV_Ellen
SRR22753458,0,,0,3,,,,,,,,0,3,,,,,,,HCMV,HHV6B
SRR22753458,0,1,,,,93,,,,,1,,,,93,,,,,EBV,HSV1_KOS
SRR22753458,0,1,,,,,,,,79,1,,,,,,,,79,EBV,combined_herpes_viruses
SRR22753458,0,1,,,,,,,0,,1,,,,,,,0,,EBV,VZV_Ellen
SRR22753458,0,1,,3,,,,,,,1,,3,,,,,,,EBV,HHV6B
SRR22753458,61,,,,,93,,,,79,,,,,32,,,,18,HSV1_KOS,combined_herpes_viruses
SRR22753458,0,,,,,93,,,0,,,,,,93,,,0,,HSV1_KOS,VZV_Ellen
SRR22753458,0,,,3,,93,,,,,,,3,,93,,,,,HSV1_KOS,HHV6B
SRR22753458,0,,,,,,,,0,79,,,,,,,,0,79,combined_herpes_viruses,VZV_Ellen
SRR22753458,2,,,3,,,,,,79,,,1,,,,,,77,combined_herpes_viruses,HHV6B
SRR22753458,0,,,3,,,,,0,,,,3,,,,,0,,VZV_Ellen,HHV6B
SRR22753458,8,,,,,,,8,,,,,,,,,0,,,KSHV,KSHV
SRR22753458,0,,,,0,,,,,,,,,0,,,,,,HHV7,HHV7
SRR22753458,3,,,,,,3,,,,,,,,,0,,,,HSV2_StrainG,HSV2_StrainG
SRR22753458,0,,0,,,,,,,,,0,,,,,,,,HCMV,HCMV
SRR22753458,1,1,,,,,,,,,0,,,,,,,,,EBV,EBV
SRR22753458,93,,,,,93,,,,,,,,,0,,,,,HSV1_KOS,HSV1_KOS
SRR22753458,79,,,,,,,,,79,,,,,,,,,0,combined_herpes_viruses,combined_herpes_viruses
SRR22753458,0,,,,,,,,0,,,,,,,,,0,,VZV_Ellen,VZV_Ellen
SRR22753458,3,,,3,,,,,,,,,0,,,,,,,HHV6B,HHV6B
