"sample","virus","viral_only_reads","disease","cell_type"
"SRR22753365","combined_herpes_viruses","138","Juvenile Dermatomyositis","CD4"
"SRR22753365","EBV","0","Juvenile Dermatomyositis","CD4"
"SRR22753365","HCMV","0","Juvenile Dermatomyositis","CD4"
"SRR22753365","HHV6B","0","Juvenile Dermatomyositis","CD4"
"SRR22753365","HHV7","0","Juvenile Dermatomyositis","CD4"
"SRR22753365","HSV1_KOS","167","Juvenile Dermatomyositis","CD4"
"SRR22753365","HSV2_StrainG","4","Juvenile Dermatomyositis","CD4"
"SRR22753365","KSHV","7","Juvenile Dermatomyositis","CD4"
"SRR22753365","VZV_Ellen","0","Juvenile Dermatomyositis","CD4"
"SRR22753366","combined_herpes_viruses","227","Juvenile Dermatomyositis","CD19"
"SRR22753366","EBV","0","Juvenile Dermatomyositis","CD19"
"SRR22753366","HCMV","2","Juvenile Dermatomyositis","CD19"
"SRR22753366","HHV6B","0","Juvenile Dermatomyositis","CD19"
"SRR22753366","HHV7","0","Juvenile Dermatomyositis","CD19"
"SRR22753366","HSV1_KOS","293","Juvenile Dermatomyositis","CD19"
"SRR22753366","HSV2_StrainG","1","Juvenile Dermatomyositis","CD19"
"SRR22753366","KSHV","18","Juvenile Dermatomyositis","CD19"
"SRR22753366","VZV_Ellen","0","Juvenile Dermatomyositis","CD19"
"SRR22753367","combined_herpes_viruses","83","Juvenile Dermatomyositis","CD19"
"SRR22753367","EBV","0","Juvenile Dermatomyositis","CD19"
"SRR22753367","HCMV","0","Juvenile Dermatomyositis","CD19"
"SRR22753367","HHV6B","3","Juvenile Dermatomyositis","CD19"
"SRR22753367","HHV7","0","Juvenile Dermatomyositis","CD19"
"SRR22753367","HSV1_KOS","101","Juvenile Dermatomyositis","CD19"
"SRR22753367","HSV2_StrainG","7","Juvenile Dermatomyositis","CD19"
"SRR22753367","KSHV","6","Juvenile Dermatomyositis","CD19"
"SRR22753367","VZV_Ellen","0","Juvenile Dermatomyositis","CD19"
"SRR22753368","combined_herpes_viruses","86","Juvenile Dermatomyositis","CD4"
"SRR22753368","EBV","0","Juvenile Dermatomyositis","CD4"
"SRR22753368","HCMV","2","Juvenile Dermatomyositis","CD4"
"SRR22753368","HHV6B","1","Juvenile Dermatomyositis","CD4"
"SRR22753368","HHV7","0","Juvenile Dermatomyositis","CD4"
"SRR22753368","HSV1_KOS","126","Juvenile Dermatomyositis","CD4"
"SRR22753368","HSV2_StrainG","3","Juvenile Dermatomyositis","CD4"
"SRR22753368","KSHV","4","Juvenile Dermatomyositis","CD4"
"SRR22753368","VZV_Ellen","0","Juvenile Dermatomyositis","CD4"
"SRR22753369","combined_herpes_viruses","4","Juvenile Dermatomyositis","PBMC"
"SRR22753369","EBV","0","Juvenile Dermatomyositis","PBMC"
"SRR22753369","HCMV","0","Juvenile Dermatomyositis","PBMC"
"SRR22753369","HHV6B","15","Juvenile Dermatomyositis","PBMC"
"SRR22753369","HHV7","0","Juvenile Dermatomyositis","PBMC"
"SRR22753369","HSV1_KOS","5","Juvenile Dermatomyositis","PBMC"
"SRR22753369","HSV2_StrainG","16","Juvenile Dermatomyositis","PBMC"
"SRR22753369","KSHV","13","Juvenile Dermatomyositis","PBMC"
"SRR22753369","VZV_Ellen","0","Juvenile Dermatomyositis","PBMC"
"SRR22753370","combined_herpes_viruses","3","Control","CD19"
"SRR22753370","EBV","0","Control","CD19"
"SRR22753370","HCMV","0","Control","CD19"
"SRR22753370","HHV6B","0","Control","CD19"
"SRR22753370","HHV7","0","Control","CD19"
"SRR22753370","HSV1_KOS","8","Control","CD19"
"SRR22753370","HSV2_StrainG","1","Control","CD19"
"SRR22753370","KSHV","3","Control","CD19"
"SRR22753370","VZV_Ellen","0","Control","CD19"
"SRR22753371","combined_herpes_viruses","2","Control","CD19"
"SRR22753371","EBV","0","Control","CD19"
"SRR22753371","HCMV","0","Control","CD19"
"SRR22753371","HHV6B","1","Control","CD19"
"SRR22753371","HHV7","0","Control","CD19"
"SRR22753371","HSV1_KOS","6","Control","CD19"
"SRR22753371","HSV2_StrainG","5","Control","CD19"
"SRR22753371","KSHV","1","Control","CD19"
"SRR22753371","VZV_Ellen","0","Control","CD19"
"SRR22753372","combined_herpes_viruses","7","Control","CD19"
"SRR22753372","EBV","0","Control","CD19"
"SRR22753372","HCMV","0","Control","CD19"
"SRR22753372","HHV6B","1","Control","CD19"
"SRR22753372","HHV7","0","Control","CD19"
"SRR22753372","HSV1_KOS","11","Control","CD19"
"SRR22753372","HSV2_StrainG","1","Control","CD19"
"SRR22753372","KSHV","1","Control","CD19"
"SRR22753372","VZV_Ellen","0","Control","CD19"
"SRR22753373","combined_herpes_viruses","3","Control","CD19"
"SRR22753373","EBV","0","Control","CD19"
"SRR22753373","HCMV","0","Control","CD19"
"SRR22753373","HHV6B","0","Control","CD19"
"SRR22753373","HHV7","0","Control","CD19"
"SRR22753373","HSV1_KOS","5","Control","CD19"
"SRR22753373","HSV2_StrainG","4","Control","CD19"
"SRR22753373","KSHV","1","Control","CD19"
"SRR22753373","VZV_Ellen","0","Control","CD19"
"SRR22753374","combined_herpes_viruses","22","Control","CD14"
"SRR22753374","EBV","0","Control","CD14"
"SRR22753374","HCMV","0","Control","CD14"
"SRR22753374","HHV6B","3","Control","CD14"
"SRR22753374","HHV7","0","Control","CD14"
"SRR22753374","HSV1_KOS","42","Control","CD14"
"SRR22753374","HSV2_StrainG","5","Control","CD14"
"SRR22753374","KSHV","4","Control","CD14"
"SRR22753374","VZV_Ellen","0","Control","CD14"
"SRR22753375","combined_herpes_viruses","30","Control","CD14"
"SRR22753375","EBV","0","Control","CD14"
"SRR22753375","HCMV","0","Control","CD14"
"SRR22753375","HHV6B","2","Control","CD14"
"SRR22753375","HHV7","0","Control","CD14"
"SRR22753375","HSV1_KOS","42","Control","CD14"
"SRR22753375","HSV2_StrainG","1","Control","CD14"
"SRR22753375","KSHV","5","Control","CD14"
"SRR22753375","VZV_Ellen","0","Control","CD14"
"SRR22753376","combined_herpes_viruses","23","Control","CD14"
"SRR22753376","EBV","0","Control","CD14"
"SRR22753376","HCMV","0","Control","CD14"
"SRR22753376","HHV6B","1","Control","CD14"
"SRR22753376","HHV7","0","Control","CD14"
"SRR22753376","HSV1_KOS","43","Control","CD14"
"SRR22753376","HSV2_StrainG","5","Control","CD14"
"SRR22753376","KSHV","8","Control","CD14"
"SRR22753376","VZV_Ellen","0","Control","CD14"
"SRR22753377","combined_herpes_viruses","28","Control","CD14"
"SRR22753377","EBV","0","Control","CD14"
"SRR22753377","HCMV","0","Control","CD14"
"SRR22753377","HHV6B","0","Control","CD14"
"SRR22753377","HHV7","0","Control","CD14"
"SRR22753377","HSV1_KOS","46","Control","CD14"
"SRR22753377","HSV2_StrainG","2","Control","CD14"
"SRR22753377","KSHV","2","Control","CD14"
"SRR22753377","VZV_Ellen","0","Control","CD14"
"SRR22753378","combined_herpes_viruses","39","Control","CD4"
"SRR22753378","EBV","0","Control","CD4"
"SRR22753378","HCMV","0","Control","CD4"
"SRR22753378","HHV6B","4","Control","CD4"
"SRR22753378","HHV7","0","Control","CD4"
"SRR22753378","HSV1_KOS","47","Control","CD4"
"SRR22753378","HSV2_StrainG","4","Control","CD4"
"SRR22753378","KSHV","8","Control","CD4"
"SRR22753378","VZV_Ellen","0","Control","CD4"
"SRR22753379","combined_herpes_viruses","46","Control","CD4"
"SRR22753379","EBV","0","Control","CD4"
"SRR22753379","HCMV","0","Control","CD4"
"SRR22753379","HHV6B","10","Control","CD4"
"SRR22753379","HHV7","0","Control","CD4"
"SRR22753379","HSV1_KOS","67","Control","CD4"
"SRR22753379","HSV2_StrainG","5","Control","CD4"
"SRR22753379","KSHV","9","Control","CD4"
"SRR22753379","VZV_Ellen","0","Control","CD4"
"SRR22753380","combined_herpes_viruses","46","Control","CD4"
"SRR22753380","EBV","0","Control","CD4"
"SRR22753380","HCMV","0","Control","CD4"
"SRR22753380","HHV6B","3","Control","CD4"
"SRR22753380","HHV7","0","Control","CD4"
"SRR22753380","HSV1_KOS","64","Control","CD4"
"SRR22753380","HSV2_StrainG","6","Control","CD4"
"SRR22753380","KSHV","12","Control","CD4"
"SRR22753380","VZV_Ellen","0","Control","CD4"
"SRR22753381","combined_herpes_viruses","54","Control","CD4"
"SRR22753381","EBV","0","Control","CD4"
"SRR22753381","HCMV","0","Control","CD4"
"SRR22753381","HHV6B","1","Control","CD4"
"SRR22753381","HHV7","0","Control","CD4"
"SRR22753381","HSV1_KOS","62","Control","CD4"
"SRR22753381","HSV2_StrainG","6","Control","CD4"
"SRR22753381","KSHV","8","Control","CD4"
"SRR22753381","VZV_Ellen","0","Control","CD4"
"SRR22753382","combined_herpes_viruses","8","Control","CD4"
"SRR22753382","EBV","0","Control","CD4"
"SRR22753382","HCMV","0","Control","CD4"
"SRR22753382","HHV6B","2","Control","CD4"
"SRR22753382","HHV7","0","Control","CD4"
"SRR22753382","HSV1_KOS","10","Control","CD4"
"SRR22753382","HSV2_StrainG","9","Control","CD4"
"SRR22753382","KSHV","9","Control","CD4"
"SRR22753382","VZV_Ellen","0","Control","CD4"
"SRR22753383","combined_herpes_viruses","10","Control","CD4"
"SRR22753383","EBV","0","Control","CD4"
"SRR22753383","HCMV","0","Control","CD4"
"SRR22753383","HHV6B","0","Control","CD4"
"SRR22753383","HHV7","0","Control","CD4"
"SRR22753383","HSV1_KOS","15","Control","CD4"
"SRR22753383","HSV2_StrainG","5","Control","CD4"
"SRR22753383","KSHV","7","Control","CD4"
"SRR22753383","VZV_Ellen","0","Control","CD4"
"SRR22753384","combined_herpes_viruses","13","Control","CD4"
"SRR22753384","EBV","0","Control","CD4"
"SRR22753384","HCMV","0","Control","CD4"
"SRR22753384","HHV6B","0","Control","CD4"
"SRR22753384","HHV7","0","Control","CD4"
"SRR22753384","HSV1_KOS","17","Control","CD4"
"SRR22753384","HSV2_StrainG","3","Control","CD4"
"SRR22753384","KSHV","8","Control","CD4"
"SRR22753384","VZV_Ellen","0","Control","CD4"
"SRR22753385","combined_herpes_viruses","8","Control","CD4"
"SRR22753385","EBV","1","Control","CD4"
"SRR22753385","HCMV","0","Control","CD4"
"SRR22753385","HHV6B","0","Control","CD4"
"SRR22753385","HHV7","0","Control","CD4"
"SRR22753385","HSV1_KOS","16","Control","CD4"
"SRR22753385","HSV2_StrainG","5","Control","CD4"
"SRR22753385","KSHV","8","Control","CD4"
"SRR22753385","VZV_Ellen","0","Control","CD4"
"SRR22753386","combined_herpes_viruses","6","Juvenile Dermatomyositis","PBMC"
"SRR22753386","EBV","0","Juvenile Dermatomyositis","PBMC"
"SRR22753386","HCMV","0","Juvenile Dermatomyositis","PBMC"
"SRR22753386","HHV6B","6","Juvenile Dermatomyositis","PBMC"
"SRR22753386","HHV7","0","Juvenile Dermatomyositis","PBMC"
"SRR22753386","HSV1_KOS","1","Juvenile Dermatomyositis","PBMC"
"SRR22753386","HSV2_StrainG","2","Juvenile Dermatomyositis","PBMC"
"SRR22753386","KSHV","5","Juvenile Dermatomyositis","PBMC"
"SRR22753386","VZV_Ellen","0","Juvenile Dermatomyositis","PBMC"
"SRR22753387","combined_herpes_viruses","128","Juvenile Dermatomyositis","CD14"
"SRR22753387","EBV","0","Juvenile Dermatomyositis","CD14"
"SRR22753387","HCMV","0","Juvenile Dermatomyositis","CD14"
"SRR22753387","HHV6B","2","Juvenile Dermatomyositis","CD14"
"SRR22753387","HHV7","0","Juvenile Dermatomyositis","CD14"
"SRR22753387","HSV1_KOS","171","Juvenile Dermatomyositis","CD14"
"SRR22753387","HSV2_StrainG","4","Juvenile Dermatomyositis","CD14"
"SRR22753387","KSHV","4","Juvenile Dermatomyositis","CD14"
"SRR22753387","VZV_Ellen","0","Juvenile Dermatomyositis","CD14"
"SRR22753388","combined_herpes_viruses","163","Juvenile Dermatomyositis","CD4"
"SRR22753388","EBV","0","Juvenile Dermatomyositis","CD4"
"SRR22753388","HCMV","0","Juvenile Dermatomyositis","CD4"
"SRR22753388","HHV6B","1","Juvenile Dermatomyositis","CD4"
"SRR22753388","HHV7","0","Juvenile Dermatomyositis","CD4"
"SRR22753388","HSV1_KOS","229","Juvenile Dermatomyositis","CD4"
"SRR22753388","HSV2_StrainG","0","Juvenile Dermatomyositis","CD4"
"SRR22753388","KSHV","1","Juvenile Dermatomyositis","CD4"
"SRR22753388","VZV_Ellen","0","Juvenile Dermatomyositis","CD4"
"SRR22753389","combined_herpes_viruses","97","Juvenile Dermatomyositis","CD19"
"SRR22753389","EBV","0","Juvenile Dermatomyositis","CD19"
"SRR22753389","HCMV","1","Juvenile Dermatomyositis","CD19"
"SRR22753389","HHV6B","4","Juvenile Dermatomyositis","CD19"
"SRR22753389","HHV7","0","Juvenile Dermatomyositis","CD19"
"SRR22753389","HSV1_KOS","128","Juvenile Dermatomyositis","CD19"
"SRR22753389","HSV2_StrainG","3","Juvenile Dermatomyositis","CD19"
"SRR22753389","KSHV","7","Juvenile Dermatomyositis","CD19"
"SRR22753389","VZV_Ellen","0","Juvenile Dermatomyositis","CD19"
"SRR22753390","combined_herpes_viruses","68","Juvenile Dermatomyositis","CD14"
"SRR22753390","EBV","0","Juvenile Dermatomyositis","CD14"
"SRR22753390","HCMV","0","Juvenile Dermatomyositis","CD14"
"SRR22753390","HHV6B","13","Juvenile Dermatomyositis","CD14"
"SRR22753390","HHV7","0","Juvenile Dermatomyositis","CD14"
"SRR22753390","HSV1_KOS","73","Juvenile Dermatomyositis","CD14"
"SRR22753390","HSV2_StrainG","5","Juvenile Dermatomyositis","CD14"
"SRR22753390","KSHV","12","Juvenile Dermatomyositis","CD14"
"SRR22753390","VZV_Ellen","0","Juvenile Dermatomyositis","CD14"
"SRR22753391","combined_herpes_viruses","107","Juvenile Dermatomyositis","CD8"
"SRR22753391","EBV","0","Juvenile Dermatomyositis","CD8"
"SRR22753391","HCMV","0","Juvenile Dermatomyositis","CD8"
"SRR22753391","HHV6B","1","Juvenile Dermatomyositis","CD8"
"SRR22753391","HHV7","0","Juvenile Dermatomyositis","CD8"
"SRR22753391","HSV1_KOS","129","Juvenile Dermatomyositis","CD8"
"SRR22753391","HSV2_StrainG","6","Juvenile Dermatomyositis","CD8"
"SRR22753391","KSHV","2","Juvenile Dermatomyositis","CD8"
"SRR22753391","VZV_Ellen","0","Juvenile Dermatomyositis","CD8"
"SRR22753392","combined_herpes_viruses","79","Juvenile Dermatomyositis","CD8"
"SRR22753392","EBV","1","Juvenile Dermatomyositis","CD8"
"SRR22753392","HCMV","0","Juvenile Dermatomyositis","CD8"
"SRR22753392","HHV6B","1","Juvenile Dermatomyositis","CD8"
"SRR22753392","HHV7","0","Juvenile Dermatomyositis","CD8"
"SRR22753392","HSV1_KOS","101","Juvenile Dermatomyositis","CD8"
"SRR22753392","HSV2_StrainG","6","Juvenile Dermatomyositis","CD8"
"SRR22753392","KSHV","5","Juvenile Dermatomyositis","CD8"
"SRR22753392","VZV_Ellen","0","Juvenile Dermatomyositis","CD8"
"SRR22753393","combined_herpes_viruses","109","Juvenile Dermatomyositis","CD4"
"SRR22753393","EBV","0","Juvenile Dermatomyositis","CD4"
"SRR22753393","HCMV","0","Juvenile Dermatomyositis","CD4"
"SRR22753393","HHV6B","6","Juvenile Dermatomyositis","CD4"
"SRR22753393","HHV7","0","Juvenile Dermatomyositis","CD4"
"SRR22753393","HSV1_KOS","131","Juvenile Dermatomyositis","CD4"
"SRR22753393","HSV2_StrainG","6","Juvenile Dermatomyositis","CD4"
"SRR22753393","KSHV","4","Juvenile Dermatomyositis","CD4"
"SRR22753393","VZV_Ellen","0","Juvenile Dermatomyositis","CD4"
"SRR22753394","combined_herpes_viruses","278","Juvenile Dermatomyositis","CD19"
"SRR22753394","EBV","6","Juvenile Dermatomyositis","CD19"
"SRR22753394","HCMV","0","Juvenile Dermatomyositis","CD19"
"SRR22753394","HHV6B","0","Juvenile Dermatomyositis","CD19"
"SRR22753394","HHV7","0","Juvenile Dermatomyositis","CD19"
"SRR22753394","HSV1_KOS","362","Juvenile Dermatomyositis","CD19"
"SRR22753394","HSV2_StrainG","11","Juvenile Dermatomyositis","CD19"
"SRR22753394","KSHV","2","Juvenile Dermatomyositis","CD19"
"SRR22753394","VZV_Ellen","0","Juvenile Dermatomyositis","CD19"
"SRR22753395","combined_herpes_viruses","6","Control","CD8"
"SRR22753395","EBV","0","Control","CD8"
"SRR22753395","HCMV","0","Control","CD8"
"SRR22753395","HHV6B","0","Control","CD8"
"SRR22753395","HHV7","0","Control","CD8"
"SRR22753395","HSV1_KOS","14","Control","CD8"
"SRR22753395","HSV2_StrainG","4","Control","CD8"
"SRR22753395","KSHV","13","Control","CD8"
"SRR22753395","VZV_Ellen","0","Control","CD8"
"SRR22753396","combined_herpes_viruses","26","Control","CD14"
"SRR22753396","EBV","0","Control","CD14"
"SRR22753396","HCMV","0","Control","CD14"
"SRR22753396","HHV6B","4","Control","CD14"
"SRR22753396","HHV7","0","Control","CD14"
"SRR22753396","HSV1_KOS","38","Control","CD14"
"SRR22753396","HSV2_StrainG","31","Control","CD14"
"SRR22753396","KSHV","46","Control","CD14"
"SRR22753396","VZV_Ellen","0","Control","CD14"
"SRR22753397","combined_herpes_viruses","37","Control","CD14"
"SRR22753397","EBV","0","Control","CD14"
"SRR22753397","HCMV","0","Control","CD14"
"SRR22753397","HHV6B","1","Control","CD14"
"SRR22753397","HHV7","0","Control","CD14"
"SRR22753397","HSV1_KOS","57","Control","CD14"
"SRR22753397","HSV2_StrainG","20","Control","CD14"
"SRR22753397","KSHV","41","Control","CD14"
"SRR22753397","VZV_Ellen","0","Control","CD14"
"SRR22753398","combined_herpes_viruses","49","Control","CD14"
"SRR22753398","EBV","0","Control","CD14"
"SRR22753398","HCMV","0","Control","CD14"
"SRR22753398","HHV6B","9","Control","CD14"
"SRR22753398","HHV7","0","Control","CD14"
"SRR22753398","HSV1_KOS","49","Control","CD14"
"SRR22753398","HSV2_StrainG","31","Control","CD14"
"SRR22753398","KSHV","44","Control","CD14"
"SRR22753398","VZV_Ellen","0","Control","CD14"
"SRR22753399","combined_herpes_viruses","38","Control","CD14"
"SRR22753399","EBV","2","Control","CD14"
"SRR22753399","HCMV","2","Control","CD14"
"SRR22753399","HHV6B","3","Control","CD14"
"SRR22753399","HHV7","0","Control","CD14"
"SRR22753399","HSV1_KOS","52","Control","CD14"
"SRR22753399","HSV2_StrainG","23","Control","CD14"
"SRR22753399","KSHV","33","Control","CD14"
"SRR22753399","VZV_Ellen","0","Control","CD14"
"SRR22753401","combined_herpes_viruses","388","Juvenile Dermatomyositis","CD8"
"SRR22753401","EBV","0","Juvenile Dermatomyositis","CD8"
"SRR22753401","HCMV","5","Juvenile Dermatomyositis","CD8"
"SRR22753401","HHV6B","0","Juvenile Dermatomyositis","CD8"
"SRR22753401","HHV7","0","Juvenile Dermatomyositis","CD8"
"SRR22753401","HSV1_KOS","558","Juvenile Dermatomyositis","CD8"
"SRR22753401","HSV2_StrainG","7","Juvenile Dermatomyositis","CD8"
"SRR22753401","KSHV","2","Juvenile Dermatomyositis","CD8"
"SRR22753401","VZV_Ellen","0","Juvenile Dermatomyositis","CD8"
"SRR22753402","combined_herpes_viruses","116","Juvenile Dermatomyositis","CD4"
"SRR22753402","EBV","0","Juvenile Dermatomyositis","CD4"
"SRR22753402","HCMV","0","Juvenile Dermatomyositis","CD4"
"SRR22753402","HHV6B","4","Juvenile Dermatomyositis","CD4"
"SRR22753402","HHV7","0","Juvenile Dermatomyositis","CD4"
"SRR22753402","HSV1_KOS","163","Juvenile Dermatomyositis","CD4"
"SRR22753402","HSV2_StrainG","1","Juvenile Dermatomyositis","CD4"
"SRR22753402","KSHV","6","Juvenile Dermatomyositis","CD4"
"SRR22753402","VZV_Ellen","0","Juvenile Dermatomyositis","CD4"
"SRR22753403","combined_herpes_viruses","418","Juvenile Dermatomyositis","CD19"
"SRR22753403","EBV","14","Juvenile Dermatomyositis","CD19"
"SRR22753403","HCMV","0","Juvenile Dermatomyositis","CD19"
"SRR22753403","HHV6B","0","Juvenile Dermatomyositis","CD19"
"SRR22753403","HHV7","0","Juvenile Dermatomyositis","CD19"
"SRR22753403","HSV1_KOS","528","Juvenile Dermatomyositis","CD19"
"SRR22753403","HSV2_StrainG","3","Juvenile Dermatomyositis","CD19"
"SRR22753403","KSHV","1","Juvenile Dermatomyositis","CD19"
"SRR22753403","VZV_Ellen","0","Juvenile Dermatomyositis","CD19"
"SRR22753404","combined_herpes_viruses","433","Juvenile Dermatomyositis","CD14"
"SRR22753404","EBV","0","Juvenile Dermatomyositis","CD14"
"SRR22753404","HCMV","0","Juvenile Dermatomyositis","CD14"
"SRR22753404","HHV6B","6","Juvenile Dermatomyositis","CD14"
"SRR22753404","HHV7","0","Juvenile Dermatomyositis","CD14"
"SRR22753404","HSV1_KOS","617","Juvenile Dermatomyositis","CD14"
"SRR22753404","HSV2_StrainG","9","Juvenile Dermatomyositis","CD14"
"SRR22753404","KSHV","5","Juvenile Dermatomyositis","CD14"
"SRR22753404","VZV_Ellen","0","Juvenile Dermatomyositis","CD14"
"SRR22753405","combined_herpes_viruses","228","Juvenile Dermatomyositis","CD8"
"SRR22753405","EBV","0","Juvenile Dermatomyositis","CD8"
"SRR22753405","HCMV","0","Juvenile Dermatomyositis","CD8"
"SRR22753405","HHV6B","2","Juvenile Dermatomyositis","CD8"
"SRR22753405","HHV7","1","Juvenile Dermatomyositis","CD8"
"SRR22753405","HSV1_KOS","383","Juvenile Dermatomyositis","CD8"
"SRR22753405","HSV2_StrainG","7","Juvenile Dermatomyositis","CD8"
"SRR22753405","KSHV","9","Juvenile Dermatomyositis","CD8"
"SRR22753405","VZV_Ellen","0","Juvenile Dermatomyositis","CD8"
"SRR22753406","combined_herpes_viruses","159","Juvenile Dermatomyositis","CD19"
"SRR22753406","EBV","0","Juvenile Dermatomyositis","CD19"
"SRR22753406","HCMV","4","Juvenile Dermatomyositis","CD19"
"SRR22753406","HHV6B","2","Juvenile Dermatomyositis","CD19"
"SRR22753406","HHV7","0","Juvenile Dermatomyositis","CD19"
"SRR22753406","HSV1_KOS","224","Juvenile Dermatomyositis","CD19"
"SRR22753406","HSV2_StrainG","6","Juvenile Dermatomyositis","CD19"
"SRR22753406","KSHV","10","Juvenile Dermatomyositis","CD19"
"SRR22753406","VZV_Ellen","0","Juvenile Dermatomyositis","CD19"
"SRR22753407","combined_herpes_viruses","202","Juvenile Dermatomyositis","CD4"
"SRR22753407","EBV","0","Juvenile Dermatomyositis","CD4"
"SRR22753407","HCMV","1","Juvenile Dermatomyositis","CD4"
"SRR22753407","HHV6B","2","Juvenile Dermatomyositis","CD4"
"SRR22753407","HHV7","0","Juvenile Dermatomyositis","CD4"
"SRR22753407","HSV1_KOS","274","Juvenile Dermatomyositis","CD4"
"SRR22753407","HSV2_StrainG","9","Juvenile Dermatomyositis","CD4"
"SRR22753407","KSHV","7","Juvenile Dermatomyositis","CD4"
"SRR22753407","VZV_Ellen","0","Juvenile Dermatomyositis","CD4"
"SRR22753408","combined_herpes_viruses","133","Juvenile Dermatomyositis","CD19"
"SRR22753408","EBV","0","Juvenile Dermatomyositis","CD19"
"SRR22753408","HCMV","1","Juvenile Dermatomyositis","CD19"
"SRR22753408","HHV6B","7","Juvenile Dermatomyositis","CD19"
"SRR22753408","HHV7","0","Juvenile Dermatomyositis","CD19"
"SRR22753408","HSV1_KOS","177","Juvenile Dermatomyositis","CD19"
"SRR22753408","HSV2_StrainG","3","Juvenile Dermatomyositis","CD19"
"SRR22753408","KSHV","13","Juvenile Dermatomyositis","CD19"
"SRR22753408","VZV_Ellen","0","Juvenile Dermatomyositis","CD19"
"SRR22753409","combined_herpes_viruses","63","Juvenile Dermatomyositis","CD4"
"SRR22753409","EBV","0","Juvenile Dermatomyositis","CD4"
"SRR22753409","HCMV","0","Juvenile Dermatomyositis","CD4"
"SRR22753409","HHV6B","5","Juvenile Dermatomyositis","CD4"
"SRR22753409","HHV7","0","Juvenile Dermatomyositis","CD4"
"SRR22753409","HSV1_KOS","93","Juvenile Dermatomyositis","CD4"
"SRR22753409","HSV2_StrainG","5","Juvenile Dermatomyositis","CD4"
"SRR22753409","KSHV","6","Juvenile Dermatomyositis","CD4"
"SRR22753409","VZV_Ellen","0","Juvenile Dermatomyositis","CD4"
"SRR22753410","combined_herpes_viruses","79","Juvenile Dermatomyositis","CD14"
"SRR22753410","EBV","0","Juvenile Dermatomyositis","CD14"
"SRR22753410","HCMV","0","Juvenile Dermatomyositis","CD14"
"SRR22753410","HHV6B","2","Juvenile Dermatomyositis","CD14"
"SRR22753410","HHV7","0","Juvenile Dermatomyositis","CD14"
"SRR22753410","HSV1_KOS","106","Juvenile Dermatomyositis","CD14"
"SRR22753410","HSV2_StrainG","3","Juvenile Dermatomyositis","CD14"
"SRR22753410","KSHV","6","Juvenile Dermatomyositis","CD14"
"SRR22753410","VZV_Ellen","0","Juvenile Dermatomyositis","CD14"
"SRR22753411","combined_herpes_viruses","4","Control","CD8"
"SRR22753411","EBV","0","Control","CD8"
"SRR22753411","HCMV","0","Control","CD8"
"SRR22753411","HHV6B","1","Control","CD8"
"SRR22753411","HHV7","0","Control","CD8"
"SRR22753411","HSV1_KOS","5","Control","CD8"
"SRR22753411","HSV2_StrainG","7","Control","CD8"
"SRR22753411","KSHV","7","Control","CD8"
"SRR22753411","VZV_Ellen","0","Control","CD8"
"SRR22753412","combined_herpes_viruses","11","Control","CD8"
"SRR22753412","EBV","0","Control","CD8"
"SRR22753412","HCMV","0","Control","CD8"
"SRR22753412","HHV6B","3","Control","CD8"
"SRR22753412","HHV7","0","Control","CD8"
"SRR22753412","HSV1_KOS","16","Control","CD8"
"SRR22753412","HSV2_StrainG","7","Control","CD8"
"SRR22753412","KSHV","7","Control","CD8"
"SRR22753412","VZV_Ellen","0","Control","CD8"
"SRR22753413","combined_herpes_viruses","10","Control","CD8"
"SRR22753413","EBV","0","Control","CD8"
"SRR22753413","HCMV","0","Control","CD8"
"SRR22753413","HHV6B","0","Control","CD8"
"SRR22753413","HHV7","0","Control","CD8"
"SRR22753413","HSV1_KOS","11","Control","CD8"
"SRR22753413","HSV2_StrainG","3","Control","CD8"
"SRR22753413","KSHV","3","Control","CD8"
"SRR22753413","VZV_Ellen","0","Control","CD8"
"SRR22753414","combined_herpes_viruses","53","Juvenile Dermatomyositis","CD8"
"SRR22753414","EBV","0","Juvenile Dermatomyositis","CD8"
"SRR22753414","HCMV","0","Juvenile Dermatomyositis","CD8"
"SRR22753414","HHV6B","6","Juvenile Dermatomyositis","CD8"
"SRR22753414","HHV7","0","Juvenile Dermatomyositis","CD8"
"SRR22753414","HSV1_KOS","53","Juvenile Dermatomyositis","CD8"
"SRR22753414","HSV2_StrainG","5","Juvenile Dermatomyositis","CD8"
"SRR22753414","KSHV","2","Juvenile Dermatomyositis","CD8"
"SRR22753414","VZV_Ellen","0","Juvenile Dermatomyositis","CD8"
"SRR22753415","combined_herpes_viruses","12","Control","CD4"
"SRR22753415","EBV","0","Control","CD4"
"SRR22753415","HCMV","0","Control","CD4"
"SRR22753415","HHV6B","2","Control","CD4"
"SRR22753415","HHV7","0","Control","CD4"
"SRR22753415","HSV1_KOS","9","Control","CD4"
"SRR22753415","HSV2_StrainG","1","Control","CD4"
"SRR22753415","KSHV","3","Control","CD4"
"SRR22753415","VZV_Ellen","0","Control","CD4"
"SRR22753416","combined_herpes_viruses","6","Control","CD4"
"SRR22753416","EBV","0","Control","CD4"
"SRR22753416","HCMV","0","Control","CD4"
"SRR22753416","HHV6B","3","Control","CD4"
"SRR22753416","HHV7","0","Control","CD4"
"SRR22753416","HSV1_KOS","11","Control","CD4"
"SRR22753416","HSV2_StrainG","2","Control","CD4"
"SRR22753416","KSHV","1","Control","CD4"
"SRR22753416","VZV_Ellen","0","Control","CD4"
"SRR22753417","combined_herpes_viruses","8","Control","CD4"
"SRR22753417","EBV","0","Control","CD4"
"SRR22753417","HCMV","1","Control","CD4"
"SRR22753417","HHV6B","1","Control","CD4"
"SRR22753417","HHV7","0","Control","CD4"
"SRR22753417","HSV1_KOS","9","Control","CD4"
"SRR22753417","HSV2_StrainG","12","Control","CD4"
"SRR22753417","KSHV","8","Control","CD4"
"SRR22753417","VZV_Ellen","0","Control","CD4"
"SRR22753418","combined_herpes_viruses","15","Control","CD4"
"SRR22753418","EBV","0","Control","CD4"
"SRR22753418","HCMV","1","Control","CD4"
"SRR22753418","HHV6B","0","Control","CD4"
"SRR22753418","HHV7","0","Control","CD4"
"SRR22753418","HSV1_KOS","10","Control","CD4"
"SRR22753418","HSV2_StrainG","3","Control","CD4"
"SRR22753418","KSHV","4","Control","CD4"
"SRR22753418","VZV_Ellen","0","Control","CD4"
"SRR22753419","combined_herpes_viruses","18","Control","CD19"
"SRR22753419","EBV","0","Control","CD19"
"SRR22753419","HCMV","0","Control","CD19"
"SRR22753419","HHV6B","0","Control","CD19"
"SRR22753419","HHV7","0","Control","CD19"
"SRR22753419","HSV1_KOS","23","Control","CD19"
"SRR22753419","HSV2_StrainG","12","Control","CD19"
"SRR22753419","KSHV","14","Control","CD19"
"SRR22753419","VZV_Ellen","0","Control","CD19"
"SRR22753420","combined_herpes_viruses","13","Control","CD19"
"SRR22753420","EBV","0","Control","CD19"
"SRR22753420","HCMV","0","Control","CD19"
"SRR22753420","HHV6B","1","Control","CD19"
"SRR22753420","HHV7","0","Control","CD19"
"SRR22753420","HSV1_KOS","23","Control","CD19"
"SRR22753420","HSV2_StrainG","7","Control","CD19"
"SRR22753420","KSHV","9","Control","CD19"
"SRR22753420","VZV_Ellen","0","Control","CD19"
"SRR22753421","combined_herpes_viruses","15","Control","CD19"
"SRR22753421","EBV","0","Control","CD19"
"SRR22753421","HCMV","0","Control","CD19"
"SRR22753421","HHV6B","0","Control","CD19"
"SRR22753421","HHV7","0","Control","CD19"
"SRR22753421","HSV1_KOS","21","Control","CD19"
"SRR22753421","HSV2_StrainG","9","Control","CD19"
"SRR22753421","KSHV","11","Control","CD19"
"SRR22753421","VZV_Ellen","0","Control","CD19"
"SRR22753422","combined_herpes_viruses","23","Control","CD19"
"SRR22753422","EBV","0","Control","CD19"
"SRR22753422","HCMV","0","Control","CD19"
"SRR22753422","HHV6B","1","Control","CD19"
"SRR22753422","HHV7","0","Control","CD19"
"SRR22753422","HSV1_KOS","27","Control","CD19"
"SRR22753422","HSV2_StrainG","10","Control","CD19"
"SRR22753422","KSHV","10","Control","CD19"
"SRR22753422","VZV_Ellen","0","Control","CD19"
"SRR22753423","combined_herpes_viruses","6","Juvenile Dermatomyositis","CD14"
"SRR22753423","EBV","0","Juvenile Dermatomyositis","CD14"
"SRR22753423","HCMV","0","Juvenile Dermatomyositis","CD14"
"SRR22753423","HHV6B","4","Juvenile Dermatomyositis","CD14"
"SRR22753423","HHV7","0","Juvenile Dermatomyositis","CD14"
"SRR22753423","HSV1_KOS","7","Juvenile Dermatomyositis","CD14"
"SRR22753423","HSV2_StrainG","3","Juvenile Dermatomyositis","CD14"
"SRR22753423","KSHV","5","Juvenile Dermatomyositis","CD14"
"SRR22753423","VZV_Ellen","0","Juvenile Dermatomyositis","CD14"
"SRR22753424","combined_herpes_viruses","5","Juvenile Dermatomyositis","CD14"
"SRR22753424","EBV","0","Juvenile Dermatomyositis","CD14"
"SRR22753424","HCMV","0","Juvenile Dermatomyositis","CD14"
"SRR22753424","HHV6B","2","Juvenile Dermatomyositis","CD14"
"SRR22753424","HHV7","0","Juvenile Dermatomyositis","CD14"
"SRR22753424","HSV1_KOS","11","Juvenile Dermatomyositis","CD14"
"SRR22753424","HSV2_StrainG","3","Juvenile Dermatomyositis","CD14"
"SRR22753424","KSHV","2","Juvenile Dermatomyositis","CD14"
"SRR22753424","VZV_Ellen","0","Juvenile Dermatomyositis","CD14"
"SRR22753425","combined_herpes_viruses","4","Juvenile Dermatomyositis","CD14"
"SRR22753425","EBV","0","Juvenile Dermatomyositis","CD14"
"SRR22753425","HCMV","1","Juvenile Dermatomyositis","CD14"
"SRR22753425","HHV6B","5","Juvenile Dermatomyositis","CD14"
"SRR22753425","HHV7","0","Juvenile Dermatomyositis","CD14"
"SRR22753425","HSV1_KOS","12","Juvenile Dermatomyositis","CD14"
"SRR22753425","HSV2_StrainG","2","Juvenile Dermatomyositis","CD14"
"SRR22753425","KSHV","4","Juvenile Dermatomyositis","CD14"
"SRR22753425","VZV_Ellen","0","Juvenile Dermatomyositis","CD14"
"SRR22753426","combined_herpes_viruses","11","Juvenile Dermatomyositis","CD14"
"SRR22753426","EBV","0","Juvenile Dermatomyositis","CD14"
"SRR22753426","HCMV","0","Juvenile Dermatomyositis","CD14"
"SRR22753426","HHV6B","4","Juvenile Dermatomyositis","CD14"
"SRR22753426","HHV7","0","Juvenile Dermatomyositis","CD14"
"SRR22753426","HSV1_KOS","10","Juvenile Dermatomyositis","CD14"
"SRR22753426","HSV2_StrainG","2","Juvenile Dermatomyositis","CD14"
"SRR22753426","KSHV","4","Juvenile Dermatomyositis","CD14"
"SRR22753426","VZV_Ellen","0","Juvenile Dermatomyositis","CD14"
"SRR22753427","combined_herpes_viruses","8","Juvenile Dermatomyositis","CD14"
"SRR22753427","EBV","1","Juvenile Dermatomyositis","CD14"
"SRR22753427","HCMV","0","Juvenile Dermatomyositis","CD14"
"SRR22753427","HHV6B","5","Juvenile Dermatomyositis","CD14"
"SRR22753427","HHV7","0","Juvenile Dermatomyositis","CD14"
"SRR22753427","HSV1_KOS","11","Juvenile Dermatomyositis","CD14"
"SRR22753427","HSV2_StrainG","4","Juvenile Dermatomyositis","CD14"
"SRR22753427","KSHV","3","Juvenile Dermatomyositis","CD14"
"SRR22753427","VZV_Ellen","0","Juvenile Dermatomyositis","CD14"
"SRR22753428","combined_herpes_viruses","10","Juvenile Dermatomyositis","CD14"
"SRR22753428","EBV","0","Juvenile Dermatomyositis","CD14"
"SRR22753428","HCMV","0","Juvenile Dermatomyositis","CD14"
"SRR22753428","HHV6B","5","Juvenile Dermatomyositis","CD14"
"SRR22753428","HHV7","0","Juvenile Dermatomyositis","CD14"
"SRR22753428","HSV1_KOS","11","Juvenile Dermatomyositis","CD14"
"SRR22753428","HSV2_StrainG","3","Juvenile Dermatomyositis","CD14"
"SRR22753428","KSHV","3","Juvenile Dermatomyositis","CD14"
"SRR22753428","VZV_Ellen","0","Juvenile Dermatomyositis","CD14"
"SRR22753429","combined_herpes_viruses","7","Juvenile Dermatomyositis","CD14"
"SRR22753429","EBV","0","Juvenile Dermatomyositis","CD14"
"SRR22753429","HCMV","0","Juvenile Dermatomyositis","CD14"
"SRR22753429","HHV6B","3","Juvenile Dermatomyositis","CD14"
"SRR22753429","HHV7","0","Juvenile Dermatomyositis","CD14"
"SRR22753429","HSV1_KOS","8","Juvenile Dermatomyositis","CD14"
"SRR22753429","HSV2_StrainG","1","Juvenile Dermatomyositis","CD14"
"SRR22753429","KSHV","1","Juvenile Dermatomyositis","CD14"
"SRR22753429","VZV_Ellen","0","Juvenile Dermatomyositis","CD14"
"SRR22753430","combined_herpes_viruses","7","Juvenile Dermatomyositis","CD14"
"SRR22753430","EBV","0","Juvenile Dermatomyositis","CD14"
"SRR22753430","HCMV","0","Juvenile Dermatomyositis","CD14"
"SRR22753430","HHV6B","2","Juvenile Dermatomyositis","CD14"
"SRR22753430","HHV7","0","Juvenile Dermatomyositis","CD14"
"SRR22753430","HSV1_KOS","8","Juvenile Dermatomyositis","CD14"
"SRR22753430","HSV2_StrainG","7","Juvenile Dermatomyositis","CD14"
"SRR22753430","KSHV","4","Juvenile Dermatomyositis","CD14"
"SRR22753430","VZV_Ellen","0","Juvenile Dermatomyositis","CD14"
"SRR22753431","combined_herpes_viruses","12","Juvenile Dermatomyositis","CD8"
"SRR22753431","EBV","0","Juvenile Dermatomyositis","CD8"
"SRR22753431","HCMV","0","Juvenile Dermatomyositis","CD8"
"SRR22753431","HHV6B","2","Juvenile Dermatomyositis","CD8"
"SRR22753431","HHV7","0","Juvenile Dermatomyositis","CD8"
"SRR22753431","HSV1_KOS","18","Juvenile Dermatomyositis","CD8"
"SRR22753431","HSV2_StrainG","3","Juvenile Dermatomyositis","CD8"
"SRR22753431","KSHV","6","Juvenile Dermatomyositis","CD8"
"SRR22753431","VZV_Ellen","0","Juvenile Dermatomyositis","CD8"
"SRR22753432","combined_herpes_viruses","14","Juvenile Dermatomyositis","CD8"
"SRR22753432","EBV","0","Juvenile Dermatomyositis","CD8"
"SRR22753432","HCMV","0","Juvenile Dermatomyositis","CD8"
"SRR22753432","HHV6B","0","Juvenile Dermatomyositis","CD8"
"SRR22753432","HHV7","0","Juvenile Dermatomyositis","CD8"
"SRR22753432","HSV1_KOS","14","Juvenile Dermatomyositis","CD8"
"SRR22753432","HSV2_StrainG","2","Juvenile Dermatomyositis","CD8"
"SRR22753432","KSHV","2","Juvenile Dermatomyositis","CD8"
"SRR22753432","VZV_Ellen","0","Juvenile Dermatomyositis","CD8"
"SRR22753433","combined_herpes_viruses","10","Juvenile Dermatomyositis","CD8"
"SRR22753433","EBV","0","Juvenile Dermatomyositis","CD8"
"SRR22753433","HCMV","0","Juvenile Dermatomyositis","CD8"
"SRR22753433","HHV6B","1","Juvenile Dermatomyositis","CD8"
"SRR22753433","HHV7","0","Juvenile Dermatomyositis","CD8"
"SRR22753433","HSV1_KOS","16","Juvenile Dermatomyositis","CD8"
"SRR22753433","HSV2_StrainG","3","Juvenile Dermatomyositis","CD8"
"SRR22753433","KSHV","6","Juvenile Dermatomyositis","CD8"
"SRR22753433","VZV_Ellen","0","Juvenile Dermatomyositis","CD8"
"SRR22753434","combined_herpes_viruses","19","Juvenile Dermatomyositis","CD8"
"SRR22753434","EBV","0","Juvenile Dermatomyositis","CD8"
"SRR22753434","HCMV","2","Juvenile Dermatomyositis","CD8"
"SRR22753434","HHV6B","2","Juvenile Dermatomyositis","CD8"
"SRR22753434","HHV7","0","Juvenile Dermatomyositis","CD8"
"SRR22753434","HSV1_KOS","20","Juvenile Dermatomyositis","CD8"
"SRR22753434","HSV2_StrainG","3","Juvenile Dermatomyositis","CD8"
"SRR22753434","KSHV","9","Juvenile Dermatomyositis","CD8"
"SRR22753434","VZV_Ellen","0","Juvenile Dermatomyositis","CD8"
"SRR22753435","combined_herpes_viruses","16","Juvenile Dermatomyositis","CD8"
"SRR22753435","EBV","0","Juvenile Dermatomyositis","CD8"
"SRR22753435","HCMV","0","Juvenile Dermatomyositis","CD8"
"SRR22753435","HHV6B","4","Juvenile Dermatomyositis","CD8"
"SRR22753435","HHV7","0","Juvenile Dermatomyositis","CD8"
"SRR22753435","HSV1_KOS","22","Juvenile Dermatomyositis","CD8"
"SRR22753435","HSV2_StrainG","1","Juvenile Dermatomyositis","CD8"
"SRR22753435","KSHV","5","Juvenile Dermatomyositis","CD8"
"SRR22753435","VZV_Ellen","0","Juvenile Dermatomyositis","CD8"
"SRR22753436","combined_herpes_viruses","18","Juvenile Dermatomyositis","CD8"
"SRR22753436","EBV","0","Juvenile Dermatomyositis","CD8"
"SRR22753436","HCMV","0","Juvenile Dermatomyositis","CD8"
"SRR22753436","HHV6B","0","Juvenile Dermatomyositis","CD8"
"SRR22753436","HHV7","0","Juvenile Dermatomyositis","CD8"
"SRR22753436","HSV1_KOS","21","Juvenile Dermatomyositis","CD8"
"SRR22753436","HSV2_StrainG","2","Juvenile Dermatomyositis","CD8"
"SRR22753436","KSHV","8","Juvenile Dermatomyositis","CD8"
"SRR22753436","VZV_Ellen","1","Juvenile Dermatomyositis","CD8"
"SRR22753437","combined_herpes_viruses","13","Juvenile Dermatomyositis","CD8"
"SRR22753437","EBV","0","Juvenile Dermatomyositis","CD8"
"SRR22753437","HCMV","0","Juvenile Dermatomyositis","CD8"
"SRR22753437","HHV6B","1","Juvenile Dermatomyositis","CD8"
"SRR22753437","HHV7","0","Juvenile Dermatomyositis","CD8"
"SRR22753437","HSV1_KOS","13","Juvenile Dermatomyositis","CD8"
"SRR22753437","HSV2_StrainG","1","Juvenile Dermatomyositis","CD8"
"SRR22753437","KSHV","0","Juvenile Dermatomyositis","CD8"
"SRR22753437","VZV_Ellen","0","Juvenile Dermatomyositis","CD8"
"SRR22753438","combined_herpes_viruses","10","Juvenile Dermatomyositis","CD8"
"SRR22753438","EBV","0","Juvenile Dermatomyositis","CD8"
"SRR22753438","HCMV","0","Juvenile Dermatomyositis","CD8"
"SRR22753438","HHV6B","0","Juvenile Dermatomyositis","CD8"
"SRR22753438","HHV7","0","Juvenile Dermatomyositis","CD8"
"SRR22753438","HSV1_KOS","19","Juvenile Dermatomyositis","CD8"
"SRR22753438","HSV2_StrainG","0","Juvenile Dermatomyositis","CD8"
"SRR22753438","KSHV","2","Juvenile Dermatomyositis","CD8"
"SRR22753438","VZV_Ellen","0","Juvenile Dermatomyositis","CD8"
"SRR22753439","combined_herpes_viruses","13","Juvenile Dermatomyositis","CD14"
"SRR22753439","EBV","0","Juvenile Dermatomyositis","CD14"
"SRR22753439","HCMV","0","Juvenile Dermatomyositis","CD14"
"SRR22753439","HHV6B","1","Juvenile Dermatomyositis","CD14"
"SRR22753439","HHV7","0","Juvenile Dermatomyositis","CD14"
"SRR22753439","HSV1_KOS","13","Juvenile Dermatomyositis","CD14"
"SRR22753439","HSV2_StrainG","3","Juvenile Dermatomyositis","CD14"
"SRR22753439","KSHV","6","Juvenile Dermatomyositis","CD14"
"SRR22753439","VZV_Ellen","0","Juvenile Dermatomyositis","CD14"
"SRR22753440","combined_herpes_viruses","17","Juvenile Dermatomyositis","CD14"
"SRR22753440","EBV","0","Juvenile Dermatomyositis","CD14"
"SRR22753440","HCMV","0","Juvenile Dermatomyositis","CD14"
"SRR22753440","HHV6B","0","Juvenile Dermatomyositis","CD14"
"SRR22753440","HHV7","0","Juvenile Dermatomyositis","CD14"
"SRR22753440","HSV1_KOS","25","Juvenile Dermatomyositis","CD14"
"SRR22753440","HSV2_StrainG","1","Juvenile Dermatomyositis","CD14"
"SRR22753440","KSHV","2","Juvenile Dermatomyositis","CD14"
"SRR22753440","VZV_Ellen","0","Juvenile Dermatomyositis","CD14"
"SRR22753441","combined_herpes_viruses","11","Juvenile Dermatomyositis","CD14"
"SRR22753441","EBV","0","Juvenile Dermatomyositis","CD14"
"SRR22753441","HCMV","0","Juvenile Dermatomyositis","CD14"
"SRR22753441","HHV6B","0","Juvenile Dermatomyositis","CD14"
"SRR22753441","HHV7","0","Juvenile Dermatomyositis","CD14"
"SRR22753441","HSV1_KOS","22","Juvenile Dermatomyositis","CD14"
"SRR22753441","HSV2_StrainG","4","Juvenile Dermatomyositis","CD14"
"SRR22753441","KSHV","4","Juvenile Dermatomyositis","CD14"
"SRR22753441","VZV_Ellen","0","Juvenile Dermatomyositis","CD14"
"SRR22753442","combined_herpes_viruses","17","Juvenile Dermatomyositis","CD14"
"SRR22753442","EBV","0","Juvenile Dermatomyositis","CD14"
"SRR22753442","HCMV","0","Juvenile Dermatomyositis","CD14"
"SRR22753442","HHV6B","2","Juvenile Dermatomyositis","CD14"
"SRR22753442","HHV7","0","Juvenile Dermatomyositis","CD14"
"SRR22753442","HSV1_KOS","43","Juvenile Dermatomyositis","CD14"
"SRR22753442","HSV2_StrainG","7","Juvenile Dermatomyositis","CD14"
"SRR22753442","KSHV","5","Juvenile Dermatomyositis","CD14"
"SRR22753442","VZV_Ellen","0","Juvenile Dermatomyositis","CD14"
"SRR22753443","combined_herpes_viruses","0","Juvenile Dermatomyositis","CD4"
"SRR22753443","EBV","0","Juvenile Dermatomyositis","CD4"
"SRR22753443","HCMV","0","Juvenile Dermatomyositis","CD4"
"SRR22753443","HHV6B","2","Juvenile Dermatomyositis","CD4"
"SRR22753443","HHV7","0","Juvenile Dermatomyositis","CD4"
"SRR22753443","HSV1_KOS","3","Juvenile Dermatomyositis","CD4"
"SRR22753443","HSV2_StrainG","0","Juvenile Dermatomyositis","CD4"
"SRR22753443","KSHV","3","Juvenile Dermatomyositis","CD4"
"SRR22753443","VZV_Ellen","0","Juvenile Dermatomyositis","CD4"
"SRR22753444","combined_herpes_viruses","2","Juvenile Dermatomyositis","CD4"
"SRR22753444","EBV","0","Juvenile Dermatomyositis","CD4"
"SRR22753444","HCMV","0","Juvenile Dermatomyositis","CD4"
"SRR22753444","HHV6B","0","Juvenile Dermatomyositis","CD4"
"SRR22753444","HHV7","0","Juvenile Dermatomyositis","CD4"
"SRR22753444","HSV1_KOS","3","Juvenile Dermatomyositis","CD4"
"SRR22753444","HSV2_StrainG","0","Juvenile Dermatomyositis","CD4"
"SRR22753444","KSHV","3","Juvenile Dermatomyositis","CD4"
"SRR22753444","VZV_Ellen","0","Juvenile Dermatomyositis","CD4"
"SRR22753445","combined_herpes_viruses","3","Juvenile Dermatomyositis","CD4"
"SRR22753445","EBV","0","Juvenile Dermatomyositis","CD4"
"SRR22753445","HCMV","0","Juvenile Dermatomyositis","CD4"
"SRR22753445","HHV6B","2","Juvenile Dermatomyositis","CD4"
"SRR22753445","HHV7","0","Juvenile Dermatomyositis","CD4"
"SRR22753445","HSV1_KOS","4","Juvenile Dermatomyositis","CD4"
"SRR22753445","HSV2_StrainG","0","Juvenile Dermatomyositis","CD4"
"SRR22753445","KSHV","1","Juvenile Dermatomyositis","CD4"
"SRR22753445","VZV_Ellen","0","Juvenile Dermatomyositis","CD4"
"SRR22753446","combined_herpes_viruses","2","Juvenile Dermatomyositis","CD4"
"SRR22753446","EBV","0","Juvenile Dermatomyositis","CD4"
"SRR22753446","HCMV","0","Juvenile Dermatomyositis","CD4"
"SRR22753446","HHV6B","1","Juvenile Dermatomyositis","CD4"
"SRR22753446","HHV7","0","Juvenile Dermatomyositis","CD4"
"SRR22753446","HSV1_KOS","5","Juvenile Dermatomyositis","CD4"
"SRR22753446","HSV2_StrainG","3","Juvenile Dermatomyositis","CD4"
"SRR22753446","KSHV","0","Juvenile Dermatomyositis","CD4"
"SRR22753446","VZV_Ellen","0","Juvenile Dermatomyositis","CD4"
"SRR22753447","combined_herpes_viruses","10","Juvenile Dermatomyositis","CD19"
"SRR22753447","EBV","0","Juvenile Dermatomyositis","CD19"
"SRR22753447","HCMV","0","Juvenile Dermatomyositis","CD19"
"SRR22753447","HHV6B","2","Juvenile Dermatomyositis","CD19"
"SRR22753447","HHV7","0","Juvenile Dermatomyositis","CD19"
"SRR22753447","HSV1_KOS","13","Juvenile Dermatomyositis","CD19"
"SRR22753447","HSV2_StrainG","8","Juvenile Dermatomyositis","CD19"
"SRR22753447","KSHV","8","Juvenile Dermatomyositis","CD19"
"SRR22753447","VZV_Ellen","0","Juvenile Dermatomyositis","CD19"
"SRR22753448","combined_herpes_viruses","12","Juvenile Dermatomyositis","CD19"
"SRR22753448","EBV","0","Juvenile Dermatomyositis","CD19"
"SRR22753448","HCMV","0","Juvenile Dermatomyositis","CD19"
"SRR22753448","HHV6B","1","Juvenile Dermatomyositis","CD19"
"SRR22753448","HHV7","1","Juvenile Dermatomyositis","CD19"
"SRR22753448","HSV1_KOS","16","Juvenile Dermatomyositis","CD19"
"SRR22753448","HSV2_StrainG","0","Juvenile Dermatomyositis","CD19"
"SRR22753448","KSHV","6","Juvenile Dermatomyositis","CD19"
"SRR22753448","VZV_Ellen","0","Juvenile Dermatomyositis","CD19"
"SRR22753449","combined_herpes_viruses","9","Juvenile Dermatomyositis","CD19"
"SRR22753449","EBV","0","Juvenile Dermatomyositis","CD19"
"SRR22753449","HCMV","0","Juvenile Dermatomyositis","CD19"
"SRR22753449","HHV6B","0","Juvenile Dermatomyositis","CD19"
"SRR22753449","HHV7","1","Juvenile Dermatomyositis","CD19"
"SRR22753449","HSV1_KOS","6","Juvenile Dermatomyositis","CD19"
"SRR22753449","HSV2_StrainG","1","Juvenile Dermatomyositis","CD19"
"SRR22753449","KSHV","9","Juvenile Dermatomyositis","CD19"
"SRR22753449","VZV_Ellen","0","Juvenile Dermatomyositis","CD19"
"SRR22753450","combined_herpes_viruses","9","Juvenile Dermatomyositis","CD19"
"SRR22753450","EBV","0","Juvenile Dermatomyositis","CD19"
"SRR22753450","HCMV","1","Juvenile Dermatomyositis","CD19"
"SRR22753450","HHV6B","6","Juvenile Dermatomyositis","CD19"
"SRR22753450","HHV7","0","Juvenile Dermatomyositis","CD19"
"SRR22753450","HSV1_KOS","9","Juvenile Dermatomyositis","CD19"
"SRR22753450","HSV2_StrainG","1","Juvenile Dermatomyositis","CD19"
"SRR22753450","KSHV","11","Juvenile Dermatomyositis","CD19"
"SRR22753450","VZV_Ellen","0","Juvenile Dermatomyositis","CD19"
"SRR22753451","combined_herpes_viruses","12","Juvenile Dermatomyositis","CD8"
"SRR22753451","EBV","0","Juvenile Dermatomyositis","CD8"
"SRR22753451","HCMV","0","Juvenile Dermatomyositis","CD8"
"SRR22753451","HHV6B","4","Juvenile Dermatomyositis","CD8"
"SRR22753451","HHV7","0","Juvenile Dermatomyositis","CD8"
"SRR22753451","HSV1_KOS","12","Juvenile Dermatomyositis","CD8"
"SRR22753451","HSV2_StrainG","7","Juvenile Dermatomyositis","CD8"
"SRR22753451","KSHV","5","Juvenile Dermatomyositis","CD8"
"SRR22753451","VZV_Ellen","0","Juvenile Dermatomyositis","CD8"
"SRR22753452","combined_herpes_viruses","20","Juvenile Dermatomyositis","CD8"
"SRR22753452","EBV","0","Juvenile Dermatomyositis","CD8"
"SRR22753452","HCMV","3","Juvenile Dermatomyositis","CD8"
"SRR22753452","HHV6B","8","Juvenile Dermatomyositis","CD8"
"SRR22753452","HHV7","0","Juvenile Dermatomyositis","CD8"
"SRR22753452","HSV1_KOS","17","Juvenile Dermatomyositis","CD8"
"SRR22753452","HSV2_StrainG","3","Juvenile Dermatomyositis","CD8"
"SRR22753452","KSHV","5","Juvenile Dermatomyositis","CD8"
"SRR22753452","VZV_Ellen","0","Juvenile Dermatomyositis","CD8"
"SRR22753453","combined_herpes_viruses","9","Juvenile Dermatomyositis","CD8"
"SRR22753453","EBV","0","Juvenile Dermatomyositis","CD8"
"SRR22753453","HCMV","0","Juvenile Dermatomyositis","CD8"
"SRR22753453","HHV6B","4","Juvenile Dermatomyositis","CD8"
"SRR22753453","HHV7","0","Juvenile Dermatomyositis","CD8"
"SRR22753453","HSV1_KOS","13","Juvenile Dermatomyositis","CD8"
"SRR22753453","HSV2_StrainG","2","Juvenile Dermatomyositis","CD8"
"SRR22753453","KSHV","9","Juvenile Dermatomyositis","CD8"
"SRR22753453","VZV_Ellen","0","Juvenile Dermatomyositis","CD8"
"SRR22753454","combined_herpes_viruses","14","Juvenile Dermatomyositis","CD8"
"SRR22753454","EBV","0","Juvenile Dermatomyositis","CD8"
"SRR22753454","HCMV","2","Juvenile Dermatomyositis","CD8"
"SRR22753454","HHV6B","4","Juvenile Dermatomyositis","CD8"
"SRR22753454","HHV7","0","Juvenile Dermatomyositis","CD8"
"SRR22753454","HSV1_KOS","7","Juvenile Dermatomyositis","CD8"
"SRR22753454","HSV2_StrainG","4","Juvenile Dermatomyositis","CD8"
"SRR22753454","KSHV","7","Juvenile Dermatomyositis","CD8"
"SRR22753454","VZV_Ellen","0","Juvenile Dermatomyositis","CD8"
"SRR22753455","combined_herpes_viruses","30","Juvenile Dermatomyositis","CD4"
"SRR22753455","EBV","0","Juvenile Dermatomyositis","CD4"
"SRR22753455","HCMV","0","Juvenile Dermatomyositis","CD4"
"SRR22753455","HHV6B","3","Juvenile Dermatomyositis","CD4"
"SRR22753455","HHV7","0","Juvenile Dermatomyositis","CD4"
"SRR22753455","HSV1_KOS","34","Juvenile Dermatomyositis","CD4"
"SRR22753455","HSV2_StrainG","16","Juvenile Dermatomyositis","CD4"
"SRR22753455","KSHV","25","Juvenile Dermatomyositis","CD4"
"SRR22753455","VZV_Ellen","0","Juvenile Dermatomyositis","CD4"
"SRR22753456","combined_herpes_viruses","243","Juvenile Dermatomyositis","CD4"
"SRR22753456","EBV","0","Juvenile Dermatomyositis","CD4"
"SRR22753456","HCMV","1","Juvenile Dermatomyositis","CD4"
"SRR22753456","HHV6B","7","Juvenile Dermatomyositis","CD4"
"SRR22753456","HHV7","0","Juvenile Dermatomyositis","CD4"
"SRR22753456","HSV1_KOS","330","Juvenile Dermatomyositis","CD4"
"SRR22753456","HSV2_StrainG","6","Juvenile Dermatomyositis","CD4"
"SRR22753456","KSHV","12","Juvenile Dermatomyositis","CD4"
"SRR22753456","VZV_Ellen","0","Juvenile Dermatomyositis","CD4"
"SRR22753457","combined_herpes_viruses","135","Juvenile Dermatomyositis","CD19"
"SRR22753457","EBV","0","Juvenile Dermatomyositis","CD19"
"SRR22753457","HCMV","0","Juvenile Dermatomyositis","CD19"
"SRR22753457","HHV6B","8","Juvenile Dermatomyositis","CD19"
"SRR22753457","HHV7","0","Juvenile Dermatomyositis","CD19"
"SRR22753457","HSV1_KOS","155","Juvenile Dermatomyositis","CD19"
"SRR22753457","HSV2_StrainG","3","Juvenile Dermatomyositis","CD19"
"SRR22753457","KSHV","11","Juvenile Dermatomyositis","CD19"
"SRR22753457","VZV_Ellen","0","Juvenile Dermatomyositis","CD19"
"SRR22753458","combined_herpes_viruses","80","Juvenile Dermatomyositis","CD14"
"SRR22753458","EBV","1","Juvenile Dermatomyositis","CD14"
"SRR22753458","HCMV","0","Juvenile Dermatomyositis","CD14"
"SRR22753458","HHV6B","7","Juvenile Dermatomyositis","CD14"
"SRR22753458","HHV7","0","Juvenile Dermatomyositis","CD14"
"SRR22753458","HSV1_KOS","99","Juvenile Dermatomyositis","CD14"
"SRR22753458","HSV2_StrainG","5","Juvenile Dermatomyositis","CD14"
"SRR22753458","KSHV","11","Juvenile Dermatomyositis","CD14"
"SRR22753458","VZV_Ellen","0","Juvenile Dermatomyositis","CD14"
"SRR22753459","combined_herpes_viruses","137","Juvenile Dermatomyositis","CD8"
"SRR22753459","EBV","0","Juvenile Dermatomyositis","CD8"
"SRR22753459","HCMV","0","Juvenile Dermatomyositis","CD8"
"SRR22753459","HHV6B","6","Juvenile Dermatomyositis","CD8"
"SRR22753459","HHV7","0","Juvenile Dermatomyositis","CD8"
"SRR22753459","HSV1_KOS","166","Juvenile Dermatomyositis","CD8"
"SRR22753459","HSV2_StrainG","4","Juvenile Dermatomyositis","CD8"
"SRR22753459","KSHV","5","Juvenile Dermatomyositis","CD8"
"SRR22753459","VZV_Ellen","0","Juvenile Dermatomyositis","CD8"
"SRR22753460","combined_herpes_viruses","148","Juvenile Dermatomyositis","CD4"
"SRR22753460","EBV","0","Juvenile Dermatomyositis","CD4"
"SRR22753460","HCMV","1","Juvenile Dermatomyositis","CD4"
"SRR22753460","HHV6B","6","Juvenile Dermatomyositis","CD4"
"SRR22753460","HHV7","0","Juvenile Dermatomyositis","CD4"
"SRR22753460","HSV1_KOS","201","Juvenile Dermatomyositis","CD4"
"SRR22753460","HSV2_StrainG","7","Juvenile Dermatomyositis","CD4"
"SRR22753460","KSHV","7","Juvenile Dermatomyositis","CD4"
"SRR22753460","VZV_Ellen","0","Juvenile Dermatomyositis","CD4"
"SRR22753461","combined_herpes_viruses","108","Juvenile Dermatomyositis","CD14"
"SRR22753461","EBV","1","Juvenile Dermatomyositis","CD14"
"SRR22753461","HCMV","4","Juvenile Dermatomyositis","CD14"
"SRR22753461","HHV6B","6","Juvenile Dermatomyositis","CD14"
"SRR22753461","HHV7","1","Juvenile Dermatomyositis","CD14"
"SRR22753461","HSV1_KOS","128","Juvenile Dermatomyositis","CD14"
"SRR22753461","HSV2_StrainG","9","Juvenile Dermatomyositis","CD14"
"SRR22753461","KSHV","13","Juvenile Dermatomyositis","CD14"
"SRR22753461","VZV_Ellen","0","Juvenile Dermatomyositis","CD14"
"SRR22753462","combined_herpes_viruses","119","Juvenile Dermatomyositis","CD4"
"SRR22753462","EBV","0","Juvenile Dermatomyositis","CD4"
"SRR22753462","HCMV","0","Juvenile Dermatomyositis","CD4"
"SRR22753462","HHV6B","3","Juvenile Dermatomyositis","CD4"
"SRR22753462","HHV7","0","Juvenile Dermatomyositis","CD4"
"SRR22753462","HSV1_KOS","166","Juvenile Dermatomyositis","CD4"
"SRR22753462","HSV2_StrainG","2","Juvenile Dermatomyositis","CD4"
"SRR22753462","KSHV","11","Juvenile Dermatomyositis","CD4"
"SRR22753462","VZV_Ellen","0","Juvenile Dermatomyositis","CD4"
"SRR22753463","combined_herpes_viruses","56","Juvenile Dermatomyositis","CD19"
"SRR22753463","EBV","5","Juvenile Dermatomyositis","CD19"
"SRR22753463","HCMV","3","Juvenile Dermatomyositis","CD19"
"SRR22753463","HHV6B","9","Juvenile Dermatomyositis","CD19"
"SRR22753463","HHV7","0","Juvenile Dermatomyositis","CD19"
"SRR22753463","HSV1_KOS","65","Juvenile Dermatomyositis","CD19"
"SRR22753463","HSV2_StrainG","5","Juvenile Dermatomyositis","CD19"
"SRR22753463","KSHV","4","Juvenile Dermatomyositis","CD19"
"SRR22753463","VZV_Ellen","1","Juvenile Dermatomyositis","CD19"
"SRR22753464","combined_herpes_viruses","48","Juvenile Dermatomyositis","CD14"
"SRR22753464","EBV","0","Juvenile Dermatomyositis","CD14"
"SRR22753464","HCMV","2","Juvenile Dermatomyositis","CD14"
"SRR22753464","HHV6B","8","Juvenile Dermatomyositis","CD14"
"SRR22753464","HHV7","0","Juvenile Dermatomyositis","CD14"
"SRR22753464","HSV1_KOS","89","Juvenile Dermatomyositis","CD14"
"SRR22753464","HSV2_StrainG","2","Juvenile Dermatomyositis","CD14"
"SRR22753464","KSHV","7","Juvenile Dermatomyositis","CD14"
"SRR22753464","VZV_Ellen","0","Juvenile Dermatomyositis","CD14"
"SRR22753465","combined_herpes_viruses","294","Juvenile Dermatomyositis","CD8"
"SRR22753465","EBV","4","Juvenile Dermatomyositis","CD8"
"SRR22753465","HCMV","2","Juvenile Dermatomyositis","CD8"
"SRR22753465","HHV6B","4","Juvenile Dermatomyositis","CD8"
"SRR22753465","HHV7","0","Juvenile Dermatomyositis","CD8"
"SRR22753465","HSV1_KOS","365","Juvenile Dermatomyositis","CD8"
"SRR22753465","HSV2_StrainG","10","Juvenile Dermatomyositis","CD8"
"SRR22753465","KSHV","13","Juvenile Dermatomyositis","CD8"
"SRR22753465","VZV_Ellen","0","Juvenile Dermatomyositis","CD8"
"SRR22753466","combined_herpes_viruses","176","Juvenile Dermatomyositis","CD4"
"SRR22753466","EBV","0","Juvenile Dermatomyositis","CD4"
"SRR22753466","HCMV","0","Juvenile Dermatomyositis","CD4"
"SRR22753466","HHV6B","2","Juvenile Dermatomyositis","CD4"
"SRR22753466","HHV7","0","Juvenile Dermatomyositis","CD4"
"SRR22753466","HSV1_KOS","208","Juvenile Dermatomyositis","CD4"
"SRR22753466","HSV2_StrainG","3","Juvenile Dermatomyositis","CD4"
"SRR22753466","KSHV","5","Juvenile Dermatomyositis","CD4"
"SRR22753466","VZV_Ellen","0","Juvenile Dermatomyositis","CD4"
"SRR22753467","combined_herpes_viruses","5","Juvenile Dermatomyositis","PBMC"
"SRR22753467","EBV","4","Juvenile Dermatomyositis","PBMC"
"SRR22753467","HCMV","0","Juvenile Dermatomyositis","PBMC"
"SRR22753467","HHV6B","3","Juvenile Dermatomyositis","PBMC"
"SRR22753467","HHV7","0","Juvenile Dermatomyositis","PBMC"
"SRR22753467","HSV1_KOS","0","Juvenile Dermatomyositis","PBMC"
"SRR22753467","HSV2_StrainG","3","Juvenile Dermatomyositis","PBMC"
"SRR22753467","KSHV","3","Juvenile Dermatomyositis","PBMC"
"SRR22753467","VZV_Ellen","0","Juvenile Dermatomyositis","PBMC"
"SRR22753468","combined_herpes_viruses","230","Juvenile Dermatomyositis","CD19"
"SRR22753468","EBV","6","Juvenile Dermatomyositis","CD19"
"SRR22753468","HCMV","0","Juvenile Dermatomyositis","CD19"
"SRR22753468","HHV6B","3","Juvenile Dermatomyositis","CD19"
"SRR22753468","HHV7","0","Juvenile Dermatomyositis","CD19"
"SRR22753468","HSV1_KOS","311","Juvenile Dermatomyositis","CD19"
"SRR22753468","HSV2_StrainG","0","Juvenile Dermatomyositis","CD19"
"SRR22753468","KSHV","10","Juvenile Dermatomyositis","CD19"
"SRR22753468","VZV_Ellen","0","Juvenile Dermatomyositis","CD19"
"SRR22753469","combined_herpes_viruses","35","Juvenile Dermatomyositis","CD14"
"SRR22753469","EBV","0","Juvenile Dermatomyositis","CD14"
"SRR22753469","HCMV","0","Juvenile Dermatomyositis","CD14"
"SRR22753469","HHV6B","0","Juvenile Dermatomyositis","CD14"
"SRR22753469","HHV7","0","Juvenile Dermatomyositis","CD14"
"SRR22753469","HSV1_KOS","50","Juvenile Dermatomyositis","CD14"
"SRR22753469","HSV2_StrainG","1","Juvenile Dermatomyositis","CD14"
"SRR22753469","KSHV","0","Juvenile Dermatomyositis","CD14"
"SRR22753469","VZV_Ellen","0","Juvenile Dermatomyositis","CD14"
"SRR22753470","combined_herpes_viruses","147","Juvenile Dermatomyositis","CD8"
"SRR22753470","EBV","0","Juvenile Dermatomyositis","CD8"
"SRR22753470","HCMV","0","Juvenile Dermatomyositis","CD8"
"SRR22753470","HHV6B","1","Juvenile Dermatomyositis","CD8"
"SRR22753470","HHV7","0","Juvenile Dermatomyositis","CD8"
"SRR22753470","HSV1_KOS","229","Juvenile Dermatomyositis","CD8"
"SRR22753470","HSV2_StrainG","3","Juvenile Dermatomyositis","CD8"
"SRR22753470","KSHV","2","Juvenile Dermatomyositis","CD8"
"SRR22753470","VZV_Ellen","0","Juvenile Dermatomyositis","CD8"
"SRR22753471","combined_herpes_viruses","13","Juvenile Dermatomyositis","PBMC"
"SRR22753471","EBV","0","Juvenile Dermatomyositis","PBMC"
"SRR22753471","HCMV","0","Juvenile Dermatomyositis","PBMC"
"SRR22753471","HHV6B","8","Juvenile Dermatomyositis","PBMC"
"SRR22753471","HHV7","0","Juvenile Dermatomyositis","PBMC"
"SRR22753471","HSV1_KOS","7","Juvenile Dermatomyositis","PBMC"
"SRR22753471","HSV2_StrainG","10","Juvenile Dermatomyositis","PBMC"
"SRR22753471","KSHV","4","Juvenile Dermatomyositis","PBMC"
"SRR22753471","VZV_Ellen","0","Juvenile Dermatomyositis","PBMC"
"SRR22753472","combined_herpes_viruses","249","Juvenile Dermatomyositis","CD4"
"SRR22753472","EBV","0","Juvenile Dermatomyositis","CD4"
"SRR22753472","HCMV","0","Juvenile Dermatomyositis","CD4"
"SRR22753472","HHV6B","1","Juvenile Dermatomyositis","CD4"
"SRR22753472","HHV7","4","Juvenile Dermatomyositis","CD4"
"SRR22753472","HSV1_KOS","350","Juvenile Dermatomyositis","CD4"
"SRR22753472","HSV2_StrainG","3","Juvenile Dermatomyositis","CD4"
"SRR22753472","KSHV","5","Juvenile Dermatomyositis","CD4"
"SRR22753472","VZV_Ellen","0","Juvenile Dermatomyositis","CD4"
"SRR22753473","combined_herpes_viruses","476","Juvenile Dermatomyositis","CD19"
"SRR22753473","EBV","0","Juvenile Dermatomyositis","CD19"
"SRR22753473","HCMV","0","Juvenile Dermatomyositis","CD19"
"SRR22753473","HHV6B","4","Juvenile Dermatomyositis","CD19"
"SRR22753473","HHV7","7","Juvenile Dermatomyositis","CD19"
"SRR22753473","HSV1_KOS","584","Juvenile Dermatomyositis","CD19"
"SRR22753473","HSV2_StrainG","2","Juvenile Dermatomyositis","CD19"
"SRR22753473","KSHV","13","Juvenile Dermatomyositis","CD19"
"SRR22753473","VZV_Ellen","0","Juvenile Dermatomyositis","CD19"
"SRR22753474","combined_herpes_viruses","146","Juvenile Dermatomyositis","CD14"
"SRR22753474","EBV","0","Juvenile Dermatomyositis","CD14"
"SRR22753474","HCMV","0","Juvenile Dermatomyositis","CD14"
"SRR22753474","HHV6B","3","Juvenile Dermatomyositis","CD14"
"SRR22753474","HHV7","0","Juvenile Dermatomyositis","CD14"
"SRR22753474","HSV1_KOS","189","Juvenile Dermatomyositis","CD14"
"SRR22753474","HSV2_StrainG","3","Juvenile Dermatomyositis","CD14"
"SRR22753474","KSHV","9","Juvenile Dermatomyositis","CD14"
"SRR22753474","VZV_Ellen","0","Juvenile Dermatomyositis","CD14"
"SRR22753475","combined_herpes_viruses","68","Juvenile Dermatomyositis","CD8"
"SRR22753475","EBV","0","Juvenile Dermatomyositis","CD8"
"SRR22753475","HCMV","0","Juvenile Dermatomyositis","CD8"
"SRR22753475","HHV6B","0","Juvenile Dermatomyositis","CD8"
"SRR22753475","HHV7","0","Juvenile Dermatomyositis","CD8"
"SRR22753475","HSV1_KOS","106","Juvenile Dermatomyositis","CD8"
"SRR22753475","HSV2_StrainG","4","Juvenile Dermatomyositis","CD8"
"SRR22753475","KSHV","2","Juvenile Dermatomyositis","CD8"
"SRR22753475","VZV_Ellen","0","Juvenile Dermatomyositis","CD8"
"SRR22753476","combined_herpes_viruses","28","Juvenile Dermatomyositis","CD4"
"SRR22753476","EBV","0","Juvenile Dermatomyositis","CD4"
"SRR22753476","HCMV","0","Juvenile Dermatomyositis","CD4"
"SRR22753476","HHV6B","4","Juvenile Dermatomyositis","CD4"
"SRR22753476","HHV7","0","Juvenile Dermatomyositis","CD4"
"SRR22753476","HSV1_KOS","31","Juvenile Dermatomyositis","CD4"
"SRR22753476","HSV2_StrainG","23","Juvenile Dermatomyositis","CD4"
"SRR22753476","KSHV","27","Juvenile Dermatomyositis","CD4"
"SRR22753476","VZV_Ellen","0","Juvenile Dermatomyositis","CD4"
"SRR22753477","combined_herpes_viruses","33","Juvenile Dermatomyositis","CD4"
"SRR22753477","EBV","0","Juvenile Dermatomyositis","CD4"
"SRR22753477","HCMV","0","Juvenile Dermatomyositis","CD4"
"SRR22753477","HHV6B","4","Juvenile Dermatomyositis","CD4"
"SRR22753477","HHV7","0","Juvenile Dermatomyositis","CD4"
"SRR22753477","HSV1_KOS","36","Juvenile Dermatomyositis","CD4"
"SRR22753477","HSV2_StrainG","12","Juvenile Dermatomyositis","CD4"
"SRR22753477","KSHV","25","Juvenile Dermatomyositis","CD4"
"SRR22753477","VZV_Ellen","1","Juvenile Dermatomyositis","CD4"
"SRR22753478","combined_herpes_viruses","37","Juvenile Dermatomyositis","CD4"
"SRR22753478","EBV","0","Juvenile Dermatomyositis","CD4"
"SRR22753478","HCMV","0","Juvenile Dermatomyositis","CD4"
"SRR22753478","HHV6B","8","Juvenile Dermatomyositis","CD4"
"SRR22753478","HHV7","0","Juvenile Dermatomyositis","CD4"
"SRR22753478","HSV1_KOS","37","Juvenile Dermatomyositis","CD4"
"SRR22753478","HSV2_StrainG","26","Juvenile Dermatomyositis","CD4"
"SRR22753478","KSHV","36","Juvenile Dermatomyositis","CD4"
"SRR22753478","VZV_Ellen","0","Juvenile Dermatomyositis","CD4"
"SRR22753479","combined_herpes_viruses","13","Juvenile Dermatomyositis","PBMC"
"SRR22753479","EBV","0","Juvenile Dermatomyositis","PBMC"
"SRR22753479","HCMV","0","Juvenile Dermatomyositis","PBMC"
"SRR22753479","HHV6B","1","Juvenile Dermatomyositis","PBMC"
"SRR22753479","HHV7","0","Juvenile Dermatomyositis","PBMC"
"SRR22753479","HSV1_KOS","15","Juvenile Dermatomyositis","PBMC"
"SRR22753479","HSV2_StrainG","64","Juvenile Dermatomyositis","PBMC"
"SRR22753479","KSHV","33","Juvenile Dermatomyositis","PBMC"
"SRR22753479","VZV_Ellen","0","Juvenile Dermatomyositis","PBMC"
"SRR22753480","combined_herpes_viruses","13","Juvenile Dermatomyositis","PBMC"
"SRR22753480","EBV","0","Juvenile Dermatomyositis","PBMC"
"SRR22753480","HCMV","0","Juvenile Dermatomyositis","PBMC"
"SRR22753480","HHV6B","0","Juvenile Dermatomyositis","PBMC"
"SRR22753480","HHV7","0","Juvenile Dermatomyositis","PBMC"
"SRR22753480","HSV1_KOS","14","Juvenile Dermatomyositis","PBMC"
"SRR22753480","HSV2_StrainG","36","Juvenile Dermatomyositis","PBMC"
"SRR22753480","KSHV","32","Juvenile Dermatomyositis","PBMC"
"SRR22753480","VZV_Ellen","0","Juvenile Dermatomyositis","PBMC"
"SRR22753481","combined_herpes_viruses","23","Juvenile Dermatomyositis","PBMC"
"SRR22753481","EBV","0","Juvenile Dermatomyositis","PBMC"
"SRR22753481","HCMV","0","Juvenile Dermatomyositis","PBMC"
"SRR22753481","HHV6B","0","Juvenile Dermatomyositis","PBMC"
"SRR22753481","HHV7","0","Juvenile Dermatomyositis","PBMC"
"SRR22753481","HSV1_KOS","21","Juvenile Dermatomyositis","PBMC"
"SRR22753481","HSV2_StrainG","55","Juvenile Dermatomyositis","PBMC"
"SRR22753481","KSHV","44","Juvenile Dermatomyositis","PBMC"
"SRR22753481","VZV_Ellen","0","Juvenile Dermatomyositis","PBMC"
"SRR22753482","combined_herpes_viruses","26","Juvenile Dermatomyositis","PBMC"
"SRR22753482","EBV","0","Juvenile Dermatomyositis","PBMC"
"SRR22753482","HCMV","0","Juvenile Dermatomyositis","PBMC"
"SRR22753482","HHV6B","0","Juvenile Dermatomyositis","PBMC"
"SRR22753482","HHV7","0","Juvenile Dermatomyositis","PBMC"
"SRR22753482","HSV1_KOS","20","Juvenile Dermatomyositis","PBMC"
"SRR22753482","HSV2_StrainG","43","Juvenile Dermatomyositis","PBMC"
"SRR22753482","KSHV","37","Juvenile Dermatomyositis","PBMC"
"SRR22753482","VZV_Ellen","0","Juvenile Dermatomyositis","PBMC"
"SRR22753483","combined_herpes_viruses","11","Juvenile Dermatomyositis","CD19"
"SRR22753483","EBV","1","Juvenile Dermatomyositis","CD19"
"SRR22753483","HCMV","0","Juvenile Dermatomyositis","CD19"
"SRR22753483","HHV6B","1","Juvenile Dermatomyositis","CD19"
"SRR22753483","HHV7","0","Juvenile Dermatomyositis","CD19"
"SRR22753483","HSV1_KOS","3","Juvenile Dermatomyositis","CD19"
"SRR22753483","HSV2_StrainG","12","Juvenile Dermatomyositis","CD19"
"SRR22753483","KSHV","9","Juvenile Dermatomyositis","CD19"
"SRR22753483","VZV_Ellen","1","Juvenile Dermatomyositis","CD19"
"SRR22753484","combined_herpes_viruses","6","Juvenile Dermatomyositis","CD19"
"SRR22753484","EBV","0","Juvenile Dermatomyositis","CD19"
"SRR22753484","HCMV","0","Juvenile Dermatomyositis","CD19"
"SRR22753484","HHV6B","0","Juvenile Dermatomyositis","CD19"
"SRR22753484","HHV7","0","Juvenile Dermatomyositis","CD19"
"SRR22753484","HSV1_KOS","5","Juvenile Dermatomyositis","CD19"
"SRR22753484","HSV2_StrainG","11","Juvenile Dermatomyositis","CD19"
"SRR22753484","KSHV","11","Juvenile Dermatomyositis","CD19"
"SRR22753484","VZV_Ellen","0","Juvenile Dermatomyositis","CD19"
"SRR22753485","combined_herpes_viruses","5","Juvenile Dermatomyositis","CD19"
"SRR22753485","EBV","1","Juvenile Dermatomyositis","CD19"
"SRR22753485","HCMV","0","Juvenile Dermatomyositis","CD19"
"SRR22753485","HHV6B","0","Juvenile Dermatomyositis","CD19"
"SRR22753485","HHV7","0","Juvenile Dermatomyositis","CD19"
"SRR22753485","HSV1_KOS","7","Juvenile Dermatomyositis","CD19"
"SRR22753485","HSV2_StrainG","9","Juvenile Dermatomyositis","CD19"
"SRR22753485","KSHV","8","Juvenile Dermatomyositis","CD19"
"SRR22753485","VZV_Ellen","0","Juvenile Dermatomyositis","CD19"
"SRR22753486","combined_herpes_viruses","10","Juvenile Dermatomyositis","CD19"
"SRR22753486","EBV","0","Juvenile Dermatomyositis","CD19"
"SRR22753486","HCMV","0","Juvenile Dermatomyositis","CD19"
"SRR22753486","HHV6B","3","Juvenile Dermatomyositis","CD19"
"SRR22753486","HHV7","0","Juvenile Dermatomyositis","CD19"
"SRR22753486","HSV1_KOS","7","Juvenile Dermatomyositis","CD19"
"SRR22753486","HSV2_StrainG","6","Juvenile Dermatomyositis","CD19"
"SRR22753486","KSHV","10","Juvenile Dermatomyositis","CD19"
"SRR22753486","VZV_Ellen","0","Juvenile Dermatomyositis","CD19"
"SRR22753487","combined_herpes_viruses","14","Juvenile Dermatomyositis","CD4"
"SRR22753487","EBV","0","Juvenile Dermatomyositis","CD4"
"SRR22753487","HCMV","0","Juvenile Dermatomyositis","CD4"
"SRR22753487","HHV6B","0","Juvenile Dermatomyositis","CD4"
"SRR22753487","HHV7","0","Juvenile Dermatomyositis","CD4"
"SRR22753487","HSV1_KOS","27","Juvenile Dermatomyositis","CD4"
"SRR22753487","HSV2_StrainG","13","Juvenile Dermatomyositis","CD4"
"SRR22753487","KSHV","20","Juvenile Dermatomyositis","CD4"
"SRR22753487","VZV_Ellen","0","Juvenile Dermatomyositis","CD4"
"SRR22753488","combined_herpes_viruses","23","Juvenile Dermatomyositis","CD4"
"SRR22753488","EBV","0","Juvenile Dermatomyositis","CD4"
"SRR22753488","HCMV","1","Juvenile Dermatomyositis","CD4"
"SRR22753488","HHV6B","0","Juvenile Dermatomyositis","CD4"
"SRR22753488","HHV7","0","Juvenile Dermatomyositis","CD4"
"SRR22753488","HSV1_KOS","31","Juvenile Dermatomyositis","CD4"
"SRR22753488","HSV2_StrainG","8","Juvenile Dermatomyositis","CD4"
"SRR22753488","KSHV","11","Juvenile Dermatomyositis","CD4"
"SRR22753488","VZV_Ellen","0","Juvenile Dermatomyositis","CD4"
"SRR22753489","combined_herpes_viruses","24","Juvenile Dermatomyositis","CD4"
"SRR22753489","EBV","0","Juvenile Dermatomyositis","CD4"
"SRR22753489","HCMV","0","Juvenile Dermatomyositis","CD4"
"SRR22753489","HHV6B","0","Juvenile Dermatomyositis","CD4"
"SRR22753489","HHV7","0","Juvenile Dermatomyositis","CD4"
"SRR22753489","HSV1_KOS","31","Juvenile Dermatomyositis","CD4"
"SRR22753489","HSV2_StrainG","9","Juvenile Dermatomyositis","CD4"
"SRR22753489","KSHV","15","Juvenile Dermatomyositis","CD4"
"SRR22753489","VZV_Ellen","0","Juvenile Dermatomyositis","CD4"
"SRR22753490","combined_herpes_viruses","22","Juvenile Dermatomyositis","CD4"
"SRR22753490","EBV","0","Juvenile Dermatomyositis","CD4"
"SRR22753490","HCMV","0","Juvenile Dermatomyositis","CD4"
"SRR22753490","HHV6B","0","Juvenile Dermatomyositis","CD4"
"SRR22753490","HHV7","0","Juvenile Dermatomyositis","CD4"
"SRR22753490","HSV1_KOS","32","Juvenile Dermatomyositis","CD4"
"SRR22753490","HSV2_StrainG","11","Juvenile Dermatomyositis","CD4"
"SRR22753490","KSHV","16","Juvenile Dermatomyositis","CD4"
"SRR22753490","VZV_Ellen","0","Juvenile Dermatomyositis","CD4"
"SRR22753491","combined_herpes_viruses","7","Juvenile Dermatomyositis","CD14"
"SRR22753491","EBV","1","Juvenile Dermatomyositis","CD14"
"SRR22753491","HCMV","2","Juvenile Dermatomyositis","CD14"
"SRR22753491","HHV6B","5","Juvenile Dermatomyositis","CD14"
"SRR22753491","HHV7","0","Juvenile Dermatomyositis","CD14"
"SRR22753491","HSV1_KOS","5","Juvenile Dermatomyositis","CD14"
"SRR22753491","HSV2_StrainG","8","Juvenile Dermatomyositis","CD14"
"SRR22753491","KSHV","14","Juvenile Dermatomyositis","CD14"
"SRR22753491","VZV_Ellen","0","Juvenile Dermatomyositis","CD14"
"SRR22753492","combined_herpes_viruses","14","Juvenile Dermatomyositis","CD14"
"SRR22753492","EBV","0","Juvenile Dermatomyositis","CD14"
"SRR22753492","HCMV","0","Juvenile Dermatomyositis","CD14"
"SRR22753492","HHV6B","5","Juvenile Dermatomyositis","CD14"
"SRR22753492","HHV7","0","Juvenile Dermatomyositis","CD14"
"SRR22753492","HSV1_KOS","8","Juvenile Dermatomyositis","CD14"
"SRR22753492","HSV2_StrainG","9","Juvenile Dermatomyositis","CD14"
"SRR22753492","KSHV","16","Juvenile Dermatomyositis","CD14"
"SRR22753492","VZV_Ellen","0","Juvenile Dermatomyositis","CD14"
"SRR22753493","combined_herpes_viruses","14","Juvenile Dermatomyositis","CD14"
"SRR22753493","EBV","0","Juvenile Dermatomyositis","CD14"
"SRR22753493","HCMV","3","Juvenile Dermatomyositis","CD14"
"SRR22753493","HHV6B","4","Juvenile Dermatomyositis","CD14"
"SRR22753493","HHV7","0","Juvenile Dermatomyositis","CD14"
"SRR22753493","HSV1_KOS","8","Juvenile Dermatomyositis","CD14"
"SRR22753493","HSV2_StrainG","14","Juvenile Dermatomyositis","CD14"
"SRR22753493","KSHV","18","Juvenile Dermatomyositis","CD14"
"SRR22753493","VZV_Ellen","0","Juvenile Dermatomyositis","CD14"
"SRR22753494","combined_herpes_viruses","9","Juvenile Dermatomyositis","CD14"
"SRR22753494","EBV","0","Juvenile Dermatomyositis","CD14"
"SRR22753494","HCMV","3","Juvenile Dermatomyositis","CD14"
"SRR22753494","HHV6B","2","Juvenile Dermatomyositis","CD14"
"SRR22753494","HHV7","1","Juvenile Dermatomyositis","CD14"
"SRR22753494","HSV1_KOS","8","Juvenile Dermatomyositis","CD14"
"SRR22753494","HSV2_StrainG","5","Juvenile Dermatomyositis","CD14"
"SRR22753494","KSHV","7","Juvenile Dermatomyositis","CD14"
"SRR22753494","VZV_Ellen","0","Juvenile Dermatomyositis","CD14"
"SRR22753495","combined_herpes_viruses","18","Juvenile Dermatomyositis","CD14"
"SRR22753495","EBV","0","Juvenile Dermatomyositis","CD14"
"SRR22753495","HCMV","0","Juvenile Dermatomyositis","CD14"
"SRR22753495","HHV6B","2","Juvenile Dermatomyositis","CD14"
"SRR22753495","HHV7","0","Juvenile Dermatomyositis","CD14"
"SRR22753495","HSV1_KOS","8","Juvenile Dermatomyositis","CD14"
"SRR22753495","HSV2_StrainG","10","Juvenile Dermatomyositis","CD14"
"SRR22753495","KSHV","17","Juvenile Dermatomyositis","CD14"
"SRR22753495","VZV_Ellen","0","Juvenile Dermatomyositis","CD14"
"SRR22753496","combined_herpes_viruses","9","Juvenile Dermatomyositis","CD14"
"SRR22753496","EBV","0","Juvenile Dermatomyositis","CD14"
"SRR22753496","HCMV","2","Juvenile Dermatomyositis","CD14"
"SRR22753496","HHV6B","0","Juvenile Dermatomyositis","CD14"
"SRR22753496","HHV7","0","Juvenile Dermatomyositis","CD14"
"SRR22753496","HSV1_KOS","3","Juvenile Dermatomyositis","CD14"
"SRR22753496","HSV2_StrainG","9","Juvenile Dermatomyositis","CD14"
"SRR22753496","KSHV","19","Juvenile Dermatomyositis","CD14"
"SRR22753496","VZV_Ellen","0","Juvenile Dermatomyositis","CD14"
"SRR22753497","combined_herpes_viruses","11","Juvenile Dermatomyositis","CD14"
"SRR22753497","EBV","0","Juvenile Dermatomyositis","CD14"
"SRR22753497","HCMV","0","Juvenile Dermatomyositis","CD14"
"SRR22753497","HHV6B","1","Juvenile Dermatomyositis","CD14"
"SRR22753497","HHV7","0","Juvenile Dermatomyositis","CD14"
"SRR22753497","HSV1_KOS","11","Juvenile Dermatomyositis","CD14"
"SRR22753497","HSV2_StrainG","9","Juvenile Dermatomyositis","CD14"
"SRR22753497","KSHV","16","Juvenile Dermatomyositis","CD14"
"SRR22753497","VZV_Ellen","0","Juvenile Dermatomyositis","CD14"
"SRR22753498","combined_herpes_viruses","6","Juvenile Dermatomyositis","CD14"
"SRR22753498","EBV","0","Juvenile Dermatomyositis","CD14"
"SRR22753498","HCMV","0","Juvenile Dermatomyositis","CD14"
"SRR22753498","HHV6B","4","Juvenile Dermatomyositis","CD14"
"SRR22753498","HHV7","0","Juvenile Dermatomyositis","CD14"
"SRR22753498","HSV1_KOS","13","Juvenile Dermatomyositis","CD14"
"SRR22753498","HSV2_StrainG","11","Juvenile Dermatomyositis","CD14"
"SRR22753498","KSHV","12","Juvenile Dermatomyositis","CD14"
"SRR22753498","VZV_Ellen","0","Juvenile Dermatomyositis","CD14"
"SRR22753499","combined_herpes_viruses","10","Juvenile Dermatomyositis","CD8"
"SRR22753499","EBV","0","Juvenile Dermatomyositis","CD8"
"SRR22753499","HCMV","0","Juvenile Dermatomyositis","CD8"
"SRR22753499","HHV6B","0","Juvenile Dermatomyositis","CD8"
"SRR22753499","HHV7","0","Juvenile Dermatomyositis","CD8"
"SRR22753499","HSV1_KOS","18","Juvenile Dermatomyositis","CD8"
"SRR22753499","HSV2_StrainG","7","Juvenile Dermatomyositis","CD8"
"SRR22753499","KSHV","4","Juvenile Dermatomyositis","CD8"
"SRR22753499","VZV_Ellen","0","Juvenile Dermatomyositis","CD8"
"SRR22753500","combined_herpes_viruses","11","Juvenile Dermatomyositis","CD8"
"SRR22753500","EBV","0","Juvenile Dermatomyositis","CD8"
"SRR22753500","HCMV","0","Juvenile Dermatomyositis","CD8"
"SRR22753500","HHV6B","3","Juvenile Dermatomyositis","CD8"
"SRR22753500","HHV7","0","Juvenile Dermatomyositis","CD8"
"SRR22753500","HSV1_KOS","10","Juvenile Dermatomyositis","CD8"
"SRR22753500","HSV2_StrainG","3","Juvenile Dermatomyositis","CD8"
"SRR22753500","KSHV","12","Juvenile Dermatomyositis","CD8"
"SRR22753500","VZV_Ellen","0","Juvenile Dermatomyositis","CD8"
"SRR22753501","combined_herpes_viruses","7","Juvenile Dermatomyositis","CD8"
"SRR22753501","EBV","0","Juvenile Dermatomyositis","CD8"
"SRR22753501","HCMV","0","Juvenile Dermatomyositis","CD8"
"SRR22753501","HHV6B","0","Juvenile Dermatomyositis","CD8"
"SRR22753501","HHV7","0","Juvenile Dermatomyositis","CD8"
"SRR22753501","HSV1_KOS","9","Juvenile Dermatomyositis","CD8"
"SRR22753501","HSV2_StrainG","6","Juvenile Dermatomyositis","CD8"
"SRR22753501","KSHV","10","Juvenile Dermatomyositis","CD8"
"SRR22753501","VZV_Ellen","0","Juvenile Dermatomyositis","CD8"
"SRR22753502","combined_herpes_viruses","11","Juvenile Dermatomyositis","CD8"
"SRR22753502","EBV","0","Juvenile Dermatomyositis","CD8"
"SRR22753502","HCMV","0","Juvenile Dermatomyositis","CD8"
"SRR22753502","HHV6B","0","Juvenile Dermatomyositis","CD8"
"SRR22753502","HHV7","1","Juvenile Dermatomyositis","CD8"
"SRR22753502","HSV1_KOS","15","Juvenile Dermatomyositis","CD8"
"SRR22753502","HSV2_StrainG","2","Juvenile Dermatomyositis","CD8"
"SRR22753502","KSHV","12","Juvenile Dermatomyositis","CD8"
"SRR22753502","VZV_Ellen","0","Juvenile Dermatomyositis","CD8"
"SRR22753503","combined_herpes_viruses","12","Juvenile Dermatomyositis","CD14"
"SRR22753503","EBV","0","Juvenile Dermatomyositis","CD14"
"SRR22753503","HCMV","0","Juvenile Dermatomyositis","CD14"
"SRR22753503","HHV6B","0","Juvenile Dermatomyositis","CD14"
"SRR22753503","HHV7","0","Juvenile Dermatomyositis","CD14"
"SRR22753503","HSV1_KOS","14","Juvenile Dermatomyositis","CD14"
"SRR22753503","HSV2_StrainG","3","Juvenile Dermatomyositis","CD14"
"SRR22753503","KSHV","0","Juvenile Dermatomyositis","CD14"
"SRR22753503","VZV_Ellen","0","Juvenile Dermatomyositis","CD14"
"SRR22753504","combined_herpes_viruses","7","Juvenile Dermatomyositis","CD14"
"SRR22753504","EBV","0","Juvenile Dermatomyositis","CD14"
"SRR22753504","HCMV","0","Juvenile Dermatomyositis","CD14"
"SRR22753504","HHV6B","0","Juvenile Dermatomyositis","CD14"
"SRR22753504","HHV7","0","Juvenile Dermatomyositis","CD14"
"SRR22753504","HSV1_KOS","10","Juvenile Dermatomyositis","CD14"
"SRR22753504","HSV2_StrainG","5","Juvenile Dermatomyositis","CD14"
"SRR22753504","KSHV","6","Juvenile Dermatomyositis","CD14"
"SRR22753504","VZV_Ellen","0","Juvenile Dermatomyositis","CD14"
"SRR22753505","combined_herpes_viruses","9","Juvenile Dermatomyositis","CD14"
"SRR22753505","EBV","0","Juvenile Dermatomyositis","CD14"
"SRR22753505","HCMV","0","Juvenile Dermatomyositis","CD14"
"SRR22753505","HHV6B","0","Juvenile Dermatomyositis","CD14"
"SRR22753505","HHV7","0","Juvenile Dermatomyositis","CD14"
"SRR22753505","HSV1_KOS","15","Juvenile Dermatomyositis","CD14"
"SRR22753505","HSV2_StrainG","4","Juvenile Dermatomyositis","CD14"
"SRR22753505","KSHV","3","Juvenile Dermatomyositis","CD14"
"SRR22753505","VZV_Ellen","0","Juvenile Dermatomyositis","CD14"
"SRR22753506","combined_herpes_viruses","14","Juvenile Dermatomyositis","CD14"
"SRR22753506","EBV","0","Juvenile Dermatomyositis","CD14"
"SRR22753506","HCMV","0","Juvenile Dermatomyositis","CD14"
"SRR22753506","HHV6B","0","Juvenile Dermatomyositis","CD14"
"SRR22753506","HHV7","0","Juvenile Dermatomyositis","CD14"
"SRR22753506","HSV1_KOS","13","Juvenile Dermatomyositis","CD14"
"SRR22753506","HSV2_StrainG","5","Juvenile Dermatomyositis","CD14"
"SRR22753506","KSHV","8","Juvenile Dermatomyositis","CD14"
"SRR22753506","VZV_Ellen","0","Juvenile Dermatomyositis","CD14"
"SRR22753507","combined_herpes_viruses","14","Juvenile Dermatomyositis","PBMC"
"SRR22753507","EBV","0","Juvenile Dermatomyositis","PBMC"
"SRR22753507","HCMV","0","Juvenile Dermatomyositis","PBMC"
"SRR22753507","HHV6B","0","Juvenile Dermatomyositis","PBMC"
"SRR22753507","HHV7","0","Juvenile Dermatomyositis","PBMC"
"SRR22753507","HSV1_KOS","13","Juvenile Dermatomyositis","PBMC"
"SRR22753507","HSV2_StrainG","1","Juvenile Dermatomyositis","PBMC"
"SRR22753507","KSHV","9","Juvenile Dermatomyositis","PBMC"
"SRR22753507","VZV_Ellen","0","Juvenile Dermatomyositis","PBMC"
"SRR22753508","combined_herpes_viruses","9","Juvenile Dermatomyositis","PBMC"
"SRR22753508","EBV","0","Juvenile Dermatomyositis","PBMC"
"SRR22753508","HCMV","0","Juvenile Dermatomyositis","PBMC"
"SRR22753508","HHV6B","0","Juvenile Dermatomyositis","PBMC"
"SRR22753508","HHV7","0","Juvenile Dermatomyositis","PBMC"
"SRR22753508","HSV1_KOS","9","Juvenile Dermatomyositis","PBMC"
"SRR22753508","HSV2_StrainG","0","Juvenile Dermatomyositis","PBMC"
"SRR22753508","KSHV","4","Juvenile Dermatomyositis","PBMC"
"SRR22753508","VZV_Ellen","0","Juvenile Dermatomyositis","PBMC"
"SRR22753509","combined_herpes_viruses","215","Juvenile Dermatomyositis","CD4"
"SRR22753509","EBV","0","Juvenile Dermatomyositis","CD4"
"SRR22753509","HCMV","1","Juvenile Dermatomyositis","CD4"
"SRR22753509","HHV6B","3","Juvenile Dermatomyositis","CD4"
"SRR22753509","HHV7","1","Juvenile Dermatomyositis","CD4"
"SRR22753509","HSV1_KOS","295","Juvenile Dermatomyositis","CD4"
"SRR22753509","HSV2_StrainG","1","Juvenile Dermatomyositis","CD4"
"SRR22753509","KSHV","2","Juvenile Dermatomyositis","CD4"
"SRR22753509","VZV_Ellen","0","Juvenile Dermatomyositis","CD4"
"SRR22753510","combined_herpes_viruses","12","Juvenile Dermatomyositis","CD8"
"SRR22753510","EBV","0","Juvenile Dermatomyositis","CD8"
"SRR22753510","HCMV","0","Juvenile Dermatomyositis","CD8"
"SRR22753510","HHV6B","0","Juvenile Dermatomyositis","CD8"
"SRR22753510","HHV7","0","Juvenile Dermatomyositis","CD8"
"SRR22753510","HSV1_KOS","6","Juvenile Dermatomyositis","CD8"
"SRR22753510","HSV2_StrainG","4","Juvenile Dermatomyositis","CD8"
"SRR22753510","KSHV","6","Juvenile Dermatomyositis","CD8"
"SRR22753510","VZV_Ellen","0","Juvenile Dermatomyositis","CD8"
"SRR22753511","combined_herpes_viruses","5","Juvenile Dermatomyositis","CD19"
"SRR22753511","EBV","0","Juvenile Dermatomyositis","CD19"
"SRR22753511","HCMV","0","Juvenile Dermatomyositis","CD19"
"SRR22753511","HHV6B","0","Juvenile Dermatomyositis","CD19"
"SRR22753511","HHV7","0","Juvenile Dermatomyositis","CD19"
"SRR22753511","HSV1_KOS","9","Juvenile Dermatomyositis","CD19"
"SRR22753511","HSV2_StrainG","1","Juvenile Dermatomyositis","CD19"
"SRR22753511","KSHV","9","Juvenile Dermatomyositis","CD19"
"SRR22753511","VZV_Ellen","0","Juvenile Dermatomyositis","CD19"
"SRR22753512","combined_herpes_viruses","6","Juvenile Dermatomyositis","CD19"
"SRR22753512","EBV","0","Juvenile Dermatomyositis","CD19"
"SRR22753512","HCMV","0","Juvenile Dermatomyositis","CD19"
"SRR22753512","HHV6B","0","Juvenile Dermatomyositis","CD19"
"SRR22753512","HHV7","0","Juvenile Dermatomyositis","CD19"
"SRR22753512","HSV1_KOS","9","Juvenile Dermatomyositis","CD19"
"SRR22753512","HSV2_StrainG","2","Juvenile Dermatomyositis","CD19"
"SRR22753512","KSHV","4","Juvenile Dermatomyositis","CD19"
"SRR22753512","VZV_Ellen","0","Juvenile Dermatomyositis","CD19"
"SRR22753513","combined_herpes_viruses","9","Juvenile Dermatomyositis","CD19"
"SRR22753513","EBV","0","Juvenile Dermatomyositis","CD19"
"SRR22753513","HCMV","0","Juvenile Dermatomyositis","CD19"
"SRR22753513","HHV6B","3","Juvenile Dermatomyositis","CD19"
"SRR22753513","HHV7","0","Juvenile Dermatomyositis","CD19"
"SRR22753513","HSV1_KOS","7","Juvenile Dermatomyositis","CD19"
"SRR22753513","HSV2_StrainG","2","Juvenile Dermatomyositis","CD19"
"SRR22753513","KSHV","4","Juvenile Dermatomyositis","CD19"
"SRR22753513","VZV_Ellen","0","Juvenile Dermatomyositis","CD19"
"SRR22753514","combined_herpes_viruses","2","Juvenile Dermatomyositis","CD19"
"SRR22753514","EBV","0","Juvenile Dermatomyositis","CD19"
"SRR22753514","HCMV","0","Juvenile Dermatomyositis","CD19"
"SRR22753514","HHV6B","3","Juvenile Dermatomyositis","CD19"
"SRR22753514","HHV7","0","Juvenile Dermatomyositis","CD19"
"SRR22753514","HSV1_KOS","6","Juvenile Dermatomyositis","CD19"
"SRR22753514","HSV2_StrainG","1","Juvenile Dermatomyositis","CD19"
"SRR22753514","KSHV","2","Juvenile Dermatomyositis","CD19"
"SRR22753514","VZV_Ellen","0","Juvenile Dermatomyositis","CD19"
"SRR22753515","combined_herpes_viruses","7","Juvenile Dermatomyositis","CD14"
"SRR22753515","EBV","0","Juvenile Dermatomyositis","CD14"
"SRR22753515","HCMV","0","Juvenile Dermatomyositis","CD14"
"SRR22753515","HHV6B","2","Juvenile Dermatomyositis","CD14"
"SRR22753515","HHV7","0","Juvenile Dermatomyositis","CD14"
"SRR22753515","HSV1_KOS","7","Juvenile Dermatomyositis","CD14"
"SRR22753515","HSV2_StrainG","2","Juvenile Dermatomyositis","CD14"
"SRR22753515","KSHV","7","Juvenile Dermatomyositis","CD14"
"SRR22753515","VZV_Ellen","0","Juvenile Dermatomyositis","CD14"
"SRR22753516","combined_herpes_viruses","17","Juvenile Dermatomyositis","CD14"
"SRR22753516","EBV","0","Juvenile Dermatomyositis","CD14"
"SRR22753516","HCMV","0","Juvenile Dermatomyositis","CD14"
"SRR22753516","HHV6B","3","Juvenile Dermatomyositis","CD14"
"SRR22753516","HHV7","0","Juvenile Dermatomyositis","CD14"
"SRR22753516","HSV1_KOS","14","Juvenile Dermatomyositis","CD14"
"SRR22753516","HSV2_StrainG","3","Juvenile Dermatomyositis","CD14"
"SRR22753516","KSHV","3","Juvenile Dermatomyositis","CD14"
"SRR22753516","VZV_Ellen","0","Juvenile Dermatomyositis","CD14"
"SRR22753517","combined_herpes_viruses","18","Juvenile Dermatomyositis","CD14"
"SRR22753517","EBV","0","Juvenile Dermatomyositis","CD14"
"SRR22753517","HCMV","0","Juvenile Dermatomyositis","CD14"
"SRR22753517","HHV6B","0","Juvenile Dermatomyositis","CD14"
"SRR22753517","HHV7","0","Juvenile Dermatomyositis","CD14"
"SRR22753517","HSV1_KOS","21","Juvenile Dermatomyositis","CD14"
"SRR22753517","HSV2_StrainG","2","Juvenile Dermatomyositis","CD14"
"SRR22753517","KSHV","3","Juvenile Dermatomyositis","CD14"
"SRR22753517","VZV_Ellen","0","Juvenile Dermatomyositis","CD14"
"SRR22753518","combined_herpes_viruses","12","Juvenile Dermatomyositis","CD14"
"SRR22753518","EBV","0","Juvenile Dermatomyositis","CD14"
"SRR22753518","HCMV","0","Juvenile Dermatomyositis","CD14"
"SRR22753518","HHV6B","0","Juvenile Dermatomyositis","CD14"
"SRR22753518","HHV7","0","Juvenile Dermatomyositis","CD14"
"SRR22753518","HSV1_KOS","15","Juvenile Dermatomyositis","CD14"
"SRR22753518","HSV2_StrainG","2","Juvenile Dermatomyositis","CD14"
"SRR22753518","KSHV","7","Juvenile Dermatomyositis","CD14"
"SRR22753518","VZV_Ellen","0","Juvenile Dermatomyositis","CD14"
"SRR22753519","combined_herpes_viruses","11","Juvenile Dermatomyositis","PBMC"
"SRR22753519","EBV","0","Juvenile Dermatomyositis","PBMC"
"SRR22753519","HCMV","0","Juvenile Dermatomyositis","PBMC"
"SRR22753519","HHV6B","0","Juvenile Dermatomyositis","PBMC"
"SRR22753519","HHV7","0","Juvenile Dermatomyositis","PBMC"
"SRR22753519","HSV1_KOS","11","Juvenile Dermatomyositis","PBMC"
"SRR22753519","HSV2_StrainG","5","Juvenile Dermatomyositis","PBMC"
"SRR22753519","KSHV","4","Juvenile Dermatomyositis","PBMC"
"SRR22753519","VZV_Ellen","0","Juvenile Dermatomyositis","PBMC"
"SRR22753520","combined_herpes_viruses","7","Juvenile Dermatomyositis","PBMC"
"SRR22753520","EBV","0","Juvenile Dermatomyositis","PBMC"
"SRR22753520","HCMV","0","Juvenile Dermatomyositis","PBMC"
"SRR22753520","HHV6B","0","Juvenile Dermatomyositis","PBMC"
"SRR22753520","HHV7","0","Juvenile Dermatomyositis","PBMC"
"SRR22753520","HSV1_KOS","5","Juvenile Dermatomyositis","PBMC"
"SRR22753520","HSV2_StrainG","2","Juvenile Dermatomyositis","PBMC"
"SRR22753520","KSHV","6","Juvenile Dermatomyositis","PBMC"
"SRR22753520","VZV_Ellen","0","Juvenile Dermatomyositis","PBMC"
"SRR22753521","combined_herpes_viruses","8","Control","CD14"
"SRR22753521","EBV","0","Control","CD14"
"SRR22753521","HCMV","0","Control","CD14"
"SRR22753521","HHV6B","2","Control","CD14"
"SRR22753521","HHV7","0","Control","CD14"
"SRR22753521","HSV1_KOS","8","Control","CD14"
"SRR22753521","HSV2_StrainG","8","Control","CD14"
"SRR22753521","KSHV","10","Control","CD14"
"SRR22753521","VZV_Ellen","0","Control","CD14"
"SRR22753522","combined_herpes_viruses","14","Control","CD14"
"SRR22753522","EBV","0","Control","CD14"
"SRR22753522","HCMV","0","Control","CD14"
"SRR22753522","HHV6B","2","Control","CD14"
"SRR22753522","HHV7","0","Control","CD14"
"SRR22753522","HSV1_KOS","10","Control","CD14"
"SRR22753522","HSV2_StrainG","5","Control","CD14"
"SRR22753522","KSHV","8","Control","CD14"
"SRR22753522","VZV_Ellen","0","Control","CD14"
"SRR22753523","combined_herpes_viruses","4","Control","CD14"
"SRR22753523","EBV","0","Control","CD14"
"SRR22753523","HCMV","0","Control","CD14"
"SRR22753523","HHV6B","7","Control","CD14"
"SRR22753523","HHV7","0","Control","CD14"
"SRR22753523","HSV1_KOS","6","Control","CD14"
"SRR22753523","HSV2_StrainG","7","Control","CD14"
"SRR22753523","KSHV","10","Control","CD14"
"SRR22753523","VZV_Ellen","0","Control","CD14"
"SRR22753524","combined_herpes_viruses","6","Control","CD14"
"SRR22753524","EBV","0","Control","CD14"
"SRR22753524","HCMV","0","Control","CD14"
"SRR22753524","HHV6B","4","Control","CD14"
"SRR22753524","HHV7","0","Control","CD14"
"SRR22753524","HSV1_KOS","9","Control","CD14"
"SRR22753524","HSV2_StrainG","5","Control","CD14"
"SRR22753524","KSHV","7","Control","CD14"
"SRR22753524","VZV_Ellen","0","Control","CD14"
"SRR22753525","combined_herpes_viruses","5","Control","CD19"
"SRR22753525","EBV","0","Control","CD19"
"SRR22753525","HCMV","0","Control","CD19"
"SRR22753525","HHV6B","0","Control","CD19"
"SRR22753525","HHV7","0","Control","CD19"
"SRR22753525","HSV1_KOS","7","Control","CD19"
"SRR22753525","HSV2_StrainG","6","Control","CD19"
"SRR22753525","KSHV","10","Control","CD19"
"SRR22753525","VZV_Ellen","0","Control","CD19"
"SRR22753526","combined_herpes_viruses","3","Control","CD19"
"SRR22753526","EBV","0","Control","CD19"
"SRR22753526","HCMV","0","Control","CD19"
"SRR22753526","HHV6B","1","Control","CD19"
"SRR22753526","HHV7","0","Control","CD19"
"SRR22753526","HSV1_KOS","7","Control","CD19"
"SRR22753526","HSV2_StrainG","4","Control","CD19"
"SRR22753526","KSHV","8","Control","CD19"
"SRR22753526","VZV_Ellen","0","Control","CD19"
"SRR22753527","combined_herpes_viruses","11","Control","CD19"
"SRR22753527","EBV","0","Control","CD19"
"SRR22753527","HCMV","0","Control","CD19"
"SRR22753527","HHV6B","0","Control","CD19"
"SRR22753527","HHV7","0","Control","CD19"
"SRR22753527","HSV1_KOS","6","Control","CD19"
"SRR22753527","HSV2_StrainG","3","Control","CD19"
"SRR22753527","KSHV","8","Control","CD19"
"SRR22753527","VZV_Ellen","0","Control","CD19"
"SRR22753528","combined_herpes_viruses","7","Control","CD19"
"SRR22753528","EBV","0","Control","CD19"
"SRR22753528","HCMV","0","Control","CD19"
"SRR22753528","HHV6B","1","Control","CD19"
"SRR22753528","HHV7","0","Control","CD19"
"SRR22753528","HSV1_KOS","5","Control","CD19"
"SRR22753528","HSV2_StrainG","3","Control","CD19"
"SRR22753528","KSHV","8","Control","CD19"
"SRR22753528","VZV_Ellen","0","Control","CD19"
"SRR22753529","combined_herpes_viruses","12","Control","CD8"
"SRR22753529","EBV","0","Control","CD8"
"SRR22753529","HCMV","0","Control","CD8"
"SRR22753529","HHV6B","0","Control","CD8"
"SRR22753529","HHV7","0","Control","CD8"
"SRR22753529","HSV1_KOS","10","Control","CD8"
"SRR22753529","HSV2_StrainG","6","Control","CD8"
"SRR22753529","KSHV","6","Control","CD8"
"SRR22753529","VZV_Ellen","0","Control","CD8"
"SRR22753530","combined_herpes_viruses","8","Control","CD8"
"SRR22753530","EBV","0","Control","CD8"
"SRR22753530","HCMV","0","Control","CD8"
"SRR22753530","HHV6B","3","Control","CD8"
"SRR22753530","HHV7","0","Control","CD8"
"SRR22753530","HSV1_KOS","8","Control","CD8"
"SRR22753530","HSV2_StrainG","5","Control","CD8"
"SRR22753530","KSHV","9","Control","CD8"
"SRR22753530","VZV_Ellen","0","Control","CD8"
"SRR22753531","combined_herpes_viruses","7","Control","CD8"
"SRR22753531","EBV","0","Control","CD8"
"SRR22753531","HCMV","0","Control","CD8"
"SRR22753531","HHV6B","0","Control","CD8"
"SRR22753531","HHV7","0","Control","CD8"
"SRR22753531","HSV1_KOS","11","Control","CD8"
"SRR22753531","HSV2_StrainG","15","Control","CD8"
"SRR22753531","KSHV","13","Control","CD8"
"SRR22753531","VZV_Ellen","0","Control","CD8"
"SRR22753532","combined_herpes_viruses","9","Control","CD8"
"SRR22753532","EBV","0","Control","CD8"
"SRR22753532","HCMV","0","Control","CD8"
"SRR22753532","HHV6B","0","Control","CD8"
"SRR22753532","HHV7","0","Control","CD8"
"SRR22753532","HSV1_KOS","11","Control","CD8"
"SRR22753532","HSV2_StrainG","2","Control","CD8"
"SRR22753532","KSHV","11","Control","CD8"
"SRR22753532","VZV_Ellen","0","Control","CD8"
"SRR22753533","combined_herpes_viruses","3","Control","CD4"
"SRR22753533","EBV","0","Control","CD4"
"SRR22753533","HCMV","0","Control","CD4"
"SRR22753533","HHV6B","0","Control","CD4"
"SRR22753533","HHV7","0","Control","CD4"
"SRR22753533","HSV1_KOS","2","Control","CD4"
"SRR22753533","HSV2_StrainG","6","Control","CD4"
"SRR22753533","KSHV","0","Control","CD4"
"SRR22753533","VZV_Ellen","0","Control","CD4"
"SRR22753534","combined_herpes_viruses","2","Control","CD4"
"SRR22753534","EBV","0","Control","CD4"
"SRR22753534","HCMV","0","Control","CD4"
"SRR22753534","HHV6B","2","Control","CD4"
"SRR22753534","HHV7","0","Control","CD4"
"SRR22753534","HSV1_KOS","2","Control","CD4"
"SRR22753534","HSV2_StrainG","2","Control","CD4"
"SRR22753534","KSHV","2","Control","CD4"
"SRR22753534","VZV_Ellen","0","Control","CD4"
"SRR22753535","combined_herpes_viruses","1","Control","CD4"
"SRR22753535","EBV","0","Control","CD4"
"SRR22753535","HCMV","0","Control","CD4"
"SRR22753535","HHV6B","0","Control","CD4"
"SRR22753535","HHV7","0","Control","CD4"
"SRR22753535","HSV1_KOS","2","Control","CD4"
"SRR22753535","HSV2_StrainG","3","Control","CD4"
"SRR22753535","KSHV","0","Control","CD4"
"SRR22753535","VZV_Ellen","0","Control","CD4"
"SRR22753536","combined_herpes_viruses","2","Control","CD4"
"SRR22753536","EBV","0","Control","CD4"
"SRR22753536","HCMV","0","Control","CD4"
"SRR22753536","HHV6B","0","Control","CD4"
"SRR22753536","HHV7","0","Control","CD4"
"SRR22753536","HSV1_KOS","2","Control","CD4"
"SRR22753536","HSV2_StrainG","2","Control","CD4"
"SRR22753536","KSHV","4","Control","CD4"
"SRR22753536","VZV_Ellen","0","Control","CD4"
"SRR22753537","combined_herpes_viruses","1","Control","PBMC"
"SRR22753537","EBV","0","Control","PBMC"
"SRR22753537","HCMV","0","Control","PBMC"
"SRR22753537","HHV6B","0","Control","PBMC"
"SRR22753537","HHV7","0","Control","PBMC"
"SRR22753537","HSV1_KOS","2","Control","PBMC"
"SRR22753537","HSV2_StrainG","0","Control","PBMC"
"SRR22753537","KSHV","1","Control","PBMC"
"SRR22753537","VZV_Ellen","0","Control","PBMC"
"SRR22753538","combined_herpes_viruses","0","Control","PBMC"
"SRR22753538","EBV","0","Control","PBMC"
"SRR22753538","HCMV","0","Control","PBMC"
"SRR22753538","HHV6B","0","Control","PBMC"
"SRR22753538","HHV7","0","Control","PBMC"
"SRR22753538","HSV1_KOS","2","Control","PBMC"
"SRR22753538","HSV2_StrainG","2","Control","PBMC"
"SRR22753538","KSHV","5","Control","PBMC"
"SRR22753538","VZV_Ellen","0","Control","PBMC"
"SRR22753539","combined_herpes_viruses","0","Control","PBMC"
"SRR22753539","EBV","0","Control","PBMC"
"SRR22753539","HCMV","0","Control","PBMC"
"SRR22753539","HHV6B","0","Control","PBMC"
"SRR22753539","HHV7","0","Control","PBMC"
"SRR22753539","HSV1_KOS","1","Control","PBMC"
"SRR22753539","HSV2_StrainG","0","Control","PBMC"
"SRR22753539","KSHV","1","Control","PBMC"
"SRR22753539","VZV_Ellen","0","Control","PBMC"
"SRR22753540","combined_herpes_viruses","2","Control","PBMC"
"SRR22753540","EBV","0","Control","PBMC"
"SRR22753540","HCMV","0","Control","PBMC"
"SRR22753540","HHV6B","0","Control","PBMC"
"SRR22753540","HHV7","0","Control","PBMC"
"SRR22753540","HSV1_KOS","3","Control","PBMC"
"SRR22753540","HSV2_StrainG","4","Control","PBMC"
"SRR22753540","KSHV","3","Control","PBMC"
"SRR22753540","VZV_Ellen","0","Control","PBMC"
"SRR22753541","combined_herpes_viruses","1","Control","CD19"
"SRR22753541","EBV","0","Control","CD19"
"SRR22753541","HCMV","1","Control","CD19"
"SRR22753541","HHV6B","4","Control","CD19"
"SRR22753541","HHV7","0","Control","CD19"
"SRR22753541","HSV1_KOS","2","Control","CD19"
"SRR22753541","HSV2_StrainG","0","Control","CD19"
"SRR22753541","KSHV","6","Control","CD19"
"SRR22753541","VZV_Ellen","0","Control","CD19"
"SRR22753542","combined_herpes_viruses","3","Control","CD19"
"SRR22753542","EBV","0","Control","CD19"
"SRR22753542","HCMV","0","Control","CD19"
"SRR22753542","HHV6B","0","Control","CD19"
"SRR22753542","HHV7","0","Control","CD19"
"SRR22753542","HSV1_KOS","0","Control","CD19"
"SRR22753542","HSV2_StrainG","4","Control","CD19"
"SRR22753542","KSHV","4","Control","CD19"
"SRR22753542","VZV_Ellen","0","Control","CD19"
"SRR22753543","combined_herpes_viruses","3","Control","CD19"
"SRR22753543","EBV","0","Control","CD19"
"SRR22753543","HCMV","0","Control","CD19"
"SRR22753543","HHV6B","2","Control","CD19"
"SRR22753543","HHV7","0","Control","CD19"
"SRR22753543","HSV1_KOS","1","Control","CD19"
"SRR22753543","HSV2_StrainG","3","Control","CD19"
"SRR22753543","KSHV","5","Control","CD19"
"SRR22753543","VZV_Ellen","0","Control","CD19"
"SRR22753544","combined_herpes_viruses","0","Control","CD19"
"SRR22753544","EBV","0","Control","CD19"
"SRR22753544","HCMV","0","Control","CD19"
"SRR22753544","HHV6B","7","Control","CD19"
"SRR22753544","HHV7","0","Control","CD19"
"SRR22753544","HSV1_KOS","1","Control","CD19"
"SRR22753544","HSV2_StrainG","2","Control","CD19"
"SRR22753544","KSHV","2","Control","CD19"
"SRR22753544","VZV_Ellen","0","Control","CD19"
"SRR22753545","combined_herpes_viruses","5","Control","CD14"
"SRR22753545","EBV","0","Control","CD14"
"SRR22753545","HCMV","0","Control","CD14"
"SRR22753545","HHV6B","0","Control","CD14"
"SRR22753545","HHV7","0","Control","CD14"
"SRR22753545","HSV1_KOS","4","Control","CD14"
"SRR22753545","HSV2_StrainG","24","Control","CD14"
"SRR22753545","KSHV","14","Control","CD14"
"SRR22753545","VZV_Ellen","0","Control","CD14"
"SRR22753546","combined_herpes_viruses","7","Control","CD14"
"SRR22753546","EBV","0","Control","CD14"
"SRR22753546","HCMV","0","Control","CD14"
"SRR22753546","HHV6B","0","Control","CD14"
"SRR22753546","HHV7","0","Control","CD14"
"SRR22753546","HSV1_KOS","6","Control","CD14"
"SRR22753546","HSV2_StrainG","23","Control","CD14"
"SRR22753546","KSHV","3","Control","CD14"
"SRR22753546","VZV_Ellen","0","Control","CD14"
"SRR22753547","combined_herpes_viruses","3","Control","CD14"
"SRR22753547","EBV","0","Control","CD14"
"SRR22753547","HCMV","0","Control","CD14"
"SRR22753547","HHV6B","1","Control","CD14"
"SRR22753547","HHV7","0","Control","CD14"
"SRR22753547","HSV1_KOS","7","Control","CD14"
"SRR22753547","HSV2_StrainG","34","Control","CD14"
"SRR22753547","KSHV","8","Control","CD14"
"SRR22753547","VZV_Ellen","0","Control","CD14"
"SRR22753548","combined_herpes_viruses","11","Control","CD14"
"SRR22753548","EBV","2","Control","CD14"
"SRR22753548","HCMV","0","Control","CD14"
"SRR22753548","HHV6B","2","Control","CD14"
"SRR22753548","HHV7","0","Control","CD14"
"SRR22753548","HSV1_KOS","14","Control","CD14"
"SRR22753548","HSV2_StrainG","20","Control","CD14"
"SRR22753548","KSHV","12","Control","CD14"
"SRR22753548","VZV_Ellen","0","Control","CD14"
"SRR22753549","combined_herpes_viruses","1","Control","CD8"
"SRR22753549","EBV","0","Control","CD8"
"SRR22753549","HCMV","0","Control","CD8"
"SRR22753549","HHV6B","0","Control","CD8"
"SRR22753549","HHV7","0","Control","CD8"
"SRR22753549","HSV1_KOS","3","Control","CD8"
"SRR22753549","HSV2_StrainG","4","Control","CD8"
"SRR22753549","KSHV","9","Control","CD8"
"SRR22753549","VZV_Ellen","0","Control","CD8"
"SRR22753550","combined_herpes_viruses","4","Control","CD8"
"SRR22753550","EBV","0","Control","CD8"
"SRR22753550","HCMV","0","Control","CD8"
"SRR22753550","HHV6B","1","Control","CD8"
"SRR22753550","HHV7","0","Control","CD8"
"SRR22753550","HSV1_KOS","1","Control","CD8"
"SRR22753550","HSV2_StrainG","6","Control","CD8"
"SRR22753550","KSHV","5","Control","CD8"
"SRR22753550","VZV_Ellen","0","Control","CD8"
"SRR22753551","combined_herpes_viruses","8","Control","CD8"
"SRR22753551","EBV","0","Control","CD8"
"SRR22753551","HCMV","0","Control","CD8"
"SRR22753551","HHV6B","1","Control","CD8"
"SRR22753551","HHV7","0","Control","CD8"
"SRR22753551","HSV1_KOS","5","Control","CD8"
"SRR22753551","HSV2_StrainG","6","Control","CD8"
"SRR22753551","KSHV","7","Control","CD8"
"SRR22753551","VZV_Ellen","0","Control","CD8"
"SRR22753552","combined_herpes_viruses","1","Control","CD8"
"SRR22753552","EBV","0","Control","CD8"
"SRR22753552","HCMV","0","Control","CD8"
"SRR22753552","HHV6B","0","Control","CD8"
"SRR22753552","HHV7","0","Control","CD8"
"SRR22753552","HSV1_KOS","2","Control","CD8"
"SRR22753552","HSV2_StrainG","6","Control","CD8"
"SRR22753552","KSHV","8","Control","CD8"
"SRR22753552","VZV_Ellen","0","Control","CD8"
"SRR22753553","combined_herpes_viruses","2","Control","CD4"
"SRR22753553","EBV","0","Control","CD4"
"SRR22753553","HCMV","0","Control","CD4"
"SRR22753553","HHV6B","0","Control","CD4"
"SRR22753553","HHV7","0","Control","CD4"
"SRR22753553","HSV1_KOS","3","Control","CD4"
"SRR22753553","HSV2_StrainG","7","Control","CD4"
"SRR22753553","KSHV","4","Control","CD4"
"SRR22753553","VZV_Ellen","0","Control","CD4"
"SRR22753554","combined_herpes_viruses","1","Control","CD4"
"SRR22753554","EBV","0","Control","CD4"
"SRR22753554","HCMV","0","Control","CD4"
"SRR22753554","HHV6B","0","Control","CD4"
"SRR22753554","HHV7","0","Control","CD4"
"SRR22753554","HSV1_KOS","1","Control","CD4"
"SRR22753554","HSV2_StrainG","5","Control","CD4"
"SRR22753554","KSHV","3","Control","CD4"
"SRR22753554","VZV_Ellen","0","Control","CD4"
"SRR22753555","combined_herpes_viruses","0","Control","CD4"
"SRR22753555","EBV","0","Control","CD4"
"SRR22753555","HCMV","0","Control","CD4"
"SRR22753555","HHV6B","0","Control","CD4"
"SRR22753555","HHV7","0","Control","CD4"
"SRR22753555","HSV1_KOS","0","Control","CD4"
"SRR22753555","HSV2_StrainG","2","Control","CD4"
"SRR22753555","KSHV","2","Control","CD4"
"SRR22753555","VZV_Ellen","0","Control","CD4"
"SRR22753556","combined_herpes_viruses","3","Control","CD4"
"SRR22753556","EBV","0","Control","CD4"
"SRR22753556","HCMV","0","Control","CD4"
"SRR22753556","HHV6B","0","Control","CD4"
"SRR22753556","HHV7","0","Control","CD4"
"SRR22753556","HSV1_KOS","5","Control","CD4"
"SRR22753556","HSV2_StrainG","2","Control","CD4"
"SRR22753556","KSHV","4","Control","CD4"
"SRR22753556","VZV_Ellen","0","Control","CD4"
"SRR22753557","combined_herpes_viruses","1","Control","CD4"
"SRR22753557","EBV","0","Control","CD4"
"SRR22753557","HCMV","0","Control","CD4"
"SRR22753557","HHV6B","2","Control","CD4"
"SRR22753557","HHV7","0","Control","CD4"
"SRR22753557","HSV1_KOS","2","Control","CD4"
"SRR22753557","HSV2_StrainG","3","Control","CD4"
"SRR22753557","KSHV","2","Control","CD4"
"SRR22753557","VZV_Ellen","0","Control","CD4"
"SRR22753558","combined_herpes_viruses","3","Control","CD4"
"SRR22753558","EBV","0","Control","CD4"
"SRR22753558","HCMV","0","Control","CD4"
"SRR22753558","HHV6B","2","Control","CD4"
"SRR22753558","HHV7","0","Control","CD4"
"SRR22753558","HSV1_KOS","3","Control","CD4"
"SRR22753558","HSV2_StrainG","7","Control","CD4"
"SRR22753558","KSHV","3","Control","CD4"
"SRR22753558","VZV_Ellen","0","Control","CD4"
"SRR22753559","combined_herpes_viruses","3","Control","CD4"
"SRR22753559","EBV","0","Control","CD4"
"SRR22753559","HCMV","0","Control","CD4"
"SRR22753559","HHV6B","0","Control","CD4"
"SRR22753559","HHV7","0","Control","CD4"
"SRR22753559","HSV1_KOS","5","Control","CD4"
"SRR22753559","HSV2_StrainG","6","Control","CD4"
"SRR22753559","KSHV","5","Control","CD4"
"SRR22753559","VZV_Ellen","0","Control","CD4"
"SRR22753560","combined_herpes_viruses","5","Control","CD4"
"SRR22753560","EBV","0","Control","CD4"
"SRR22753560","HCMV","0","Control","CD4"
"SRR22753560","HHV6B","0","Control","CD4"
"SRR22753560","HHV7","0","Control","CD4"
"SRR22753560","HSV1_KOS","1","Control","CD4"
"SRR22753560","HSV2_StrainG","7","Control","CD4"
"SRR22753560","KSHV","4","Control","CD4"
"SRR22753560","VZV_Ellen","0","Control","CD4"
"SRR22753561","EBV","0","Juvenile Dermatomyositis","CD14"
"SRR22753561","HCMV","0","Juvenile Dermatomyositis","CD14"
"SRR22753561","HHV6B","6","Juvenile Dermatomyositis","CD14"
"SRR22753561","HHV7","0","Juvenile Dermatomyositis","CD14"
"SRR22753561","HSV1_KOS","133","Juvenile Dermatomyositis","CD14"
"SRR22753561","HSV2_StrainG","7","Juvenile Dermatomyositis","CD14"
"SRR22753562","combined_herpes_viruses","157","Juvenile Dermatomyositis","CD8"
"SRR22753562","EBV","0","Juvenile Dermatomyositis","CD8"
"SRR22753562","HCMV","0","Juvenile Dermatomyositis","CD8"
"SRR22753562","HHV6B","4","Juvenile Dermatomyositis","CD8"
"SRR22753562","HHV7","0","Juvenile Dermatomyositis","CD8"
"SRR22753562","HSV1_KOS","200","Juvenile Dermatomyositis","CD8"
"SRR22753562","HSV2_StrainG","3","Juvenile Dermatomyositis","CD8"
"SRR22753562","KSHV","5","Juvenile Dermatomyositis","CD8"
"SRR22753562","VZV_Ellen","0","Juvenile Dermatomyositis","CD8"
"SRR22753563","combined_herpes_viruses","8","Juvenile Dermatomyositis","CD8"
"SRR22753563","EBV","0","Juvenile Dermatomyositis","CD8"
"SRR22753563","HCMV","0","Juvenile Dermatomyositis","CD8"
"SRR22753563","HHV6B","0","Juvenile Dermatomyositis","CD8"
"SRR22753563","HHV7","0","Juvenile Dermatomyositis","CD8"
"SRR22753563","HSV1_KOS","4","Juvenile Dermatomyositis","CD8"
"SRR22753563","HSV2_StrainG","8","Juvenile Dermatomyositis","CD8"
"SRR22753563","KSHV","5","Juvenile Dermatomyositis","CD8"
"SRR22753563","VZV_Ellen","0","Juvenile Dermatomyositis","CD8"
"SRR22753564","combined_herpes_viruses","8","Juvenile Dermatomyositis","CD8"
"SRR22753564","EBV","0","Juvenile Dermatomyositis","CD8"
"SRR22753564","HCMV","0","Juvenile Dermatomyositis","CD8"
"SRR22753564","HHV6B","4","Juvenile Dermatomyositis","CD8"
"SRR22753564","HHV7","0","Juvenile Dermatomyositis","CD8"
"SRR22753564","HSV1_KOS","7","Juvenile Dermatomyositis","CD8"
"SRR22753564","HSV2_StrainG","9","Juvenile Dermatomyositis","CD8"
"SRR22753564","KSHV","6","Juvenile Dermatomyositis","CD8"
"SRR22753564","VZV_Ellen","0","Juvenile Dermatomyositis","CD8"
"SRR22753565","combined_herpes_viruses","6","Juvenile Dermatomyositis","CD8"
"SRR22753565","EBV","0","Juvenile Dermatomyositis","CD8"
"SRR22753565","HCMV","0","Juvenile Dermatomyositis","CD8"
"SRR22753565","HHV6B","0","Juvenile Dermatomyositis","CD8"
"SRR22753565","HHV7","0","Juvenile Dermatomyositis","CD8"
"SRR22753565","HSV1_KOS","6","Juvenile Dermatomyositis","CD8"
"SRR22753565","HSV2_StrainG","5","Juvenile Dermatomyositis","CD8"
"SRR22753565","KSHV","10","Juvenile Dermatomyositis","CD8"
"SRR22753565","VZV_Ellen","0","Juvenile Dermatomyositis","CD8"
"SRR22753566","combined_herpes_viruses","15","Juvenile Dermatomyositis","CD4"
"SRR22753566","EBV","0","Juvenile Dermatomyositis","CD4"
"SRR22753566","HCMV","0","Juvenile Dermatomyositis","CD4"
"SRR22753566","HHV6B","2","Juvenile Dermatomyositis","CD4"
"SRR22753566","HHV7","0","Juvenile Dermatomyositis","CD4"
"SRR22753566","HSV1_KOS","11","Juvenile Dermatomyositis","CD4"
"SRR22753566","HSV2_StrainG","24","Juvenile Dermatomyositis","CD4"
"SRR22753566","KSHV","18","Juvenile Dermatomyositis","CD4"
"SRR22753566","VZV_Ellen","0","Juvenile Dermatomyositis","CD4"
"SRR22753567","combined_herpes_viruses","19","Juvenile Dermatomyositis","CD4"
"SRR22753567","EBV","0","Juvenile Dermatomyositis","CD4"
"SRR22753567","HCMV","0","Juvenile Dermatomyositis","CD4"
"SRR22753567","HHV6B","0","Juvenile Dermatomyositis","CD4"
"SRR22753567","HHV7","0","Juvenile Dermatomyositis","CD4"
"SRR22753567","HSV1_KOS","17","Juvenile Dermatomyositis","CD4"
"SRR22753567","HSV2_StrainG","12","Juvenile Dermatomyositis","CD4"
"SRR22753567","KSHV","14","Juvenile Dermatomyositis","CD4"
"SRR22753567","VZV_Ellen","0","Juvenile Dermatomyositis","CD4"
"SRR22753568","combined_herpes_viruses","17","Juvenile Dermatomyositis","CD4"
"SRR22753568","EBV","0","Juvenile Dermatomyositis","CD4"
"SRR22753568","HCMV","0","Juvenile Dermatomyositis","CD4"
"SRR22753568","HHV6B","0","Juvenile Dermatomyositis","CD4"
"SRR22753568","HHV7","0","Juvenile Dermatomyositis","CD4"
"SRR22753568","HSV1_KOS","22","Juvenile Dermatomyositis","CD4"
"SRR22753568","HSV2_StrainG","10","Juvenile Dermatomyositis","CD4"
"SRR22753568","KSHV","12","Juvenile Dermatomyositis","CD4"
"SRR22753568","VZV_Ellen","0","Juvenile Dermatomyositis","CD4"
"SRR22753569","combined_herpes_viruses","14","Juvenile Dermatomyositis","CD4"
"SRR22753569","EBV","0","Juvenile Dermatomyositis","CD4"
"SRR22753569","HCMV","0","Juvenile Dermatomyositis","CD4"
"SRR22753569","HHV6B","0","Juvenile Dermatomyositis","CD4"
"SRR22753569","HHV7","0","Juvenile Dermatomyositis","CD4"
"SRR22753569","HSV1_KOS","17","Juvenile Dermatomyositis","CD4"
"SRR22753569","HSV2_StrainG","4","Juvenile Dermatomyositis","CD4"
"SRR22753569","KSHV","9","Juvenile Dermatomyositis","CD4"
"SRR22753569","VZV_Ellen","0","Juvenile Dermatomyositis","CD4"
"SRR22753570","combined_herpes_viruses","67","Juvenile Dermatomyositis","CD19"
"SRR22753570","EBV","0","Juvenile Dermatomyositis","CD19"
"SRR22753570","HCMV","0","Juvenile Dermatomyositis","CD19"
"SRR22753570","HHV6B","13","Juvenile Dermatomyositis","CD19"
"SRR22753570","HHV7","0","Juvenile Dermatomyositis","CD19"
"SRR22753570","HSV1_KOS","90","Juvenile Dermatomyositis","CD19"
"SRR22753570","HSV2_StrainG","2","Juvenile Dermatomyositis","CD19"
"SRR22753570","KSHV","9","Juvenile Dermatomyositis","CD19"
"SRR22753570","VZV_Ellen","1","Juvenile Dermatomyositis","CD19"
"SRR22753571","combined_herpes_viruses","95","Juvenile Dermatomyositis","CD14"
"SRR22753571","EBV","0","Juvenile Dermatomyositis","CD14"
"SRR22753571","HCMV","0","Juvenile Dermatomyositis","CD14"
"SRR22753571","HHV6B","13","Juvenile Dermatomyositis","CD14"
"SRR22753571","HHV7","0","Juvenile Dermatomyositis","CD14"
"SRR22753571","HSV1_KOS","123","Juvenile Dermatomyositis","CD14"
"SRR22753571","HSV2_StrainG","8","Juvenile Dermatomyositis","CD14"
"SRR22753571","KSHV","9","Juvenile Dermatomyositis","CD14"
"SRR22753571","VZV_Ellen","0","Juvenile Dermatomyositis","CD14"
"SRR22753572","combined_herpes_viruses","55","Juvenile Dermatomyositis","CD4"
"SRR22753572","EBV","1","Juvenile Dermatomyositis","CD4"
"SRR22753572","HCMV","1","Juvenile Dermatomyositis","CD4"
"SRR22753572","HHV6B","9","Juvenile Dermatomyositis","CD4"
"SRR22753572","HHV7","2","Juvenile Dermatomyositis","CD4"
"SRR22753572","HSV1_KOS","64","Juvenile Dermatomyositis","CD4"
"SRR22753572","HSV2_StrainG","2","Juvenile Dermatomyositis","CD4"
"SRR22753572","KSHV","5","Juvenile Dermatomyositis","CD4"
"SRR22753572","VZV_Ellen","0","Juvenile Dermatomyositis","CD4"
"SRR22753573","combined_herpes_viruses","116","Juvenile Dermatomyositis","CD19"
"SRR22753573","EBV","5","Juvenile Dermatomyositis","CD19"
"SRR22753573","HCMV","0","Juvenile Dermatomyositis","CD19"
"SRR22753573","HHV6B","15","Juvenile Dermatomyositis","CD19"
"SRR22753573","HHV7","0","Juvenile Dermatomyositis","CD19"
"SRR22753573","HSV1_KOS","145","Juvenile Dermatomyositis","CD19"
"SRR22753573","HSV2_StrainG","9","Juvenile Dermatomyositis","CD19"
"SRR22753573","KSHV","16","Juvenile Dermatomyositis","CD19"
"SRR22753573","VZV_Ellen","1","Juvenile Dermatomyositis","CD19"
"SRR22753574","combined_herpes_viruses","44","Juvenile Dermatomyositis","CD14"
"SRR22753574","EBV","0","Juvenile Dermatomyositis","CD14"
"SRR22753574","HCMV","0","Juvenile Dermatomyositis","CD14"
"SRR22753574","HHV6B","7","Juvenile Dermatomyositis","CD14"
"SRR22753574","HHV7","0","Juvenile Dermatomyositis","CD14"
"SRR22753574","HSV1_KOS","61","Juvenile Dermatomyositis","CD14"
"SRR22753574","HSV2_StrainG","5","Juvenile Dermatomyositis","CD14"
"SRR22753574","KSHV","5","Juvenile Dermatomyositis","CD14"
"SRR22753574","VZV_Ellen","0","Juvenile Dermatomyositis","CD14"
"SRR22753575","combined_herpes_viruses","135","Juvenile Dermatomyositis","CD8"
"SRR22753575","EBV","0","Juvenile Dermatomyositis","CD8"
"SRR22753575","HCMV","0","Juvenile Dermatomyositis","CD8"
"SRR22753575","HHV6B","0","Juvenile Dermatomyositis","CD8"
"SRR22753575","HHV7","0","Juvenile Dermatomyositis","CD8"
"SRR22753575","HSV1_KOS","204","Juvenile Dermatomyositis","CD8"
"SRR22753575","HSV2_StrainG","4","Juvenile Dermatomyositis","CD8"
"SRR22753575","KSHV","6","Juvenile Dermatomyositis","CD8"
"SRR22753575","VZV_Ellen","0","Juvenile Dermatomyositis","CD8"
"SRR22753576","combined_herpes_viruses","76","Juvenile Dermatomyositis","CD8"
"SRR22753576","EBV","0","Juvenile Dermatomyositis","CD8"
"SRR22753576","HCMV","1","Juvenile Dermatomyositis","CD8"
"SRR22753576","HHV6B","2","Juvenile Dermatomyositis","CD8"
"SRR22753576","HHV7","0","Juvenile Dermatomyositis","CD8"
"SRR22753576","HSV1_KOS","114","Juvenile Dermatomyositis","CD8"
"SRR22753576","HSV2_StrainG","3","Juvenile Dermatomyositis","CD8"
"SRR22753576","KSHV","4","Juvenile Dermatomyositis","CD8"
"SRR22753576","VZV_Ellen","0","Juvenile Dermatomyositis","CD8"
"SRR22753577","combined_herpes_viruses","24","Juvenile Dermatomyositis","CD4"
"SRR22753577","EBV","0","Juvenile Dermatomyositis","CD4"
"SRR22753577","HCMV","2","Juvenile Dermatomyositis","CD4"
"SRR22753577","HHV6B","2","Juvenile Dermatomyositis","CD4"
"SRR22753577","HHV7","0","Juvenile Dermatomyositis","CD4"
"SRR22753577","HSV1_KOS","34","Juvenile Dermatomyositis","CD4"
"SRR22753577","HSV2_StrainG","3","Juvenile Dermatomyositis","CD4"
"SRR22753577","KSHV","2","Juvenile Dermatomyositis","CD4"
"SRR22753577","VZV_Ellen","0","Juvenile Dermatomyositis","CD4"
"SRR22753578","combined_herpes_viruses","662","Juvenile Dermatomyositis","CD4"
"SRR22753578","EBV","16","Juvenile Dermatomyositis","CD4"
"SRR22753578","HCMV","20","Juvenile Dermatomyositis","CD4"
"SRR22753578","HHV6B","0","Juvenile Dermatomyositis","CD4"
"SRR22753578","HHV7","2","Juvenile Dermatomyositis","CD4"
"SRR22753578","HSV1_KOS","823","Juvenile Dermatomyositis","CD4"
"SRR22753578","HSV2_StrainG","8","Juvenile Dermatomyositis","CD4"
"SRR22753578","KSHV","1","Juvenile Dermatomyositis","CD4"
"SRR22753578","VZV_Ellen","0","Juvenile Dermatomyositis","CD4"
"SRR22753579","combined_herpes_viruses","3","Juvenile Dermatomyositis","PBMC"
"SRR22753579","EBV","0","Juvenile Dermatomyositis","PBMC"
"SRR22753579","HCMV","1","Juvenile Dermatomyositis","PBMC"
"SRR22753579","HHV6B","2","Juvenile Dermatomyositis","PBMC"
"SRR22753579","HHV7","0","Juvenile Dermatomyositis","PBMC"
"SRR22753579","HSV1_KOS","1","Juvenile Dermatomyositis","PBMC"
"SRR22753579","HSV2_StrainG","2","Juvenile Dermatomyositis","PBMC"
"SRR22753579","KSHV","5","Juvenile Dermatomyositis","PBMC"
"SRR22753579","VZV_Ellen","0","Juvenile Dermatomyositis","PBMC"
"SRR22753580","combined_herpes_viruses","83","Juvenile Dermatomyositis","CD19"
"SRR22753580","EBV","0","Juvenile Dermatomyositis","CD19"
"SRR22753580","HCMV","0","Juvenile Dermatomyositis","CD19"
"SRR22753580","HHV6B","0","Juvenile Dermatomyositis","CD19"
"SRR22753580","HHV7","0","Juvenile Dermatomyositis","CD19"
"SRR22753580","HSV1_KOS","121","Juvenile Dermatomyositis","CD19"
"SRR22753580","HSV2_StrainG","8","Juvenile Dermatomyositis","CD19"
"SRR22753580","KSHV","2","Juvenile Dermatomyositis","CD19"
"SRR22753580","VZV_Ellen","0","Juvenile Dermatomyositis","CD19"
"SRR22753581","combined_herpes_viruses","72","Juvenile Dermatomyositis","CD14"
"SRR22753581","EBV","0","Juvenile Dermatomyositis","CD14"
"SRR22753581","HCMV","0","Juvenile Dermatomyositis","CD14"
"SRR22753581","HHV6B","10","Juvenile Dermatomyositis","CD14"
"SRR22753581","HHV7","0","Juvenile Dermatomyositis","CD14"
"SRR22753581","HSV1_KOS","112","Juvenile Dermatomyositis","CD14"
"SRR22753581","HSV2_StrainG","9","Juvenile Dermatomyositis","CD14"
"SRR22753581","KSHV","4","Juvenile Dermatomyositis","CD14"
"SRR22753581","VZV_Ellen","0","Juvenile Dermatomyositis","CD14"
"SRR22753582","combined_herpes_viruses","113","Juvenile Dermatomyositis","CD8"
"SRR22753582","EBV","0","Juvenile Dermatomyositis","CD8"
"SRR22753582","HCMV","4","Juvenile Dermatomyositis","CD8"
"SRR22753582","HHV6B","7","Juvenile Dermatomyositis","CD8"
"SRR22753582","HHV7","1","Juvenile Dermatomyositis","CD8"
"SRR22753582","HSV1_KOS","166","Juvenile Dermatomyositis","CD8"
"SRR22753582","HSV2_StrainG","5","Juvenile Dermatomyositis","CD8"
"SRR22753582","KSHV","4","Juvenile Dermatomyositis","CD8"
"SRR22753582","VZV_Ellen","0","Juvenile Dermatomyositis","CD8"
"SRR22753583","combined_herpes_viruses","9","Juvenile Dermatomyositis","PBMC"
"SRR22753583","EBV","0","Juvenile Dermatomyositis","PBMC"
"SRR22753583","HCMV","3","Juvenile Dermatomyositis","PBMC"
"SRR22753583","HHV6B","10","Juvenile Dermatomyositis","PBMC"
"SRR22753583","HHV7","0","Juvenile Dermatomyositis","PBMC"
"SRR22753583","HSV1_KOS","4","Juvenile Dermatomyositis","PBMC"
"SRR22753583","HSV2_StrainG","7","Juvenile Dermatomyositis","PBMC"
"SRR22753583","KSHV","5","Juvenile Dermatomyositis","PBMC"
"SRR22753583","VZV_Ellen","0","Juvenile Dermatomyositis","PBMC"
"SRR22753584","combined_herpes_viruses","78","Juvenile Dermatomyositis","CD4"
"SRR22753584","EBV","0","Juvenile Dermatomyositis","CD4"
"SRR22753584","HCMV","0","Juvenile Dermatomyositis","CD4"
"SRR22753584","HHV6B","8","Juvenile Dermatomyositis","CD4"
"SRR22753584","HHV7","0","Juvenile Dermatomyositis","CD4"
"SRR22753584","HSV1_KOS","136","Juvenile Dermatomyositis","CD4"
"SRR22753584","HSV2_StrainG","9","Juvenile Dermatomyositis","CD4"
"SRR22753584","KSHV","2","Juvenile Dermatomyositis","CD4"
"SRR22753584","VZV_Ellen","0","Juvenile Dermatomyositis","CD4"
"SRR22753585","combined_herpes_viruses","120","Juvenile Dermatomyositis","CD19"
"SRR22753585","EBV","0","Juvenile Dermatomyositis","CD19"
"SRR22753585","HCMV","0","Juvenile Dermatomyositis","CD19"
"SRR22753585","HHV6B","1","Juvenile Dermatomyositis","CD19"
"SRR22753585","HHV7","0","Juvenile Dermatomyositis","CD19"
"SRR22753585","HSV1_KOS","186","Juvenile Dermatomyositis","CD19"
"SRR22753585","HSV2_StrainG","2","Juvenile Dermatomyositis","CD19"
"SRR22753585","KSHV","6","Juvenile Dermatomyositis","CD19"
"SRR22753585","VZV_Ellen","0","Juvenile Dermatomyositis","CD19"
"SRR22753586","combined_herpes_viruses","41","Juvenile Dermatomyositis","CD14"
"SRR22753586","EBV","0","Juvenile Dermatomyositis","CD14"
"SRR22753586","HCMV","0","Juvenile Dermatomyositis","CD14"
"SRR22753586","HHV6B","4","Juvenile Dermatomyositis","CD14"
"SRR22753586","HHV7","0","Juvenile Dermatomyositis","CD14"
"SRR22753586","HSV1_KOS","62","Juvenile Dermatomyositis","CD14"
"SRR22753586","HSV2_StrainG","4","Juvenile Dermatomyositis","CD14"
"SRR22753586","KSHV","6","Juvenile Dermatomyositis","CD14"
"SRR22753586","VZV_Ellen","0","Juvenile Dermatomyositis","CD14"
"SRR22753587","combined_herpes_viruses","37","Juvenile Dermatomyositis","CD8"
"SRR22753587","EBV","2","Juvenile Dermatomyositis","CD8"
"SRR22753587","HCMV","0","Juvenile Dermatomyositis","CD8"
"SRR22753587","HHV6B","1","Juvenile Dermatomyositis","CD8"
"SRR22753587","HHV7","0","Juvenile Dermatomyositis","CD8"
"SRR22753587","HSV1_KOS","60","Juvenile Dermatomyositis","CD8"
"SRR22753587","HSV2_StrainG","6","Juvenile Dermatomyositis","CD8"
"SRR22753587","KSHV","3","Juvenile Dermatomyositis","CD8"
"SRR22753587","VZV_Ellen","0","Juvenile Dermatomyositis","CD8"
